{"type":"FeatureCollection","features":[{"type":"Feature","properties":{"name":"汀江","tier":1},"geometry":{"type":"LineString","coordinates":[[116.596704,24.6610095],[116.5985103,24.6579076],[116.5991458,24.6556815]]}},{"type":"Feature","properties":{"name":"闽江","tier":1},"geometry":{"type":"LineString","coordinates":[[118.8115068,26.3018447],[118.8202879,26.2969103],[118.8257973,26.2960884],[118.8340161,26.2941159],[118.8429472,26.2939862],[118.8518736,26.2964486],[118.8557525,26.2968539],[118.8592481,26.2963515],[118.8643089,26.2930825],[118.8665048,26.2902412],[118.8693831,26.284444],[118.871443,26.2619706],[118.8726661,26.2448239],[118.8732719,26.2357071],[118.8748812,26.2297981],[118.8812277,26.2134685],[118.8898108,26.205922],[118.8971922,26.2054599],[118.9035437,26.2080782],[118.9117834,26.2242485],[118.9184782,26.2270203],[118.9264598,26.2254486],[118.9395926,26.2228626],[118.9532318,26.2170536],[118.9651274,26.2072452],[118.9704916,26.1974507],[118.9766714,26.1936],[118.9861128,26.1931379],[118.9950392,26.1969886],[119.0065405,26.2083862],[119.0135786,26.2122365],[119.0279982,26.2148546]]}},{"type":"Feature","properties":{"name":"闽江","tier":1},"geometry":{"type":"LineString","coordinates":[[119.0279982,26.2148546],[119.0425894,26.2125445],[119.0628455,26.2045358],[119.0663838,26.2011458],[119.0729735,26.1948322],[119.0758917,26.1795821],[119.0804206,26.1733956],[119.0916774,26.1629502],[119.0944896,26.1583156],[119.099066,26.1547772],[119.1184672,26.1429166],[119.1339133,26.1378267],[119.1388403,26.1352646],[119.1431311,26.1327798],[119.1477699,26.1259823],[119.1502211,26.1213361],[119.1537697,26.118261],[119.164984,26.1085427],[119.1713354,26.1071554],[119.1814635,26.1097759],[119.2001746,26.107772],[119.2115042,26.1049973],[119.2145154,26.1035366]]}},{"type":"Feature","properties":{"name":"闽江","tier":1},"geometry":{"type":"LineString","coordinates":[[118.1795384,26.6384347],[118.1831161,26.6379935],[118.1963925,26.6343691],[118.1999285,26.6322345],[118.2059581,26.627984],[118.2108379,26.62455],[118.2143233,26.6230168],[118.2191006,26.6223394],[118.2229009,26.622437],[118.2294499,26.61944],[118.2388708,26.6115066],[118.2431624,26.6032186],[118.2612766,26.5834643],[118.2681426,26.5800331],[118.2908842,26.5700605],[118.310282,26.5629978],[118.3307097,26.5490247],[118.3423827,26.5290602],[118.3583472,26.5276779],[118.363965,26.5257379],[118.3779166,26.5209198],[118.3885596,26.5077096],[118.3952544,26.5046373],[118.4019492,26.4980314],[118.4103328,26.4939048],[118.4156821,26.4912716],[118.4285567,26.4739093],[118.4282133,26.4522411],[118.4218619,26.4434804],[118.4112189,26.439023],[118.4064124,26.4294928],[118.4058974,26.4168871],[118.4108755,26.4125824],[118.4237502,26.4082775],[118.446754,26.4050641],[118.4611723,26.40305],[118.4797118,26.3958232],[118.4905264,26.3998211],[118.5083792,26.4131973],[118.518662,26.4130284],[118.5270903,26.4128899],[118.537905,26.4213454],[118.5447714,26.4214991],[118.5607359,26.4162721],[118.5935233,26.4155034],[118.6053679,26.4173483],[118.6197874,26.428263],[118.6249373,26.429954],[118.633177,26.4258035],[118.6409018,26.4199618],[118.654463,26.4176558],[118.6587501,26.4187879],[118.6678526,26.4211916],[118.6740324,26.4195006],[118.6815855,26.4144273],[118.6931264,26.4124957]]}},{"type":"Feature","properties":{"name":"建溪","tier":2},"geometry":{"type":"LineString","coordinates":[[118.2411024,26.7447997],[118.2411024,26.7408139],[118.2452223,26.7306955],[118.2450507,26.7253293],[118.237763,26.7207235],[118.233721,26.7198095],[118.2301161,26.7147495],[118.2301161,26.7104559],[118.2283995,26.7032486],[118.2259962,26.6971143],[118.2217846,26.6939768],[118.2180308,26.6914119],[118.2155172,26.6888139],[118.2100317,26.6831576],[118.2067702,26.6788628],[118.202307,26.6754883],[118.1957838,26.6713467],[118.1839392,26.6785561],[118.1820509,26.6886791],[118.1750042,26.6889316],[118.1702063,26.6899061],[118.164469,26.6909393],[118.1589739,26.6835269],[118.1574772,26.6779239],[118.1660476,26.6636244],[118.1685389,26.6601942],[118.1708554,26.6561595],[118.1747613,26.653432],[118.1780456,26.6506568],[118.179985,26.647259],[118.1797651,26.6432477],[118.1794301,26.6386237],[118.1795384,26.6384347]]}},{"type":"Feature","properties":{"name":"沙溪","tier":2},"geometry":{"type":"LineString","coordinates":[[118.0888602,26.584127],[118.0912471,26.5808707],[118.0940473,26.5771383],[118.0974219,26.5745128],[118.1016705,26.5734765],[118.1054206,26.57312],[118.1090705,26.5746746],[118.1120826,26.5777784],[118.115618,26.5814213],[118.1229994,26.5847986],[118.1283209,26.5890969],[118.1307185,26.5950414],[118.148062,26.6032186],[118.1528685,26.6058278],[118.1655714,26.6196406],[118.1695137,26.6240372],[118.1723888,26.6288206],[118.1742467,26.6323239],[118.1770802,26.637083],[118.1795384,26.6384347]]}},{"type":"Feature","properties":{"name":"金溪","tier":2},"geometry":{"type":"LineString","coordinates":[[117.1975251,26.9148664],[117.1922137,26.9135782],[117.188637,26.9120497],[117.1873207,26.9054478],[117.1864447,26.9004037],[117.1802126,26.9001503],[117.1765283,26.9017876],[117.173396,26.8992234],[117.1700799,26.8975418],[117.1667262,26.893448],[117.1638722,26.890905],[117.1580357,26.8910581],[117.1533794,26.8882258],[117.1492809,26.8886085],[117.1478433,26.8835751],[117.1418247,26.8808798],[117.137727,26.8816834],[117.1340299,26.8841478],[117.1297827,26.8838507],[117.1271366,26.8808],[117.1253541,26.8757253],[117.1216553,26.8720314],[117.1061939,26.8731441],[117.1027607,26.8774984],[117.0988017,26.8785607],[117.095787,26.8741202],[117.0955938,26.8686939],[117.0926171,26.8615889],[117.0850796,26.8590558],[117.0785177,26.8609251],[117.0760624,26.8655143],[117.0728916,26.8622718],[117.0689434,26.8611998],[117.0674586,26.8664773],[117.0609827,26.866215],[117.0620727,26.8611559],[117.0595407,26.8541016],[117.0537192,26.8496706],[117.0354416,26.8487989]]}},{"type":"Feature","properties":{"name":"西溪","tier":2},"geometry":{"type":"LineString","coordinates":[[117.0942989,27.1796415],[117.0939539,27.1841254],[117.0935472,27.1883789],[117.0925119,27.1918211],[117.094644,27.1960743],[117.0970103,27.1992312],[117.0966529,27.2047008],[117.1003595,27.2036786],[117.1044365,27.2040889],[117.110112,27.2061118],[117.1129873,27.2103102],[117.1164206,27.2121899],[117.1197929,27.2106145],[117.124081,27.2090221],[117.1280614,27.211646],[117.1311835,27.2138691],[117.1341446,27.2159205],[117.1354213,27.220357],[117.1391228,27.2231619],[117.1432105,27.2261575],[117.1449807,27.2300498],[117.1485213,27.2315094],[117.1511713,27.2290768],[117.1533492,27.225547],[117.1560744,27.2232573],[117.1587995,27.2200326],[117.1625224,27.2202711],[117.1627,27.2243203],[117.1641247,27.2281879],[117.1651547,27.2322709],[117.1692745,27.2315077],[117.1687188,27.235129],[117.1720211,27.2336828],[117.1743836,27.2362737],[117.1777289,27.2349801],[117.1791451,27.238338],[117.1751969,27.2403221],[117.1765272,27.244481],[117.1811192,27.2468847],[117.1812908,27.2515012],[117.1851532,27.2518064],[117.1884148,27.2502422],[117.1897452,27.2545151],[117.1873011,27.25722],[117.1857969,27.2610769],[117.1851532,27.2651206],[117.1881573,27.2676383],[117.1871724,27.2749965],[117.189876,27.2778954],[117.1912901,27.2876252],[117.1902172,27.2924688],[117.1852412,27.2912446],[117.1817629,27.2920112],[117.1891894,27.2967745],[117.1839537,27.297194],[117.1776859,27.2989521],[117.1754973,27.3034139],[117.178158,27.3073416],[117.1820225,27.3063845],[117.1866123,27.3072272],[117.1824925,27.3075323],[117.178673,27.3088669],[117.1811213,27.3114942],[117.1855845,27.3119518],[117.187344,27.3151548],[117.1911184,27.3143578],[117.1948092,27.3155017],[117.1901765,27.3172138],[117.1876852,27.3209923],[117.1917622,27.3258345],[117.1934359,27.3329639],[117.1967833,27.3307527],[117.197,27.3346756],[117.2051968,27.3384498],[117.2104754,27.3405846],[117.2166552,27.3434056],[117.2219317,27.3402453],[117.2221033,27.3444386],[117.2244208,27.3484412],[117.2247212,27.351948],[117.2272103,27.3551498],[117.2226634,27.3565182],[117.2228758,27.3631159],[117.2205155,27.3659743],[117.2211613,27.3694768],[117.2220175,27.3762643],[117.226397,27.3755364],[117.2231354,27.3791567],[117.2246375,27.38674],[117.219228,27.3927262],[117.2181551,27.3984415],[117.2152369,27.4015658],[117.2176401,27.4047662],[117.2242491,27.4057187],[117.2279398,27.4079665],[117.2282402,27.412081],[117.225837,27.4186716],[117.2261803,27.4222524],[117.2273841,27.4280767],[117.223305,27.4299469],[117.2254936,27.4327656],[117.2281973,27.4354318],[117.2301285,27.4384027],[117.2244229,27.4407603],[117.2212021,27.4470483],[117.2171981,27.449633],[117.215666,27.4526066]]}},{"type":"Feature","properties":{"name":"西溪","tier":2},"geometry":{"type":"LineString","coordinates":[[118.1632168,25.0701212],[118.1674976,25.0702864],[118.1734964,25.0692119],[118.1753847,25.0657911],[118.1760317,25.0597154],[118.1776377,25.0551587],[118.1804057,25.0529426],[118.1854087,25.0539228],[118.1880876,25.0617482],[118.1920358,25.0681235],[118.195469,25.0696784],[118.1990739,25.0690564],[118.2001039,25.0573941],[118.2019345,25.0541961],[118.2073633,25.0531236],[118.209749,25.0566361],[118.2107787,25.0624471],[118.2135078,25.0663448],[118.2174417,25.0687455],[118.2211306,25.0695453],[118.2260248,25.0637697],[118.2298013,25.0619037],[118.229973,25.0541284],[118.2370468,25.0556224],[118.245792,25.0541678],[118.2514174,25.0525119],[118.2556586,25.046832],[118.2564338,25.0419836],[118.2586619,25.0391987],[118.2631036,25.0367102],[118.2608963,25.0305551],[118.2617303,25.025978],[118.2672235,25.0216227],[118.2713434,25.0177338],[118.2738325,25.0146615],[118.2756136,25.0117801]]}},{"type":"Feature","properties":{"name":"蓝溪","tier":3},"geometry":{"type":"LineString","coordinates":[[118.0770868,24.9741725],[118.0790548,24.9771753],[118.0773016,24.9807642],[118.0779791,24.9866707],[118.080705,24.99077],[118.0840175,24.9922546],[118.0860466,24.9963205],[118.0819762,25.0031225],[118.0822451,25.007476],[118.0836386,25.012627],[118.0845676,25.0164817],[118.084922,25.0209012],[118.0857678,25.0247134],[118.086979,25.0331329],[118.0891228,25.0365385],[118.0918586,25.0394449],[118.0920752,25.0442824],[118.0959376,25.045682],[118.0997786,25.0438353],[118.1043168,25.0427757],[118.1085742,25.0450535],[118.1096813,25.0490938],[118.1134021,25.0507396],[118.117919,25.0531209],[118.1221267,25.0569568],[118.1257296,25.0570767],[118.131144,25.0591003],[118.1353875,25.0583077],[118.1375118,25.0553725],[118.141959,25.0522235],[118.1457388,25.049583],[118.1499144,25.0477718],[118.1495154,25.0516338],[118.1491473,25.0556689],[118.1536451,25.062727],[118.1581756,25.0666269],[118.1632168,25.0701212]]}},{"type":"Feature","properties":{"name":"西溪","tier":2},"geometry":{"type":"LineString","coordinates":[[117.9782377,25.3233457],[117.9767133,25.3194481],[117.9749566,25.3162985],[117.9751018,25.3113114],[117.976118,25.307794],[117.9790216,25.3054841],[117.9814752,25.3087127],[117.9855983,25.3114951],[117.9911441,25.3102877],[117.9934235,25.3075053],[117.9978097,25.3055018],[118.0011358,25.3091769],[118.0041745,25.3115341],[118.0058573,25.3088568]]}},{"type":"Feature","properties":{"name":"九龙江","tier":1},"geometry":{"type":"LineString","coordinates":[[117.3687773,25.2847758],[117.3794926,25.2839021],[117.3835641,25.2839264],[117.3869974,25.2820638],[117.3974902,25.2800848],[117.4020177,25.2803758],[117.4086267,25.2871859],[117.4120653,25.290455],[117.417891,25.2912504],[117.4237579,25.2895646],[117.4278528,25.2865651],[117.431801,25.2826847],[117.4321228,25.2780862],[117.4341232,25.2749237],[117.438925,25.2751952],[117.4448473,25.2783385],[117.4491388,25.2789594],[117.4562842,25.275428],[117.4595135,25.2734488],[117.4609405,25.2676179],[117.46741,25.2665894],[117.4738365,25.2665409],[117.4772805,25.265561],[117.4808532,25.2640377],[117.4856598,25.2650467],[117.4928266,25.2646975],[117.4971718,25.2660558],[117.5008089,25.2690247],[117.5029376,25.2720854],[117.5064952,25.2750787],[117.5159151,25.2791146],[117.5202281,25.2822384],[117.5219018,25.2797549]]}},{"type":"Feature","properties":{"name":"九龙江","tier":1},"geometry":{"type":"LineString","coordinates":[[117.5221378,25.2787848],[117.5248021,25.2745132],[117.5242602,25.269741],[117.5251848,25.2660752],[117.52423,25.2575921],[117.5238765,25.2496547],[117.5235969,25.2451289],[117.5244981,25.2413896],[117.5243608,25.2373329],[117.525071,25.233549],[117.5296562,25.2302638],[117.5321383,25.2261159],[117.5332896,25.2211096],[117.5362215,25.2171166],[117.5376455,25.213284],[117.533981,25.2110144],[117.53147,25.2084535],[117.5274164,25.2024103],[117.5267297,25.1988379],[117.5263445,25.1936822],[117.5248415,25.1873433],[117.5242653,25.1809511],[117.5261389,25.1758314],[117.5262148,25.17041],[117.5233367,25.1639627],[117.521274,25.1603789],[117.5185558,25.1549168],[117.5140268,25.1432187],[117.5150019,25.136475]]}},{"type":"Feature","properties":{"name":"永富溪","tier":3},"geometry":{"type":"LineString","coordinates":[[117.407788,25.1376118],[117.4115968,25.1372136],[117.4112213,25.133649],[117.4148154,25.1331439],[117.4166822,25.1292489],[117.417562,25.1253343],[117.4183452,25.120526],[117.4206216,25.1165521],[117.4241031,25.1158393],[117.4278295,25.117126],[117.4324805,25.1166525],[117.4341082,25.1206544],[117.4340845,25.1246227],[117.435553,25.1288748],[117.4379554,25.1324231],[117.441502,25.132621],[117.4416924,25.1289691],[117.4455724,25.1293734],[117.4485682,25.1317751],[117.4521573,25.1327968],[117.455047,25.1363878],[117.4583573,25.1336911],[117.4619993,25.134772],[117.4624845,25.1395906],[117.4615709,25.1436138],[117.4674326,25.1460872],[117.4702409,25.1427749],[117.4741121,25.1424629],[117.4782885,25.1415096],[117.4844858,25.1415558],[117.4920815,25.1433012],[117.4970993,25.1417944],[117.4974917,25.1369697],[117.5004423,25.1346834],[117.5017405,25.1304873],[117.5050229,25.1338679],[117.5092598,25.1345752],[117.5150019,25.136475]]}},{"type":"Feature","properties":{"name":"九龙江","tier":1},"geometry":{"type":"LineString","coordinates":[[117.5150019,25.136475],[117.5175575,25.1339293],[117.5226843,25.124303],[117.5252616,25.1217757],[117.5300182,25.1196842],[117.5380977,25.1185131],[117.5421891,25.1162773],[117.5465993,25.1152245],[117.5494845,25.1139988]]}},{"type":"Feature","properties":{"name":"万安溪","tier":3},"geometry":{"type":"LineString","coordinates":[[116.8815064,25.5227405],[116.8795806,25.5187999],[116.8785721,25.5151933],[116.8766463,25.5122691],[116.8769628,25.5083476],[116.8753052,25.5046728],[116.8779015,25.50216],[116.8789637,25.4985528],[116.8795752,25.4946018],[116.8782985,25.4912316],[116.8793392,25.4862247],[116.8796074,25.482312],[116.8810826,25.478496],[116.8842316,25.4759438],[116.8866187,25.4785589],[116.886211,25.4749172],[116.8849665,25.4713479],[116.8834537,25.4678512],[116.8813348,25.470912],[116.8803906,25.4672604],[116.876893,25.4677253],[116.8757075,25.4642527],[116.8797362,25.4647516],[116.8757772,25.4621798],[116.8739319,25.4589783],[116.8693292,25.4577286],[116.8661427,25.4559462],[116.8696833,25.4534953],[116.8726015,25.4513447],[116.869812,25.4489809],[116.874243,25.4449604],[116.8771076,25.4428483],[116.8788618,25.439593],[116.8780464,25.4361002],[116.8765873,25.4328399],[116.8753266,25.429502],[116.8767375,25.4260186],[116.8795806,25.4234508],[116.881308,25.4201514],[116.8853474,25.419599],[116.8891346,25.4190855],[116.8924552,25.4206843],[116.8941396,25.417598],[116.8971223,25.4139059],[116.9011402,25.413809],[116.9039082,25.4112943],[116.90754,25.4089006],[116.9104099,25.4114251],[116.9142187,25.4133875],[116.9176626,25.4120162],[116.921187,25.4116383],[116.925602,25.4116674],[116.9290835,25.4123845],[116.9308162,25.4084015],[116.9343299,25.4090654],[116.9377094,25.4070496],[116.9426286,25.4056492],[116.9473064,25.402829],[116.9455576,25.3992528],[116.9441736,25.3958849],[116.946196,25.3925653],[116.9508147,25.3935297],[116.9524938,25.3890275],[116.956635,25.3874425],[116.9586897,25.390433],[116.9582632,25.386486],[116.9603902,25.382795],[116.9636142,25.3810212],[116.9654277,25.3841227],[116.9693059,25.3826836],[116.9730019,25.3843944],[116.9727448,25.3885358],[116.9761953,25.3918022],[116.9796431,25.3928755],[116.9829067,25.3894511],[116.9874163,25.3896322],[116.9890197,25.3841094],[116.9920262,25.3816648],[116.996636,25.381031],[117.0047534,25.3828418],[117.01718,25.3829841],[117.0197355,25.3872394],[117.0272969,25.3849571],[117.0313102,25.3898197],[117.0378242,25.392083],[117.0399788,25.3892312],[117.0430854,25.3947085],[117.0558127,25.3987823],[117.0583159,25.3976704]]}},{"type":"Feature","properties":{"name":"双洋溪","tier":3},"geometry":{"type":"LineString","coordinates":[[117.370044,25.5079651],[117.3666215,25.5059607],[117.3647547,25.5028233],[117.3613709,25.5042678],[117.3594449,25.5010546],[117.354933,25.4995192],[117.3507211,25.4978751],[117.3466766,25.4993953],[117.3424387,25.4991435],[117.3397036,25.497158]]}},{"type":"Feature","properties":{"name":"新桥河","tier":3},"geometry":{"type":"LineString","coordinates":[[117.5039951,25.6271666],[117.5030686,25.6237471],[117.5023629,25.6194095],[117.5057877,25.6177946],[117.5045624,25.6140662],[117.5022647,25.6093886],[117.5046187,25.6042069],[117.5080351,25.602723],[117.5095644,25.5986277],[117.5077541,25.5956239],[117.5059109,25.592198],[117.500582,25.5877868],[117.4969998,25.5854085],[117.4912203,25.5845097],[117.4872017,25.579542],[117.4885907,25.5751327],[117.4861827,25.5693982],[117.4830649,25.5662616],[117.484283,25.5622629],[117.4804935,25.5578116],[117.479509,25.5528713],[117.4795824,25.5467154],[117.4760323,25.5434451],[117.4726017,25.5422718],[117.4706477,25.5390544],[117.4660972,25.5374529],[117.4627255,25.5353379],[117.4645097,25.5306956],[117.4616556,25.5276475],[117.4581384,25.5275136],[117.459441,25.5231432],[117.4574717,25.5185784],[117.4570656,25.5149464],[117.4535034,25.5144012],[117.4585788,25.5128944],[117.4619096,25.514133],[117.463755,25.5111217],[117.4642486,25.5069436],[117.4635297,25.5035834]]}},{"type":"Feature","properties":{"name":"九龙溪","tier":3},"geometry":{"type":"LineString","coordinates":[[117.3123895,25.9757741],[117.3190628,25.9782143],[117.3225626,25.9801604],[117.3258126,25.9817775],[117.3293141,25.984551],[117.3337579,25.987022],[117.33791,25.9860504],[117.3400672,25.9825828],[117.3401642,25.9774132],[117.3439979,25.9761964],[117.3477471,25.97626],[117.3513648,25.9779971],[117.3553752,25.9792824]]}},{"type":"Feature","properties":{"name":"九龙溪","tier":3},"geometry":{"type":"LineString","coordinates":[[116.9577264,26.0321067],[116.9637345,26.0324152],[116.9681977,26.0350373],[116.9740342,26.0351916],[116.9800423,26.0351916],[116.9836472,26.0322609],[116.990342,26.0293302],[116.9984101,26.0301015],[117.0054482,26.0294845],[117.0119714,26.0248569],[117.0171212,26.0210004],[117.023301,26.0157555],[117.0270776,26.0069619],[117.0337724,26.0040305],[117.0366906,26.000482],[117.0420121,25.9973962],[117.0475053,25.9963161],[117.0502431,25.990156],[117.0582971,25.9903434],[117.0619248,25.9923045],[117.0627831,25.9960076],[117.0610665,25.9997105],[117.0677052,26.0054777],[117.0751427,26.0001734],[117.0795504,25.9992116],[117.0830392,26.0009448],[117.0840691,26.007579],[117.0818239,26.0126831],[117.0784043,26.0139042],[117.0720528,26.0139042],[117.0646714,26.0199206],[117.0615815,26.0253197],[117.0667313,26.0284047],[117.0705079,26.0341119],[117.078061,26.0388933],[117.079091,26.0476845],[117.0826958,26.0506147],[117.087674,26.050769]]}},{"type":"Feature","properties":{"name":"九龙溪","tier":3},"geometry":{"type":"LineString","coordinates":[[116.8853335,26.1450952],[116.8894051,26.1381799],[116.8876885,26.13347],[116.8854569,26.1292414],[116.8791913,26.1265057],[116.8763589,26.1235389],[116.8776893,26.1188187],[116.8817233,26.11747],[116.8847703,26.111054],[116.893525,26.1107458],[116.9000481,26.1047341],[116.8983315,26.0991845],[116.893525,26.1010344],[116.8840836,26.1004178],[116.8825387,26.0964096],[116.884427,26.0927097],[116.8859719,26.0870054],[116.8906068,26.083151],[116.8928384,26.0794507],[116.9000481,26.0757502],[116.9100045,26.0737457],[116.9180726,26.0759044],[116.9235658,26.0743625],[116.9216775,26.0694283],[116.9166993,26.0681947],[116.914811,26.0629518],[116.9175576,26.0592508],[116.9216775,26.061564],[116.9233941,26.0577087],[116.9215058,26.0518485],[116.9268273,26.0512316],[116.9316338,26.0496894],[116.936097,26.0504605],[116.9402169,26.0472218],[116.9453667,26.0458338],[116.9498299,26.0429034],[116.9510316,26.0382764],[116.9525765,26.0348831],[116.9577264,26.0321067]]}},{"type":"Feature","properties":{"name":"九龙溪","tier":3},"geometry":{"type":"LineString","coordinates":[[116.7086805,26.2143912],[116.7187411,26.2085822],[116.7172387,26.2043137],[116.7162998,26.2008314],[116.7127316,26.1992025],[116.7135454,26.1944281],[116.7134202,26.1893165],[116.7185533,26.1867887],[116.7240621,26.1876313],[116.7279432,26.1871258],[116.7296334,26.1838676],[116.7351421,26.1769017],[116.7405747,26.1756217],[116.7515611,26.1754677],[116.7556809,26.176392],[116.7584275,26.1802433],[116.7515611,26.1853269],[116.7522477,26.1890239],[116.7584275,26.1910264],[116.7659806,26.1840945],[116.7710017,26.187291],[116.7751622,26.1884457],[116.7776536,26.185789],[116.7826318,26.182246],[116.7852067,26.1847107],[116.7924165,26.1842486],[116.7968237,26.1846139],[116.8016862,26.1797812],[116.8058865,26.1745289],[116.8088293,26.1726267],[116.8121016,26.1738688],[116.8111276,26.1794731],[116.8136251,26.1843828],[116.8172622,26.1825439],[116.8172269,26.1788954],[116.8188523,26.1756217],[116.818627,26.1718569],[116.8205099,26.1657424],[116.8246995,26.1632869],[116.8361311,26.1598972],[116.8371688,26.1599514]]}},{"type":"Feature","properties":{"name":"嵩溪溪","tier":3},"geometry":{"type":"LineString","coordinates":[[116.9493357,26.279013],[116.9490012,26.2753763],[116.9505483,26.272227],[116.9503752,26.2675817],[116.9481347,26.2636966],[116.9445691,26.2605661],[116.9400534,26.2592912],[116.9394262,26.2554664],[116.9389245,26.2482665],[116.9358722,26.2457539],[116.9362485,26.2415912],[116.9390917,26.2359656],[116.9391776,26.232413],[116.9382973,26.2283519],[116.9352032,26.2236259],[116.9339488,26.2187872],[116.9350778,26.2153362],[116.9397189,26.21181],[116.9404715,26.2077961],[116.9365412,26.2041948],[116.9331126,26.2013436],[116.9288896,26.1995803],[116.9319418,26.1977045],[116.9360394,26.1987925],[116.9394262,26.1967666],[116.9384645,26.1931273],[116.9425621,26.190576],[116.9441092,26.1873869],[116.9434402,26.1834096],[116.9405133,26.1860361],[116.935829,26.1873938],[116.9311166,26.1878488],[116.931829,26.1843082],[116.9307541,26.1793575],[116.9253467,26.1757373],[116.9273615,26.1703446],[116.9236087,26.1700177],[116.9202613,26.1687083],[116.9175791,26.1656847],[116.9124078,26.1639128],[116.9088029,26.1625262],[116.905198,26.1592713],[116.9012498,26.1612936],[116.8995332,26.158212],[116.9002198,26.154514],[116.8965988,26.1543599],[116.8914758,26.1521016],[116.8875575,26.151138],[116.8856692,26.146183],[116.8853335,26.1450952]]}},{"type":"Feature","properties":{"name":"文川溪","tier":3},"geometry":{"type":"LineString","coordinates":[[117.2566945,25.861043],[117.2573268,25.8660456],[117.2560738,25.8714268],[117.2556424,25.87564],[117.2560072,25.8796363],[117.2564739,25.883647],[117.260537,25.8845549],[117.2638124,25.8864704],[117.2662854,25.889173],[117.2685438,25.8927249],[117.2698852,25.8974054],[117.2718658,25.901319],[117.276035,25.902261],[117.2751627,25.9068094],[117.281085,25.9102681],[117.2813779,25.9141707],[117.2849549,25.9123652],[117.2893516,25.9107352],[117.2928094,25.9121964],[117.297086,25.9154348],[117.302679,25.914742],[117.3071628,25.9163421],[117.3091172,25.9192987],[117.3034524,25.9240848],[117.3012208,25.9271725],[117.305785,25.9296744],[117.3076393,25.9344983],[117.3066438,25.9382797],[117.3067613,25.9432572],[117.3110591,25.9482151],[117.3121905,25.9516339],[117.3127221,25.955267],[117.3153614,25.9576353],[117.3184502,25.959361],[117.3114722,25.9600613],[117.3087578,25.9635532],[117.3095625,25.9675803],[117.312014,25.9712409],[117.3123895,25.9757741]]}},{"type":"Feature","properties":{"name":"南溪","tier":3},"geometry":{"type":"LineString","coordinates":[[117.4591416,25.8291772],[117.4573016,25.8261835],[117.4538306,25.8256509],[117.450529,25.8243197],[117.4468544,25.8242521],[117.4432817,25.8237595],[117.4396339,25.8230111],[117.4379682,25.8199279],[117.4348354,25.8178418],[117.4328345,25.821362],[117.4288863,25.8207681],[117.4253511,25.8218884],[117.4230552,25.8248001],[117.420491,25.8274993],[117.4184525,25.8307923],[117.4167895,25.8339887],[117.4129862,25.8342398],[117.4107009,25.837803],[117.4093115,25.8413468],[117.4105829,25.8449871],[117.4071282,25.8458657],[117.4048161,25.8485355],[117.4045962,25.8528128],[117.4015546,25.8549031],[117.3993605,25.85205],[117.3967588,25.8494238],[117.3946452,25.8523783],[117.3936742,25.8558541],[117.3924887,25.8593298],[117.3900962,25.8618882],[117.387371,25.8593201],[117.3885083,25.8627764],[117.3857403,25.8650355],[117.3854184,25.8692253],[117.3882293,25.8721406],[117.3853004,25.8742113],[117.3861265,25.8776623],[117.383101,25.8796894],[117.3796238,25.8815793],[117.3759449,25.8802498],[117.3773249,25.8836851],[117.3776175,25.8871822],[117.3813793,25.8917321],[117.382048,25.8960186],[117.3794393,25.9010742],[117.3848484,25.9030872],[117.3821166,25.9067572],[117.378155,25.9050303],[117.3789407,25.9099583],[117.3733548,25.9115856],[117.3722754,25.9142873]]}},{"type":"Feature","properties":{"name":"黄沙溪","tier":3},"geometry":{"type":"LineString","coordinates":[[117.399814,26.3342931],[117.4039277,26.3351567],[117.4074188,26.3335557],[117.4112509,26.3288857],[117.4091755,26.3253182],[117.4048839,26.3239231],[117.4013483,26.3235577],[117.4049506,26.3206677],[117.4085232,26.3212657],[117.4112657,26.3188474],[117.4118512,26.3139109],[117.4093015,26.3108812],[117.4121329,26.3065092],[117.415641,26.3047024],[117.4187081,26.3023978],[117.4200861,26.2985059],[117.4202491,26.2945606],[117.422605,26.2918507],[117.4230125,26.2878321],[117.4179599,26.2875598],[117.4149002,26.2835477],[117.4146557,26.2811298]]}},{"type":"Feature","properties":{"name":"沙溪","tier":2},"geometry":{"type":"LineString","coordinates":[[117.5182008,26.1794731],[117.5217486,26.1773984],[117.5250672,26.1728487],[117.5306585,26.1698004],[117.5351952,26.1682268],[117.5405167,26.1657617],[117.5440787,26.1663395],[117.5473617,26.1714428],[117.5476193,26.177971],[117.5461064,26.183902],[117.548456,26.1888025],[117.5511597,26.1917966],[117.5527905,26.1953009],[117.5532197,26.1993441],[117.5578545,26.2042728],[117.563176,26.2079692],[117.5676392,26.2074638],[117.5735485,26.2098264],[117.5774771,26.2130428],[117.5818877,26.2166446],[117.5862037,26.2178536],[117.5892517,26.2208185],[117.5889659,26.2227963]]}},{"type":"Feature","properties":{"name":"沙溪","tier":2},"geometry":{"type":"LineString","coordinates":[[117.8926467,26.4459179],[117.8958502,26.448821],[117.8998407,26.4489704],[117.9044389,26.44829],[117.9127393,26.4460983],[117.9165333,26.4460753],[117.9222517,26.4499898],[117.9253815,26.4521323],[117.9315652,26.4560246],[117.93533,26.4594438],[117.9414725,26.4610838],[117.9460645,26.4609302],[117.9503583,26.4585679],[117.954049,26.4585871],[117.9577397,26.461507],[117.9537915,26.4694211],[117.9481267,26.474031],[117.9465817,26.4779493],[117.9519891,26.4908556],[117.9625462,26.498614],[117.9696702,26.5016097],[117.9742192,26.5069864],[117.9781674,26.5130541],[117.9792832,26.5179695],[117.9826306,26.5220398],[117.9829739,26.527646],[117.9786824,26.5435413],[117.9754208,26.5502981],[117.9781674,26.5565938],[117.9822015,26.5587435],[117.9862355,26.5577454],[117.9882954,26.5525246],[117.9936089,26.5523021],[118.0013417,26.5559796],[118.0126714,26.5616608],[118.0172204,26.5643478],[118.0246018,26.5735598],[118.0325841,26.5780887]]}},{"type":"Feature","properties":{"name":"富屯溪","tier":2},"geometry":{"type":"LineString","coordinates":[[118.0206621,26.7021595],[118.0241727,26.695012],[118.018937,26.6871902],[118.0142163,26.681822],[118.0113839,26.6773738],[118.0071782,26.6759933],[118.0009126,26.6748429],[117.984948,26.6681702],[117.9792832,26.6597328],[117.976678,26.6520081],[117.9759221,26.6449682],[117.9731913,26.6391873],[117.9701678,26.6326318],[117.9727601,26.6291999],[117.9809998,26.62521],[117.9871796,26.6235987],[117.9926728,26.6245195],[118.0003117,26.6292766],[118.0040025,26.6306577],[118.0078648,26.629737],[118.0106114,26.6253635],[118.008809,26.6208364],[118.008294,26.6108608],[118.0064915,26.6051053],[118.0078648,26.6009611],[118.0119847,26.5965866],[118.0142163,26.5910605],[118.0187653,26.5860716],[118.0278634,26.580238],[118.0325841,26.5780887]]}},{"type":"Feature","properties":{"name":"杨家溪","tier":3},"geometry":{"type":"LineString","coordinates":[[120.1204331,27.0253859],[120.1196806,27.0208992],[120.1215118,27.0176536],[120.1254535,27.0162563],[120.1266883,27.0128665],[120.130508,27.0141945],[120.1336514,27.0115793],[120.1303713,27.009614],[120.1320184,27.0064185],[120.1336062,27.0032211],[120.1340814,26.9981767],[120.137293,26.9952152],[120.1388013,26.9906252],[120.1400471,26.9867276],[120.1363671,26.9855039],[120.1394033,26.9818803],[120.1398151,26.9779997],[120.1456475,26.9792988],[120.1497459,26.9788781],[120.1555395,26.9779603],[120.1585535,26.9755839]]}},{"type":"Feature","properties":{"name":"汀江","tier":1},"geometry":{"type":"LineString","coordinates":[[116.3831342,25.0890639],[116.3881428,25.0875953],[116.3943958,25.0877949],[116.4014252,25.0872261],[116.4064525,25.0878393],[116.4125402,25.087022],[116.4166172,25.0842528],[116.4236553,25.0771009],[116.4267452,25.0727474],[116.4313801,25.0654393],[116.43447,25.0624849],[116.4373882,25.0593748],[116.4371198,25.0532772],[116.4337083,25.0510059],[116.4301784,25.0492667],[116.4241703,25.0484892],[116.4002867,25.0492957],[116.3959023,25.047614],[116.3978159,25.0428081],[116.4032813,25.0407082],[116.408563,25.0402575],[116.4173038,25.0380691],[116.422797,25.0344919],[116.4276035,25.0302924],[116.4312012,25.0298469],[116.4349653,25.0332611],[116.4385898,25.0357361],[116.4415428,25.0376582],[116.445113,25.0372915],[116.4474016,25.0312512],[116.4452553,25.028218],[116.4387615,25.0223596],[116.436576,25.0187848],[116.4392765,25.0161375],[116.4430621,25.0167239],[116.4472653,25.0152177],[116.448573,25.007844],[116.451155,24.9967588]]}},{"type":"Feature","properties":{"name":"永定河","tier":3},"geometry":{"type":"LineString","coordinates":[[116.8182288,24.8076341],[116.8156205,24.8043345],[116.8148716,24.8006574],[116.8123927,24.7973884],[116.8075837,24.7959798],[116.8040841,24.7986735],[116.8008046,24.7965797],[116.7983691,24.7930328],[116.7964138,24.7872187],[116.7915791,24.7862121],[116.7881213,24.7838928],[116.7879773,24.7789132],[116.7824503,24.7751278],[116.7817802,24.7713117],[116.7777154,24.7686226],[116.772848,24.7670781],[116.7699786,24.7644077],[116.7666252,24.7625163],[116.7627644,24.7587498],[116.7618141,24.7551324],[116.7611875,24.7540057]]}},{"type":"Feature","properties":{"name":"永定河","tier":3},"geometry":{"type":"LineString","coordinates":[[116.8455672,24.8490939],[116.8427141,24.847006],[116.8384208,24.8471355],[116.8347532,24.846626],[116.8311087,24.8451228],[116.8293601,24.841565],[116.8262217,24.8397944],[116.8212611,24.8387545],[116.8181504,24.836796],[116.8172593,24.8329715],[116.819256,24.8277115],[116.8179767,24.8244342],[116.8141616,24.8239076],[116.815276,24.8201165],[116.8152979,24.8164111],[116.811508,24.8169978],[116.8073496,24.8167261],[116.8071508,24.812344],[116.8054841,24.8087515],[116.8125529,24.8094799],[116.8173041,24.8087218],[116.8182288,24.8076341]]}},{"type":"Feature","properties":{"name":"旧县河","tier":3},"geometry":{"type":"LineString","coordinates":[[116.6831334,25.5267163],[116.6838673,25.5226472],[116.681698,25.5195503],[116.6836316,25.5156668],[116.6800192,25.5128107],[116.6764038,25.5147829],[116.6740161,25.5119206],[116.6708881,25.5098207],[116.6716768,25.5063033],[116.6724533,25.5023573],[116.6720768,25.4977925],[116.6701411,25.4943923],[116.6729328,25.4912039],[116.672163,25.4864506]]}},{"type":"Feature","properties":{"name":"黄潭河","tier":3},"geometry":{"type":"LineString","coordinates":[[116.733196,25.1077473],[116.7301052,25.1026652],[116.7267292,25.0987224],[116.7221299,25.0968644],[116.7197288,25.0940507],[116.7165857,25.0898598],[116.7177023,25.0853681],[116.7154728,25.0826326],[116.7135277,25.0788647],[116.7139875,25.0738875],[116.7098259,25.0688476],[116.7083314,25.0656611],[116.7071358,25.0595794],[116.7075726,25.0556428],[116.7039168,25.0593919],[116.700376,25.0577673],[116.7023073,25.054039],[116.6991574,25.052206],[116.6966052,25.0492065],[116.6980077,25.0448322],[116.6950877,25.0428741],[116.6923056,25.045228],[116.6892016,25.0475818],[116.6860057,25.0501022],[116.6836803,25.0495255]]}},{"type":"Feature","properties":{"name":"东溪","tier":2},"geometry":{"type":"LineString","coordinates":[[118.1491613,28.0311334],[118.1530237,28.0295613],[118.1543541,28.0261519],[118.1544399,28.0224772],[118.1531954,28.018935],[118.1543112,28.015601],[118.1573796,28.0128921],[118.1591177,28.0098042],[118.1576371,28.0056364],[118.1583881,28.0011653],[118.160963,27.998456],[118.163892,27.9956898],[118.1660378,27.9922367],[118.1696051,27.9909151],[118.1728345,27.9882719],[118.1765628,27.9865571],[118.1791377,27.9839611],[118.1834078,27.9844159],[118.1803608,27.9798681],[118.1793952,27.9752254],[118.1804037,27.9706772],[118.1821418,27.967626],[118.183279,27.9639493],[118.1846523,27.9606326],[118.1813478,27.9578844],[118.1785715,27.9537101],[118.1798482,27.9498623],[118.1792581,27.9459765],[118.1780511,27.9387353],[118.1774265,27.9352185],[118.1756532,27.9295977],[118.1756532,27.9259577],[118.1790865,27.9208007],[118.1804597,27.9145817],[118.1845582,27.9136146],[118.186173,27.910379],[118.1905961,27.9091063],[118.1953943,27.9076038],[118.1968936,27.9041241],[118.1980433,27.9002429],[118.200308,27.8965293],[118.1964457,27.8904416],[118.1911886,27.8867243],[118.1852233,27.8825139],[118.1851589,27.877829],[118.1811388,27.8749844],[118.1756289,27.8737971],[118.1714773,27.872826],[118.1672418,27.8728594],[118.1632884,27.8714503],[118.1631434,27.8668842],[118.1612123,27.8632421],[118.1571138,27.8617814],[118.1533372,27.8613261],[118.1533372,27.8534341],[118.149389,27.8526753],[118.1469858,27.8560143],[118.1426942,27.8596567],[118.1380057,27.8572379],[118.1298947,27.8561756],[118.1287082,27.8525093],[118.1272655,27.8470582],[118.1255202,27.8403752],[118.1236613,27.8354238],[118.1241548,27.83355]]}},{"type":"Feature","properties":{"name":"崇阳溪","tier":2},"geometry":{"type":"LineString","coordinates":[[118.0324662,27.7663105],[118.0356878,27.7616752],[118.0339683,27.7576405],[118.0309977,27.7520351],[118.0294635,27.7477054],[118.0263761,27.7420787],[118.0229193,27.7407076],[118.0181958,27.7383779],[118.0154814,27.7329579],[118.0141843,27.7285855],[118.0128946,27.7225938],[118.0116706,27.7191599],[118.0098632,27.7156975],[118.0108583,27.7100653],[118.0081137,27.7049457],[118.0046464,27.7037297],[118.0026186,27.6998825],[118.0025296,27.6961881],[118.0007908,27.6930784],[117.99903,27.6897706],[117.9941394,27.6856669],[117.9921859,27.6827375],[117.984695,27.6813868],[117.9808176,27.6782981],[117.978071,27.6731294],[117.9754961,27.6673522],[117.9732645,27.662183],[117.9724062,27.6561012],[117.9712074,27.6513344],[117.9698335,27.6479033],[117.968927,27.6438636],[117.9689114,27.6433128]]}},{"type":"Feature","properties":{"name":"麻阳溪","tier":3},"geometry":{"type":"LineString","coordinates":[[117.6055337,27.591025],[117.6043993,27.5876242],[117.6045399,27.5839],[117.6050407,27.580325],[117.6079248,27.5781194],[117.6077126,27.5746012],[117.608646,27.569507],[117.6123976,27.5696698],[117.6143276,27.5667263],[117.611357,27.5634116],[117.612861,27.5594385],[117.615249,27.5567125],[117.6208791,27.5551913],[117.6246178,27.55585],[117.624407,27.5511512],[117.6246158,27.5465602],[117.6282843,27.5440505],[117.6321763,27.5456482],[117.6358509,27.5439121],[117.6393075,27.5419733],[117.6431166,27.5389365],[117.6429454,27.5343423],[117.6468399,27.5332344],[117.6530936,27.5307022],[117.6558311,27.5270175],[117.6595831,27.5230962],[117.659706,27.514551],[117.6641269,27.5141027],[117.6646302,27.5134482]]}},{"type":"Feature","properties":{"name":"九曲溪","tier":3},"geometry":{"type":"LineString","coordinates":[[117.89901,27.6564485],[117.901365,27.6508273],[117.9058362,27.6468296],[117.912526,27.6472134],[117.9154939,27.6443165],[117.9188112,27.6430333],[117.9231476,27.6427006],[117.9277127,27.6423846],[117.9307196,27.6445147],[117.9295581,27.6490685],[117.9345954,27.6496244],[117.9367282,27.6527367],[117.9402247,27.6533825],[117.9438423,27.6539634],[117.941687,27.6507599],[117.943983,27.6479901],[117.9474002,27.6463836],[117.948227,27.649785],[117.9515141,27.6514343],[117.9543788,27.6491554],[117.953138,27.6456128],[117.9564399,27.6437423],[117.9603157,27.6436184],[117.9638686,27.6416597],[117.9677156,27.6413218],[117.9714886,27.639943]]}},{"type":"Feature","properties":{"name":"崇阳溪","tier":2},"geometry":{"type":"LineString","coordinates":[[118.2343696,27.1951697],[118.2287048,27.1922686],[118.2237266,27.1889094],[118.2213234,27.1843285],[118.2201217,27.1774568],[118.2213234,27.1718064],[118.2249283,27.1681412],[118.2328247,27.1608103],[118.2371162,27.1547008],[118.2391762,27.1435502],[118.2378029,27.1357594],[118.2381462,27.1320929],[118.2479309,27.1301069],[118.2535957,27.1311763],[118.2575431,27.1311455],[118.2649254,27.1285791],[118.2721351,27.1275097],[118.2870697,27.1275097],[118.2905029,27.126593],[118.2935928,27.1236902],[118.2934211,27.1186483],[118.2898163,27.1108557],[118.287928,27.1056604],[118.286898,27.0967972],[118.2856964,27.0919069],[118.2820915,27.086405],[118.2765983,27.0786102],[118.2743667,27.0731077],[118.2753967,27.0656177],[118.2778,27.0604202],[118.2786583,27.0544582],[118.2810615,27.0507891],[118.2903312,27.049566],[118.2953094,27.0504833],[118.3002876,27.0515535],[118.3020042,27.045591],[118.3050941,27.0423802],[118.3081299,27.0393721],[118.3117889,27.0370288],[118.3140205,27.033665],[118.3156858,27.0304393]]}},{"type":"Feature","properties":{"name":"南浦溪","tier":2},"geometry":{"type":"LineString","coordinates":[[118.363855,27.4345099],[118.3583091,27.4315799],[118.3543609,27.4317323],[118.3488678,27.4321893],[118.3442329,27.4297516],[118.3395981,27.4274661],[118.3369962,27.4223302],[118.3380531,27.4183238],[118.3383964,27.410857],[118.3368515,27.4055232],[118.332045,27.4052185],[118.3272384,27.4026277],[118.3267235,27.39897],[118.3298134,27.3933309],[118.3341049,27.3875391],[118.3318733,27.3832712],[118.3260368,27.3806799],[118.32027,27.3724672],[118.3167671,27.3704666],[118.3129905,27.3738203],[118.3088281,27.3722032],[118.3064634,27.3682129],[118.3068107,27.3611671],[118.309729,27.357813],[118.3141922,27.3562884],[118.3148788,27.3523243],[118.3088707,27.351257],[118.3044075,27.3540014],[118.299086,27.3576605],[118.2939361,27.3602524],[118.2898163,27.3591852],[118.291252,27.3549002],[118.2929062,27.3468352],[118.2922386,27.341],[118.2887231,27.3374608],[118.2834648,27.3370763],[118.2782693,27.3370287],[118.2728218,27.3350939],[118.2704185,27.328079],[118.2683586,27.3241138],[118.2688736,27.3184709],[118.2702469,27.314963],[118.2702469,27.3103873],[118.2726501,27.3068791],[118.2729585,27.3017024],[118.2750534,27.2968115],[118.277285,27.290557],[118.2770028,27.2863463],[118.2746234,27.283149],[118.2726501,27.2788097],[118.2712768,27.2720964],[118.2706087,27.2673823],[118.2693886,27.2609575],[118.2739249,27.2521067],[118.2755684,27.2449339],[118.272829,27.2409607],[118.2679236,27.2403725],[118.2654121,27.2366621],[118.2654403,27.2313502],[118.2637237,27.2270763],[118.2601188,27.2255499],[118.2577156,27.2304344],[118.2528613,27.2311255],[118.2475876,27.2281448],[118.2438629,27.2225949],[118.2415794,27.2156276],[118.2410644,27.2053991],[118.2386612,27.2008189],[118.2343696,27.1951697]]}},{"type":"Feature","properties":{"name":"建溪","tier":2},"geometry":{"type":"LineString","coordinates":[[118.3156858,27.0304393],[118.3144619,27.0263619],[118.3116598,27.024063],[118.3023475,27.0218906],[118.2978843,27.0197497],[118.2953094,27.0166912],[118.2934211,27.0133267],[118.2939361,27.0067503],[118.2987426,27.0024679],[118.3062957,26.9978794],[118.3104156,26.9939025],[118.3119606,26.9890077],[118.3112739,26.9812061],[118.3088707,26.9752398],[118.3074974,26.9678963],[118.3052658,26.9648364],[118.3011459,26.9630004],[118.2947944,26.9622354],[118.2882069,26.9606097],[118.2834648,26.9567271],[118.2726501,26.9472401],[118.269689,26.9431275],[118.2713831,26.9369083],[118.2759117,26.9386705],[118.2793446,26.9371531],[118.2810615,26.9336202],[118.2814287,26.9273625],[118.2832931,26.9232129],[118.2856964,26.9204579],[118.288748,26.9181066],[118.2954811,26.9134169],[118.2984157,26.9106467],[118.3060215,26.908862],[118.3107589,26.9063755],[118.3129905,26.9033139],[118.3123065,26.8937058],[118.3052658,26.8766744],[118.3047508,26.8694776],[118.3052658,26.8582986],[118.3009742,26.8471186],[118.2971977,26.8422174],[118.2931304,26.8400374],[118.2881734,26.8395712],[118.2820915,26.836397],[118.2812332,26.8299635],[118.2805465,26.824602],[118.2779895,26.8202397],[118.2722134,26.8170734],[118.267157,26.8186275],[118.2590889,26.8227637],[118.2551407,26.8236829],[118.2499814,26.8186998],[118.2516449,26.8127558],[118.2541107,26.8079031],[118.2568573,26.8022342],[118.2587455,26.7965649],[118.2608055,26.7882903],[118.2609771,26.7839996],[118.2623504,26.7771034],[118.2614921,26.7734252],[118.2606338,26.7672947],[118.2616638,26.7628499],[118.2609771,26.7591713],[118.25572,26.754707],[118.2479309,26.7533466],[118.2427595,26.7512389],[118.2411024,26.7447997]]}},{"type":"Feature","properties":{"name":"南浦溪","tier":2},"geometry":{"type":"LineString","coordinates":[[118.5809981,27.7055258],[118.5800742,27.7007561],[118.5761475,27.6971892],[118.5718814,27.6963424],[118.568251,27.6966713],[118.5634755,27.6956906],[118.5579513,27.6951514],[118.5541104,27.6927954],[118.5498189,27.6971083],[118.5457849,27.6971273],[118.5406135,27.6905915],[118.5364937,27.6946954],[118.5258721,27.6971653],[118.5199712,27.701459],[118.5161089,27.6993311],[118.5146712,27.6950754],[118.512976,27.6883114],[118.510208,27.6858793],[118.5067946,27.6836856],[118.4992217,27.6804734],[118.4851884,27.6831241],[118.4813689,27.6778606],[118.4753822,27.6731099],[118.4728932,27.6701313],[118.4703397,27.6670478],[118.4646105,27.6606241],[118.4586453,27.6600589],[118.4542894,27.6582154],[118.4535812,27.6524325],[118.4484314,27.6504558],[118.4442365,27.6519718],[118.4368228,27.6502182],[118.4279072,27.6508029],[118.4221028,27.6513492],[118.4158908,27.6534019],[118.4118675,27.6514442],[118.4090458,27.6486467]]}},{"type":"Feature","properties":{"name":"南浦溪","tier":2},"geometry":{"type":"LineString","coordinates":[[118.5428451,27.8423347],[118.5388969,27.8405132],[118.5387253,27.8367184],[118.5423301,27.8312535],[118.5416435,27.8260921],[118.5383819,27.8209303],[118.5392402,27.8144019],[118.5376953,27.8062029],[118.534777,27.8016476],[118.536837,27.7963328],[118.5366653,27.790866],[118.5323738,27.785247],[118.5301422,27.7771976],[118.5265373,27.7730968],[118.526709,27.7691477],[118.525679,27.7638313],[118.5237907,27.7607933],[118.5198425,27.7560842]]}},{"type":"Feature","properties":{"name":"南浦溪","tier":2},"geometry":{"type":"LineString","coordinates":[[118.563561,27.9430609],[118.5566236,27.9428145],[118.5528094,27.9419565],[118.552657,27.934813],[118.5531659,27.9299615],[118.5544218,27.9242784],[118.5483526,27.9206767],[118.5452363,27.9190408],[118.5429078,27.9161399],[118.5426831,27.9110008],[118.538986,27.9103546],[118.5385318,27.9152565],[118.5351793,27.9180527],[118.5286184,27.9187377],[118.5243482,27.9185954],[118.5205117,27.9176971],[118.5199881,27.9114063],[118.5214086,27.9075126],[118.5223956,27.9020589],[118.5227951,27.8951653],[118.5232964,27.8878849],[118.5225891,27.8837652],[118.5213875,27.879365],[118.5258507,27.8811858],[118.5301422,27.8799719],[118.5320305,27.8761784],[118.5316871,27.8719296],[118.5289406,27.8687428],[118.5301422,27.8643419],[118.5400985,27.8597891],[118.5437034,27.857209],[118.5430168,27.8523523],[118.5443901,27.8464329],[118.5428451,27.8423347]]}},{"type":"Feature","properties":{"name":"富岭溪","tier":3},"geometry":{"type":"LineString","coordinates":[[118.6270024,27.8950866],[118.6202428,27.8922037],[118.6187604,27.8868966],[118.6172414,27.881109],[118.6159957,27.8771408],[118.6141791,27.8732664],[118.6148954,27.8695233],[118.6164449,27.866182],[118.6116706,27.8626915],[118.6053299,27.8625208],[118.6000084,27.8603961],[118.5940002,27.8582714],[118.5914253,27.8537183],[118.5929702,27.8503792],[118.5898803,27.8452187],[118.589537,27.8405132],[118.5866188,27.837022],[118.5811256,27.8418793],[118.5770057,27.843549],[118.5735725,27.8388435],[118.5696243,27.8400579],[118.5646461,27.8391471],[118.5605262,27.8388435],[118.5564064,27.8380845],[118.5528015,27.8380845],[118.5497778,27.8411457],[118.5471367,27.8440044],[118.5428451,27.8423347]]}},{"type":"Feature","properties":{"name":"南浦溪","tier":2},"geometry":{"type":"LineString","coordinates":[[118.5198425,27.7560842],[118.5198425,27.7524383],[118.5236191,27.7506153],[118.5273956,27.7509192],[118.5315155,27.7495519],[118.5397552,27.7478808],[118.5380386,27.7375497],[118.5404419,27.7326876],[118.546965,27.7326876],[118.5491966,27.7281292],[118.5528015,27.7212913],[118.5536598,27.7150609],[118.5597752,27.7119834],[118.5672854,27.7116796],[118.5749888,27.7120784],[118.578379,27.7106537],[118.5816406,27.7074623],[118.5809981,27.7055258]]}},{"type":"Feature","properties":{"name":"永兴溪","tier":3},"geometry":{"type":"LineString","coordinates":[[118.456476,27.8214721],[118.4577225,27.8179081],[118.4588793,27.8145409],[118.4638908,27.8121101],[118.4686016,27.8085706],[118.4716057,27.8065066],[118.4726356,27.802255],[118.4721206,27.7976995],[118.4776138,27.7955736],[118.4803604,27.7893474],[118.4861969,27.787525],[118.4871947,27.7838706],[118.4914326,27.7839086],[118.4964966,27.7826652],[118.4989214,27.7801072],[118.4962714,27.7772405],[118.4981059,27.7723183],[118.5014747,27.7704103],[118.5104011,27.7679325],[118.5167526,27.7665655],[118.5194992,27.7635275],[118.5191559,27.7586666],[118.5198425,27.7560842]]}},{"type":"Feature","properties":{"name":"西溪","tier":2},"geometry":{"type":"LineString","coordinates":[[117.9249005,27.8519449],[117.925885,27.8480631],[117.9214212,27.8448531],[117.9200365,27.8394926],[117.9198248,27.8354031],[117.9242339,27.8322899],[117.9273044,27.8278189],[117.9277824,27.8241185],[117.9329041,27.8222993],[117.9363975,27.8232701],[117.9385557,27.8201955],[117.9425453,27.8200194],[117.9455189,27.8175868],[117.9471801,27.8144019],[117.9488632,27.8103687],[117.9542183,27.8081768],[117.9581192,27.8075966],[117.9622284,27.8095231],[117.9609131,27.8039253],[117.9602982,27.7997373],[117.9660766,27.7971623],[117.9705261,27.7949662],[117.9754398,27.7950876],[117.9806459,27.7904298],[117.9827301,27.7871986],[117.9849907,27.7843349],[117.9880406,27.7810438],[117.9924238,27.7796421],[117.9937434,27.7762083],[117.9937714,27.7719791],[117.995916,27.7692095],[118.0003947,27.7688949],[117.9990056,27.7650678],[118.0020886,27.7629155],[118.0056698,27.7656135],[118.0065376,27.7693483],[118.0116138,27.7720128],[118.0152664,27.7719888],[118.0221964,27.7714928],[118.0273429,27.770213],[118.030978,27.767652],[118.0324662,27.7663105]]}},{"type":"Feature","properties":{"name":"东溪","tier":2},"geometry":{"type":"LineString","coordinates":[[118.1241548,27.83355],[118.1234682,27.8265669],[118.1257631,27.8232039],[118.1325662,27.8185206],[118.1271965,27.8176286],[118.1263864,27.8139658],[118.1205016,27.816675],[118.1186617,27.8121439],[118.1215799,27.8081962],[118.1211239,27.804329],[118.1179804,27.8023977],[118.1140858,27.7995174],[118.1064767,27.7989762],[118.1014755,27.79281],[118.0989206,27.788],[118.0985773,27.7828364],[118.0905092,27.7816215],[118.084501,27.7863294],[118.0781496,27.785722],[118.0761355,27.7847108]]}},{"type":"Feature","properties":{"name":"霍童溪","tier":2},"geometry":{"type":"LineString","coordinates":[[119.4543486,26.8581598],[119.4581862,26.859998],[119.46173,26.8575472],[119.4641352,26.8538045],[119.4648149,26.8455711],[119.4670325,26.8411063],[119.4702174,26.838383],[119.4721415,26.8353044],[119.4692442,26.8315744],[119.4646483,26.8295182],[119.4626364,26.8242184],[119.4633368,26.8181822],[119.4656396,26.8151495],[119.4704696,26.8097777],[119.4738271,26.8072604],[119.477616,26.8086838],[119.4798702,26.8120763],[119.481689,26.8151464],[119.4875114,26.8159799],[119.4918619,26.8137298],[119.4927793,26.8099858],[119.4967275,26.8085543],[119.5031379,26.8104071],[119.5075529,26.8093059],[119.5112168,26.8089707],[119.5135579,26.8125698],[119.5132499,26.8183928],[119.5172839,26.8201929],[119.5218061,26.8187183],[119.5223479,26.81395],[119.5196872,26.8099714],[119.5214546,26.8069361],[119.5276909,26.8073237],[119.533227,26.813701],[119.5369821,26.8141606],[119.5411234,26.8152522],[119.5527105,26.816497],[119.5601779,26.8154725],[119.5639408,26.8154918],[119.5683317,26.8138925],[119.5647268,26.803321],[119.5674734,26.7976518],[119.5729666,26.7945872],[119.5796205,26.7907448]]}},{"type":"Feature","properties":{"name":"后垄溪","tier":3},"geometry":{"type":"LineString","coordinates":[[119.1442742,27.0132142],[119.1487158,27.0133674],[119.1507428,27.0101971],[119.1507879,27.0045784],[119.1536537,27.000981],[119.1565702,26.9981962],[119.1632983,26.99698],[119.168475,26.997937],[119.1723835,26.998369],[119.1758073,26.9945208],[119.179752,26.9908518],[119.183716,26.9835061],[119.1852476,26.9797327],[119.1884908,26.9771635],[119.1922296,26.9762804],[119.1958783,26.9743936],[119.2022296,26.973952],[119.2061486,26.9735505],[119.206599,26.9696163],[119.2103367,26.9696306],[119.2110452,26.9658956],[119.2163372,26.9636937],[119.2208334,26.963554],[119.2249775,26.9655212],[119.2292718,26.9640758],[119.2361488,26.9613458],[119.238356,26.9567285],[119.2415092,26.9552027],[119.238522,26.9515327],[119.241441,26.9457858],[119.2452655,26.9439032],[119.2485021,26.9391263],[119.2473548,26.9327304],[119.2484118,26.9284923],[119.2506429,26.9251849],[119.2551861,26.9224735],[119.2539958,26.9170853],[119.2557354,26.9127582],[119.2603135,26.9092475],[119.2652577,26.9047568],[119.2672409,26.9009577],[119.2720332,26.8990411],[119.2768859,26.8983879],[119.2807315,26.9001026],[119.2823796,26.903777],[119.2860261,26.9042679],[119.2908947,26.9085126],[119.2952185,26.9091963],[119.300025,26.9120536],[119.3023023,26.908094]]}},{"type":"Feature","properties":{"name":"穆阳溪","tier":2},"geometry":{"type":"LineString","coordinates":[[119.5516044,27.0636284],[119.555475,27.0670325],[119.5595412,27.0682458],[119.5638565,27.065829],[119.568109,27.0628443],[119.5739276,27.063396],[119.5777179,27.0628919],[119.5826749,27.0611761],[119.5850782,27.0576601],[119.5910863,27.0546026],[119.5912658,27.0507941],[119.5883398,27.0475784],[119.5887461,27.0439656],[119.5928253,27.0425182],[119.5964005,27.0397067],[119.598108,27.0362619],[119.5964083,27.0330915],[119.5994304,27.0305051],[119.6025506,27.0280852],[119.6065879,27.0303059],[119.6108274,27.0299867],[119.6143007,27.028187],[119.6189625,27.0247588],[119.6206924,27.0214271],[119.6193354,27.0158511],[119.6220016,27.0114517],[119.6237127,27.0078603],[119.6196985,27.0049104],[119.6170072,27.0026124],[119.6152568,26.9990792],[119.616158,26.9956569],[119.6192694,26.9934581],[119.624033,26.9934199],[119.6278004,26.9923835],[119.629517,26.9883778],[119.6322942,26.9855995],[119.6358041,26.9875843],[119.6369199,26.9941999],[119.6377782,26.9983298],[119.6427269,26.9991113],[119.6487645,26.9865517],[119.6511678,26.9828804],[119.6602659,26.9807387],[119.6638707,26.9819625],[119.6729688,26.9816566]]}},{"type":"Feature","properties":{"name":"赛江（白马河）","tier":3},"geometry":{"type":"LineString","coordinates":[[119.6729688,26.9816566],[119.6731405,26.9744665],[119.6679906,26.9681939],[119.6580343,26.9551886],[119.6573476,26.949833],[119.6633558,26.9412636],[119.6645574,26.9359074],[119.6643857,26.927796],[119.6590642,26.9180004],[119.6542577,26.9138677],[119.6472196,26.9098878],[119.641298,26.9010308],[119.6417264,26.8962634],[119.6456746,26.8924361],[119.6623258,26.887843],[119.6674756,26.8818718],[119.6727971,26.8699285],[119.6767799,26.8594146],[119.6812085,26.8477228],[119.6842984,26.8262786],[119.6985463,26.8002338],[119.7076444,26.7570169],[119.719489,26.7446005],[119.7337369,26.735249],[119.7405041,26.7308423]]}},{"type":"Feature","properties":{"name":"九龙江","tier":1},"geometry":{"type":"LineString","coordinates":[[117.5487244,24.9333339],[117.5520287,24.931099],[117.5514534,24.9271633],[117.546452,24.9263453],[117.5456129,24.9189192],[117.5489808,24.9146635],[117.5564599,24.9134239],[117.5609231,24.9117113],[117.5595498,24.9070405],[117.5566315,24.9048868],[117.5536212,24.9023662],[117.5533662,24.896446],[117.5568032,24.8911586],[117.5586915,24.8871099],[117.5577581,24.8835964],[117.5616392,24.8817602],[117.5658975,24.8800261],[117.5712228,24.8774549],[117.572656,24.8734382],[117.5744512,24.8702808],[117.5759347,24.8664471],[117.5772309,24.8625036],[117.5768293,24.8552227],[117.5772309,24.8516005],[117.5789475,24.8463044],[117.5775742,24.8408522],[117.5791192,24.8372692],[117.5832899,24.8336395],[117.5874834,24.8310274],[117.596347,24.8279219],[117.6029801,24.8230921],[117.6052716,24.8197491],[117.6047397,24.8152434],[117.6030016,24.8122051],[117.6008058,24.8053645],[117.6022935,24.8014339],[117.6028866,24.7977718],[117.6007645,24.794786],[117.6009414,24.7907372],[117.6017785,24.7852266],[117.6013304,24.7810583],[117.6084733,24.7744726],[117.611928,24.7706149],[117.6099392,24.7645632],[117.5998473,24.7567615],[117.5981688,24.7525619],[117.6007076,24.7457692],[117.6064133,24.7425167],[117.6108765,24.7325385],[117.6121806,24.7315194]]}},{"type":"Feature","properties":{"name":"西溪","tier":2},"geometry":{"type":"LineString","coordinates":[[117.5081112,24.568461],[117.5138437,24.5700232],[117.5196373,24.5694523],[117.5246881,24.5672504],[117.528361,24.566515],[117.533114,24.5670712],[117.5399804,24.5719987],[117.5434971,24.5757533],[117.5507951,24.5791798],[117.5574898,24.5821458],[117.5619745,24.5820482],[117.567339,24.5802628],[117.5715383,24.5764302],[117.5742811,24.5732423],[117.5766706,24.570599],[117.5799415,24.5687761],[117.583754,24.564661],[117.5873589,24.5568546],[117.5883142,24.5529841],[117.5892472,24.5492037],[117.5889467,24.5430145],[117.5907147,24.5367585],[117.5916877,24.5327062],[117.5941168,24.5293531],[117.5982249,24.5261588],[117.6024842,24.5232012],[117.6054612,24.5193215],[117.6094706,24.5166854],[117.6130996,24.5146884],[117.6159092,24.5110669],[117.6213418,24.5091857],[117.6309987,24.5083337],[117.6449715,24.50409],[117.6485115,24.5026073],[117.65189,24.5006739],[117.6566604,24.4979692],[117.6600773,24.4958926],[117.6629968,24.4932079],[117.6658518,24.4901043],[117.6695939,24.4882929],[117.6741341,24.4880582],[117.6803933,24.4885646],[117.6843166,24.4905818],[117.689539,24.493267],[117.6961696,24.4950147],[117.7028071,24.4935778],[117.7065499,24.4927676],[117.7158407,24.4923339],[117.7200854,24.4911447],[117.7267629,24.4856215],[117.7322469,24.4825061],[117.7359284,24.4813312],[117.7415319,24.4807824],[117.7484857,24.4836545],[117.7532384,24.4854018],[117.7630402,24.4893386],[117.7686008,24.4896715],[117.7728562,24.4878685],[117.7761368,24.483346],[117.7789536,24.4807158],[117.7813372,24.4798722]]}},{"type":"Feature","properties":{"name":"九龙江","tier":1},"geometry":{"type":"LineString","coordinates":[[117.5408421,25.0766186],[117.5405814,25.0726955],[117.5430395,25.0675295],[117.5408772,25.0582025],[117.5375771,25.0533074],[117.5391224,25.0457406],[117.5380002,25.0405601],[117.5355495,25.0327921],[117.5371232,25.0273717],[117.5394014,25.0221487],[117.543823,25.020258],[117.548893,25.0215908],[117.5531344,25.0192513],[117.5525241,25.014353],[117.5485047,25.009078],[117.5473618,25.004623],[117.540667,25.0032228],[117.5362038,25.0047786],[117.5324189,25.0058723],[117.5279438,25.0062405],[117.5233094,25.0078482],[117.5185071,25.0073249],[117.5142312,25.0072677],[117.5097896,25.00792],[117.5047013,25.0086019],[117.5039315,25.0047786],[117.5058198,25.0018227],[117.5099396,24.9976221],[117.5058198,24.9882868],[117.5094349,24.9859452],[117.513212,24.9872739],[117.516639,24.9844259],[117.5183619,24.9787555],[117.5172334,24.9747005],[117.5163423,24.970992],[117.521326,24.9703916],[117.5248971,24.9673343],[117.5264597,24.9621662],[117.5263018,24.9586676],[117.5227781,24.9547246],[117.5192233,24.9530939],[117.5143479,24.9513642],[117.5108612,24.9519673],[117.5064329,24.9508596],[117.5031823,24.9493694],[117.499685,24.9513841],[117.4960675,24.9528586],[117.49364,24.9499791],[117.4943583,24.9463662],[117.4960059,24.9361883],[117.4979008,24.9329546],[117.4981719,24.9274978],[117.4999541,24.9243685],[117.5041407,24.9238424],[117.5078028,24.9223851],[117.5159125,24.922858],[117.5194699,24.9231013],[117.5238851,24.9250746],[117.5315667,24.929118],[117.5381213,24.9352582],[117.5415934,24.9374318],[117.5461387,24.9351823],[117.5487244,24.9333339]]}},{"type":"Feature","properties":{"name":"船场溪","tier":3},"geometry":{"type":"LineString","coordinates":[[117.3942506,24.4987103],[117.3983383,24.4991008],[117.4008008,24.5024166],[117.4030978,24.5068683],[117.4055695,24.5096931],[117.413378,24.512581],[117.4190962,24.5149415],[117.4234223,24.5193767],[117.4279163,24.5208253],[117.4314559,24.5197743],[117.4352185,24.5257041],[117.4402374,24.5290599],[117.4440558,24.5302799],[117.4471116,24.5348377],[117.4491112,24.5394886],[117.4527322,24.5401064],[117.4576074,24.5354607],[117.4594012,24.5324292],[117.4636431,24.5310587],[117.4668342,24.5333408],[117.4692559,24.5429578],[117.475472,24.5480466],[117.4791369,24.5487444],[117.4940978,24.5496382],[117.5038755,24.5519805],[117.5069182,24.5552623],[117.5064614,24.5638737],[117.5075309,24.5675426],[117.5081112,24.568461]]}},{"type":"Feature","properties":{"name":"龙山溪","tier":3},"geometry":{"type":"LineString","coordinates":[[117.4375093,24.5937359],[117.44282,24.5919799],[117.4460816,24.5894824],[117.4488282,24.5866727],[117.4507165,24.5810531],[117.4553513,24.5769943],[117.4589562,24.5754332],[117.4647927,24.5719987],[117.4711174,24.5711255],[117.4744963,24.5739412],[117.4769997,24.576729],[117.483418,24.5795993],[117.4953484,24.5793359],[117.4992966,24.5774626],[117.5027299,24.5715303],[117.5066781,24.5687202],[117.5081112,24.568461]]}},{"type":"Feature","properties":{"name":"永丰溪","tier":3},"geometry":{"type":"LineString","coordinates":[[117.3885442,24.7276798],[117.3881598,24.7236088],[117.388852,24.7191027],[117.3936397,24.715854],[117.3922824,24.7104011],[117.3916712,24.7054666],[117.395242,24.7041527],[117.398957,24.704338],[117.401993,24.7069702],[117.4079033,24.7098303],[117.411425,24.711119],[117.4133148,24.7065654],[117.4134826,24.7024916],[117.4170013,24.6952596],[117.4191355,24.6912241],[117.4222476,24.6884015],[117.4227119,24.6838342],[117.4271535,24.6800605],[117.431249,24.6786453],[117.431422,24.6743997],[117.4342485,24.6707829],[117.4378825,24.6690007],[117.440882,24.6665894],[117.4454164,24.6653096],[117.4476887,24.6620824],[117.4468493,24.6583779],[117.4462893,24.6529265],[117.4496078,24.6502619],[117.4480693,24.6465175],[117.447187,24.6429055],[117.4482528,24.6392603],[117.4476309,24.6355008],[117.4508234,24.6327824],[117.450362,24.6281109],[117.4505766,24.6241902],[117.4477871,24.6212642],[117.4433239,24.6219664],[117.4396869,24.6196256],[117.4381634,24.6158217],[117.4376269,24.6121249],[117.4387427,24.6092669]]}},{"type":"Feature","properties":{"name":"松溪","tier":2},"geometry":{"type":"LineString","coordinates":[[118.9637381,27.6068678],[118.9608788,27.6043291],[118.9559623,27.6077914],[118.955258,27.6112978],[118.9520141,27.6132675],[118.9492809,27.6108004],[118.9447614,27.6119651],[118.9417144,27.6138759],[118.9377018,27.6185531],[118.9355324,27.6231042],[118.9319083,27.6240666],[118.927488,27.6240096],[118.9253422,27.6212149],[118.9216086,27.6224126],[118.9192268,27.6182869],[118.9209648,27.6122407],[118.9157935,27.612659],[118.9135619,27.6155491],[118.9103004,27.6210247],[118.9069818,27.6246632],[118.9022108,27.6251503],[118.8997432,27.6211198],[118.8974043,27.6182964],[118.8943895,27.6163667],[118.8906022,27.6158628],[118.8892243,27.6207637],[118.8841971,27.62381],[118.8838216,27.6274886],[118.8865269,27.6304125],[118.8851091,27.6359863],[118.8827488,27.6378873]]}},{"type":"Feature","properties":{"name":"松溪","tier":2},"geometry":{"type":"LineString","coordinates":[[118.8827488,27.6378873],[118.8806244,27.6333819],[118.8764831,27.6307585],[118.8762471,27.6254545],[118.8744017,27.621443],[118.8706895,27.6195227],[118.8668915,27.6193516],[118.8630291,27.6180017],[118.8606902,27.6134196],[118.8616888,27.6093704],[118.8615535,27.6057449],[118.8580509,27.6038744],[118.8543602,27.6035131]]}},{"type":"Feature","properties":{"name":"渭田溪","tier":3},"geometry":{"type":"LineString","coordinates":[[118.7826614,27.7088916],[118.7861603,27.7083776],[118.789527,27.7094664],[118.7925708,27.7113034],[118.7953466,27.7089129],[118.7969132,27.7054152],[118.7983492,27.701601],[118.800754,27.6989486],[118.8046085,27.6995631],[118.8109656,27.6969663],[118.8125734,27.6930362],[118.8121474,27.6893494],[118.8124772,27.6853217],[118.8101274,27.6817807],[118.8094678,27.6782273],[118.8103335,27.6743818],[118.8133842,27.6720695],[118.8171769,27.6714488],[118.8211757,27.6738341],[118.8234705,27.6709986],[118.8226598,27.6670919],[118.8236354,27.6631486],[118.8268785,27.6616881],[118.828445,27.6580002],[118.828871,27.6540809],[118.83265,27.6523525],[118.8359402,27.6499098],[118.8417314,27.6498926],[118.8419355,27.6461139],[118.8407014,27.6427914],[118.8423921,27.6387113],[118.8426059,27.634588],[118.846099,27.6338432],[118.8493591,27.6324186],[118.8466918,27.6296164],[118.8468813,27.6254369],[118.8474719,27.6215364],[118.8502733,27.6189559],[118.8490852,27.6153764],[118.8517638,27.6131153],[118.8517284,27.6117507]]}},{"type":"Feature","properties":{"name":"松溪","tier":2},"geometry":{"type":"LineString","coordinates":[[118.8543602,27.6035131],[118.8491889,27.6010981],[118.848159,27.5960778],[118.8433739,27.5920272],[118.8400909,27.5936437],[118.8351126,27.5958116],[118.8272807,27.5950129],[118.8256713,27.5916659],[118.8283535,27.5880336],[118.8258645,27.5834691],[118.8224097,27.5816243],[118.8244697,27.5769075],[118.8282462,27.5741686],[118.8301345,27.5709731],[118.8259718,27.5643917],[118.8206931,27.5632123],[118.8184615,27.5577528],[118.8126559,27.5534414],[118.8079038,27.5518297],[118.8047286,27.5490589],[118.8010421,27.5450708],[118.7975188,27.5412965],[118.7954628,27.5347854],[118.7903414,27.5320037],[118.786785,27.5315585],[118.7832061,27.5280046],[118.7835676,27.5241063],[118.7829794,27.5205016],[118.7785615,27.5210978],[118.7750741,27.5225257],[118.7695166,27.5208084],[118.7650748,27.5131344],[118.7619849,27.5113074],[118.7516316,27.5136577],[118.7419006,27.5110029],[118.7338432,27.5080054]]}},{"type":"Feature","properties":{"name":"松溪","tier":2},"geometry":{"type":"LineString","coordinates":[[118.7338432,27.5080054],[118.7293693,27.5049127],[118.728511,27.499888],[118.7333175,27.4977182],[118.7373838,27.4964906],[118.7413856,27.4930359],[118.7371906,27.4890005],[118.7328025,27.4877061],[118.7295934,27.482241],[118.7285968,27.4784926],[118.7204429,27.4738475],[118.7199708,27.4690405],[118.7252494,27.4636429],[118.7228461,27.4605965],[118.7183829,27.4558745],[118.7209579,27.4494766],[118.7243267,27.4453825],[118.723962,27.4409359],[118.7195095,27.4407455],[118.7154647,27.4414025],[118.7128147,27.4376224],[118.7148532,27.4318328],[118.7156686,27.4267096],[118.7138983,27.4232052],[118.7085983,27.4193101],[118.7037231,27.4165163],[118.698084,27.4109481],[118.6926928,27.4114862],[118.6863038,27.4109338],[118.6819907,27.4045285],[118.682849,27.4007185],[118.6869689,27.3953843],[118.6917754,27.3937078],[118.696067,27.3918788],[118.6964103,27.385782],[118.6964103,27.3775509],[118.695552,27.3732826],[118.6934921,27.3667275],[118.6943504,27.3620015],[118.6946937,27.3554457],[118.6948653,27.3498043],[118.6968824,27.3462403],[118.7034055,27.3436099],[118.7085983,27.3354709]]}},{"type":"Feature","properties":{"name":"杉溪","tier":3},"geometry":{"type":"LineString","coordinates":[[118.7191415,27.5579711],[118.7217915,27.5554648],[118.7225313,27.5594131],[118.7260757,27.5582359],[118.7260488,27.5539529],[118.7276527,27.550733],[118.7238372,27.5498828],[118.7272776,27.5458284],[118.7308738,27.5446449],[118.731318,27.5411299],[118.7265936,27.5410493],[118.7258679,27.5372664],[118.7299991,27.5361209],[118.732773,27.5338699],[118.7315751,27.5304919],[118.7350607,27.5315264],[118.7370515,27.5285052],[118.7358982,27.5248882],[118.7399065,27.5233748],[118.7371584,27.5195762],[118.7333465,27.5154366],[118.7312576,27.5118403],[118.7337895,27.5091664],[118.7338432,27.5080054]]}},{"type":"Feature","properties":{"name":"竹口溪","tier":3},"geometry":{"type":"LineString","coordinates":[[118.940622,27.7075967],[118.9350196,27.7066222],[118.9310901,27.7085965],[118.9275012,27.708836],[118.9234121,27.7099448],[118.9196684,27.7103482],[118.9165272,27.7077878],[118.9145252,27.7035452],[118.9113931,27.6996593],[118.9093261,27.695707],[118.9053786,27.6941601],[118.9005157,27.6952232],[118.8979408,27.6924873],[118.8990748,27.6878746],[118.8969505,27.6835946],[118.8959527,27.6795662],[118.8956845,27.6758703],[118.8982272,27.6723642],[118.8975974,27.6654282],[118.8996673,27.6606943],[118.8989859,27.6572575],[118.9013174,27.6546126],[118.9053222,27.651288],[118.9033808,27.647714],[118.8997077,27.6458416],[118.8980061,27.6424261],[118.8934776,27.641708],[118.8897868,27.639655],[118.8837787,27.6390088],[118.8827488,27.6378873]]}},{"type":"Feature","properties":{"name":"七星溪","tier":3},"geometry":{"type":"LineString","coordinates":[[118.8496697,27.3632091],[118.847027,27.3659604],[118.8436734,27.368968],[118.8369795,27.3685759],[118.8330527,27.3690142],[118.8301345,27.3712438],[118.8242766,27.3736638],[118.8203498,27.3766363],[118.816466,27.3746736],[118.8131308,27.3704229],[118.809916,27.3680237],[118.8052221,27.3689571],[118.8018533,27.3708436],[118.7979909,27.371339],[118.7954589,27.3741973],[118.793914,27.379159],[118.7907365,27.381933],[118.7877771,27.3786369],[118.7855884,27.3746165],[118.7841769,27.3710096],[118.7813827,27.3688618],[118.7758144,27.3637737],[118.7741729,27.3589523],[118.7729874,27.3552836],[118.771083,27.3517864],[118.7697097,27.3473647],[118.7677243,27.3437941],[118.7622639,27.3447059],[118.7582105,27.3470793],[118.7493875,27.3443505],[118.7441965,27.3440198],[118.739669,27.3450108],[118.7342616,27.3456398],[118.7286504,27.3462307],[118.7235328,27.3438577],[118.7176963,27.3403506],[118.7129117,27.3377422],[118.7085983,27.3354709]]}},{"type":"Feature","properties":{"name":"龙潭溪","tier":3},"geometry":{"type":"LineString","coordinates":[[118.8663304,27.3322967],[118.8702035,27.3344412],[118.8661909,27.3371289],[118.8625059,27.3379828],[118.8614166,27.3416368],[118.8560125,27.3462879],[118.8529655,27.3490419],[118.8500472,27.3527013],[118.8482758,27.3568948],[118.8490367,27.3606459],[118.8496697,27.3632091]]}},{"type":"Feature","properties":{"name":"松溪","tier":2},"geometry":{"type":"LineString","coordinates":[[118.7085983,27.3354709],[118.7085983,27.3278461],[118.7091132,27.3211357],[118.7069943,27.317666],[118.7010452,27.3161027],[118.6970969,27.314425],[118.6952087,27.3090866],[118.6946937,27.3023751],[118.6900588,27.2990193],[118.6902305,27.2938327],[118.6958953,27.2912393],[118.6988136,27.2878831],[118.6962386,27.2837639],[118.6933204,27.2796447],[118.6989852,27.2743046],[118.7037917,27.2707953],[118.7060233,27.2672859],[118.7060233,27.262403],[118.7039634,27.2595037],[118.6995002,27.2596563],[118.695552,27.2636237],[118.6916038,27.264997],[118.6874839,27.263166],[118.6874839,27.2581303],[118.6907455,27.2533996],[118.6924621,27.2445482],[118.6928054,27.2410379],[118.696067,27.2389012],[118.6976119,27.2352381],[118.6924621,27.2331013],[118.6892005,27.2314223],[118.6881705,27.2265379],[118.6910888,27.2228744],[118.6898511,27.2181194],[118.6867827,27.2162647],[118.6790126,27.2141343],[118.6782142,27.20883],[118.6835357,27.208372],[118.6885945,27.2051844],[118.6806174,27.2016544],[118.6761543,27.2010437],[118.6728927,27.1996696],[118.6733466,27.1946162],[118.6756941,27.1914333],[118.6778966,27.185893],[118.6775275,27.1789034],[118.6756393,27.1747802]]}},{"type":"Feature","properties":{"name":"松溪","tier":2},"geometry":{"type":"LineString","coordinates":[[118.6756393,27.1747802],[118.6694595,27.1721841],[118.6634513,27.1695878],[118.6581805,27.168622],[118.6534443,27.1681806],[118.6478705,27.1691909],[118.6435386,27.1686715],[118.631064,27.159051],[118.6269278,27.155601],[118.6243125,27.1512599],[118.6219951,27.1482241],[118.620536,27.1420948],[118.6182522,27.1345736],[118.6154042,27.130745],[118.6071248,27.1280694],[118.6020535,27.1276551],[118.597705,27.1248319],[118.5957563,27.1277538],[118.5925552,27.1297208],[118.5859308,27.1293066],[118.5821986,27.1276768],[118.5803384,27.1242088],[118.5732748,27.1206465],[118.5685943,27.119565],[118.5632728,27.119565],[118.5574363,27.1197178],[118.5534881,27.1239958],[118.5481666,27.1298014],[118.5447334,27.1319402],[118.5392368,27.1246074],[118.536322,27.1198706],[118.5310662,27.1138031],[118.5208805,27.1066262],[118.5155852,27.1054939],[118.5081695,27.1068828],[118.5047363,27.1084109],[118.5001014,27.1093277],[118.4934066,27.1073412],[118.49272,27.1035211],[118.49375,27.0993951],[118.4965351,27.0907475],[118.4953401,27.0855458],[118.4915184,27.0805972],[118.4868835,27.0792216],[118.4783004,27.0813614],[118.4734939,27.0859465],[118.4688029,27.0875611],[118.4657506,27.084033],[118.4634312,27.0812982],[118.453949,27.075841],[118.4501912,27.0745793],[118.446312,27.0743002],[118.44002,27.0754004],[118.4360717,27.077846],[118.4317802,27.0793744],[118.4247421,27.0812086],[118.4194206,27.088239],[118.4159874,27.0925182],[118.4122108,27.0943521],[118.4017395,27.0932823],[118.3986496,27.0903786],[118.3972763,27.0830426],[118.3983062,27.0766232],[118.3974479,27.0731077],[118.3941005,27.0698595],[118.3896643,27.0685938],[118.3851205,27.0704518],[118.3797668,27.0703563],[118.3776371,27.065269],[118.372557,27.0582801],[118.3692695,27.0540722],[118.3617424,27.0486487],[118.358111,27.0457715],[118.3533417,27.0461261],[118.3501124,27.0476263],[118.3463894,27.0453425],[118.3420442,27.0413196],[118.3389972,27.0379844],[118.3343838,27.0372199],[118.3254467,27.0343626],[118.3219813,27.0330342],[118.3169307,27.0307692],[118.3156858,27.0304393]]}},{"type":"Feature","properties":{"name":"水源溪","tier":3},"geometry":{"type":"LineString","coordinates":[[118.8813377,27.168634],[118.8770719,27.1672494],[118.8739661,27.1649446],[118.8701562,27.1626704],[118.8660763,27.1601985],[118.8624458,27.1612188],[118.8596331,27.158983],[118.8560794,27.1601058],[118.8518937,27.1596985],[118.851079,27.1631783],[118.8469806,27.1624285],[118.8449099,27.1655444],[118.8415497,27.1644131],[118.8375953,27.1656093],[118.8363183,27.1691658],[118.8325475,27.1708448],[118.8268321,27.1673055],[118.8223519,27.1659105],[118.8180675,27.1662327],[118.8144354,27.1680373],[118.8106369,27.1670264],[118.8066456,27.1669533],[118.8030331,27.1657354],[118.804024,27.1619385],[118.80041,27.160051],[118.796619,27.1581671],[118.7930978,27.1565605],[118.7889169,27.1558459],[118.7862278,27.1533742],[118.7822512,27.1514467],[118.7787243,27.1536723],[118.7736329,27.1537041],[118.769331,27.1530924],[118.7653238,27.1539373],[118.7617859,27.1540936],[118.7583446,27.1564718],[118.755236,27.158443],[118.7511349,27.1586292],[118.7463713,27.1582665],[118.7430292,27.1564145],[118.7384122,27.1571183],[118.7340041,27.1579805],[118.7305977,27.1604004],[118.7267676,27.1615124],[118.7223312,27.1621043],[118.7103149,27.1669916],[118.706195,27.1715732],[118.7010934,27.1723224],[118.6970487,27.1716256],[118.6941841,27.1674163],[118.6920264,27.1646249],[118.6885782,27.1674354],[118.6837757,27.1680271],[118.6813893,27.1707357],[118.6780765,27.1728798],[118.6756393,27.1747802]]}},{"type":"Feature","properties":{"name":"梅溪","tier":3},"geometry":{"type":"LineString","coordinates":[[118.7666221,26.1067172],[118.7657038,26.1108239],[118.7634243,26.1146777],[118.7594787,26.1182307],[118.7565586,26.1205106],[118.7538045,26.1237818],[118.7479724,26.1240055],[118.7437295,26.1240847],[118.7399277,26.1247861],[118.7393626,26.1283159],[118.7405931,26.1316692],[118.7445498,26.13414],[118.7450795,26.1379589],[118.7442776,26.1414509],[118.7452355,26.1454433],[118.749307,26.1480111],[118.7512232,26.1509541],[118.7474018,26.1524157],[118.7464271,26.1562932],[118.7500269,26.157695],[118.7546126,26.15855],[118.7571491,26.1626261],[118.7617237,26.1614232],[118.7649247,26.1589576],[118.7683141,26.1564622],[118.7706623,26.1607074],[118.7689344,26.1646145],[118.7701639,26.1679348],[118.7735311,26.1694857],[118.7786595,26.1701616],[118.7823258,26.1720604],[118.7833338,26.1764243],[118.7853386,26.1803507]]}},{"type":"Feature","properties":{"name":"九龙江","tier":1},"geometry":{"type":"LineString","coordinates":[[116.9593595,25.1027792],[116.9636487,25.1020751],[116.9675674,25.1017822],[116.9708331,25.1045704],[116.9739298,25.1072044],[116.9756394,25.1107144],[116.979249,25.1113146],[116.9824869,25.1082336],[116.9872089,25.1068165],[116.9897165,25.1038693],[116.994675,25.1021512],[116.9980855,25.1033597],[117.001772,25.1052783],[117.0058977,25.1050547],[117.0079956,25.1022407],[117.0122854,25.1022226],[117.0158734,25.1026816],[117.0200559,25.1000251],[117.0226952,25.0963873],[117.0262489,25.0955096],[117.0287304,25.0957281]]}},{"type":"Feature","properties":{"name":"九龙江","tier":1},"geometry":{"type":"LineString","coordinates":[[117.1534113,25.2573136],[117.1554571,25.2529403],[117.1566659,25.2493238],[117.1612534,25.2500808],[117.165128,25.2477258],[117.1674188,25.2511833],[117.1658476,25.2544273],[117.1693074,25.256164],[117.1706087,25.2602259],[117.1776234,25.26479],[117.1805594,25.2697271],[117.1790041,25.2735446],[117.1792898,25.2773045],[117.1844476,25.2760991],[117.1896531,25.2741904],[117.1948744,25.2753672],[117.198112,25.2819254],[117.2020796,25.2819828],[117.205698,25.285929],[117.2054758,25.2907217],[117.2032857,25.2938355],[117.1976994,25.2959447],[117.1955053,25.2989722],[117.1990364,25.3014831],[117.2047101,25.3032587],[117.2115343,25.303456],[117.2163152,25.3014293],[117.2201439,25.2994385],[117.2236949,25.2969276],[117.2240456,25.293363],[117.2285949,25.2926768],[117.2347645,25.2921567],[117.2383154,25.2924078],[117.2389106,25.2974119],[117.24143,25.3005685],[117.246568,25.3047652],[117.2490285,25.3078542],[117.2473296,25.3132829],[117.2448612,25.3160569],[117.2450194,25.3207359],[117.2472296,25.3238747],[117.2497049,25.326984],[117.2542969,25.3243269],[117.2548051,25.3193567],[117.2541936,25.313848],[117.2583671,25.3110353],[117.2619655,25.3134548],[117.2635218,25.3173598],[117.2658889,25.3203228],[117.2682911,25.3232998],[117.2749554,25.3183265],[117.2801086,25.3126874],[117.2832083,25.3143687],[117.2832858,25.3186066],[117.2842544,25.3224592],[117.2907637,25.3229145],[117.2927427,25.3182071],[117.2963431,25.3163301],[117.2993266,25.3202528],[117.3097492,25.3198675],[117.3132054,25.321485],[117.3105241,25.3250509],[117.3078506,25.3275725],[117.3081307,25.3291163]]}},{"type":"Feature","properties":{"name":"九龙江","tier":1},"geometry":{"type":"LineString","coordinates":[[117.3244411,25.3346397],[117.3271573,25.3319419],[117.3269159,25.3276896],[117.324341,25.3238105],[117.3279513,25.3236069],[117.3309017,25.3272289],[117.3379022,25.3289309],[117.3421079,25.3304437],[117.3454983,25.3316461],[117.348159,25.3352534],[117.3513776,25.3401794],[117.3554117,25.339326],[117.3621876,25.3342302],[117.3635798,25.3331881]]}},{"type":"Feature","properties":{"name":"溪南溪","tier":3},"geometry":{"type":"LineString","coordinates":[[117.5748789,25.3688749],[117.5702011,25.3694372],[117.5681949,25.3661605],[117.5644183,25.3659956],[117.5616718,25.3635913],[117.5581528,25.3600818],[117.559762,25.3565529],[117.5569832,25.3543327],[117.5564575,25.3502993],[117.5534321,25.3463725],[117.5500631,25.3477687],[117.5470483,25.3499794],[117.5474239,25.3453253],[117.5474866,25.3401784],[117.5431199,25.3402463],[117.5406094,25.3348646],[117.5420487,25.33079],[117.542392,25.3264455],[117.5415428,25.3226846],[117.5389803,25.3169317],[117.5374943,25.3124558]]}},{"type":"Feature","properties":{"name":"九龙江","tier":1},"geometry":{"type":"LineString","coordinates":[[117.7053565,24.59022],[117.7167974,24.5815616],[117.7201295,24.5794138],[117.7218127,24.5740695],[117.7203074,24.5637614],[117.7271256,24.5571574],[117.7326599,24.5577615],[117.7393453,24.5552647],[117.7502692,24.5552841],[117.7590916,24.5534526],[117.7655999,24.5501503],[117.7670955,24.5463937],[117.7639557,24.5379663],[117.7716151,24.5346234],[117.7811671,24.5299567],[117.7848507,24.5262833],[117.7845657,24.5194303],[117.78563,24.5055941],[117.7859176,24.4994414],[117.7867407,24.4983114]]}},{"type":"Feature","properties":{"name":"晋江","tier":1},"geometry":{"type":"LineString","coordinates":[[118.4652953,24.9748574],[118.469969,24.9792186],[118.4734514,24.9836213],[118.4773003,24.9834967],[118.4816553,24.9804517],[118.4905446,24.9800364],[118.4945768,24.9767551],[118.5028246,24.9654153],[118.5086403,24.9581404],[118.5146991,24.950474],[118.5227178,24.94593],[118.5300366,24.9433561],[118.537177,24.9429782],[118.5426206,24.9439093],[118.5520013,24.9448717],[118.5573017,24.9427456],[118.559377,24.9388691],[118.5627383,24.9344476],[118.5650878,24.9272963],[118.5615253,24.9170672],[118.5689367,24.9025701],[118.5743894,24.8978321],[118.5801614,24.8952143],[118.5826372,24.891847],[118.5850657,24.8822869],[118.5902893,24.8779638],[118.5968184,24.875912],[118.6040484,24.8736515]]}},{"type":"Feature","properties":{"name":"金溪","tier":2},"geometry":{"type":"LineString","coordinates":[[117.2769552,27.2074031],[117.2804314,27.2065586],[117.282958,27.2036388],[117.2863376,27.2018496],[117.2900712,27.2012294],[117.2943413,27.2016158],[117.2981286,27.2007809],[117.302168,27.2017303],[117.304979,27.1993782],[117.3066902,27.1962005],[117.3064488,27.1923451],[117.3053198,27.1887589],[117.3012148,27.1853463],[117.2991883,27.1818026],[117.2987986,27.1775962],[117.3002016,27.1736825],[117.2980539,27.1691985],[117.3000456,27.1656772],[117.3011271,27.1613138],[117.299463,27.1578749],[117.3018763,27.1550154],[117.3015271,27.1506773],[117.3032154,27.1469187],[117.3036682,27.1423136],[117.3019776,27.1383422],[117.3031517,27.1347293],[117.3056602,27.1321981],[117.3075432,27.129114],[117.3085409,27.1255667],[117.3055637,27.1234516],[117.302345,27.1208304],[117.2996419,27.117371],[117.2964817,27.115817],[117.2936118,27.1136731],[117.2920571,27.1103748],[117.2951031,27.1071934],[117.2934186,27.1039271],[117.2919112,27.1007658],[117.2889737,27.0983394],[117.287319,27.0946888],[117.2866853,27.0901196],[117.288611,27.0864993],[117.2843099,27.0854117],[117.2842849,27.0811775],[117.2830909,27.0773978],[117.2813755,27.0742351],[117.2786505,27.0717692],[117.2798037,27.0679728],[117.2814522,27.0647446],[117.2819565,27.0607606],[117.2825235,27.0571337],[117.2831904,27.0535946],[117.2844332,27.0500583],[117.286983,27.0468917],[117.2866718,27.0426202],[117.2836447,27.039786],[117.284392,27.0358163],[117.2824983,27.032027],[117.2822408,27.0273203],[117.2832423,27.022923],[117.2821818,27.018188],[117.2792619,27.0161131],[117.275251,27.0161043],[117.2753958,27.0123718],[117.2721289,27.0084815],[117.2684489,27.0048539],[117.2668986,27.0015464],[117.2677284,26.9979799],[117.2709471,26.9940795],[117.2731189,26.9903244],[117.2719457,26.9863182],[117.2670377,26.9828178],[117.2632991,26.9812978],[117.2598122,26.9827938],[117.25447,26.9763627],[117.2526131,26.9727834],[117.2488527,26.9731897],[117.2454339,26.9717978],[117.24737,26.9681932],[117.243043,26.9653871],[117.2379098,26.9660779],[117.2352925,26.962145],[117.2345871,26.9586693],[117.2343599,26.9545513],[117.2332154,26.9510904],[117.2325824,26.9471213],[117.2282255,26.9450081],[117.2251902,26.9416697],[117.2206197,26.9423871],[117.2172825,26.9408531],[117.2173368,26.9365431],[117.2135709,26.9367822],[117.2109891,26.9395476],[117.2051059,26.9378439],[117.2070752,26.9332985],[117.2085515,26.9297444],[117.205856,26.9250181],[117.2021116,26.9233038],[117.1987544,26.9211617],[117.2020783,26.9186601],[117.1975251,26.9148664]]}},{"type":"Feature","properties":{"name":"金溪","tier":2},"geometry":{"type":"LineString","coordinates":[[117.0354416,26.8487989],[117.0371377,26.8428264],[117.033813,26.8326491],[117.0314073,26.8219151],[117.0300793,26.8159897],[117.0318861,26.812759],[117.0400357,26.8071803],[117.0361561,26.8042175],[117.0335812,26.7988548],[117.0423359,26.7937982],[117.0324611,26.7791772],[117.0284313,26.7685123],[117.0337528,26.7574767],[117.0432586,26.7346836],[117.0609826,26.7296434],[117.0704883,26.729586],[117.0785565,26.7199169],[117.0854486,26.7147964],[117.0928043,26.7131415],[117.1034112,26.7042332],[117.1109038,26.7070637],[117.1149057,26.7094037],[117.123124,26.711886],[117.1275886,26.7123657],[117.1311281,26.7117139],[117.1383054,26.7098446],[117.1418994,26.7114266],[117.1441314,26.7165547],[117.1540231,26.7166011],[117.167477,26.7130169],[117.1726269,26.7070364],[117.1746868,26.6950747],[117.1769952,26.6922547],[117.1830982,26.6847988],[117.1839565,26.6792771],[117.1861155,26.676394],[117.1983794,26.6741073],[117.206326,26.6713292],[117.2117166,26.6749795],[117.2215249,26.6723095],[117.2275266,26.672041],[117.2315067,26.6739085],[117.2377626,26.6733582],[117.2407682,26.6675369],[117.2428802,26.6643595],[117.2486003,26.6629894],[117.2537147,26.6607295],[117.257252,26.6577792],[117.2644392,26.6559766],[117.2694217,26.6511419],[117.2739868,26.6448715],[117.2850651,26.6466014],[117.2895672,26.6461594],[117.2945175,26.6429891]]}},{"type":"Feature","properties":{"name":"延寿溪","tier":2},"geometry":{"type":"LineString","coordinates":[[118.7802261,25.5219732],[118.7836754,25.5208913],[118.7865078,25.5180229],[118.7862664,25.5143461],[118.7886482,25.5112524],[118.7893805,25.5076068],[118.7924516,25.5053506],[118.7947234,25.5021527],[118.7975344,25.499572],[118.7988728,25.4963352],[118.7986046,25.4926407],[118.8015711,25.4898274],[118.8030624,25.4859051],[118.8036062,25.4820854],[118.805568,25.4779324],[118.8080804,25.4749185],[118.8123367,25.4718113],[118.8113061,25.4681322],[118.8152558,25.4660496],[118.8188187,25.4674197],[118.8186996,25.4639074],[118.8178435,25.4601588],[118.8188761,25.4565229],[118.8206543,25.4519651],[118.823706,25.449541],[118.825989,25.4458945],[118.8281688,25.4424136],[118.8302568,25.4391606],[118.830991,25.4390466]]}},{"type":"Feature","properties":{"name":"船场溪","tier":3},"geometry":{"type":"LineString","coordinates":[[117.1811307,24.7355387],[117.1847785,24.7344084],[117.188368,24.7307809],[117.1923799,24.7307687],[117.1967733,24.7307875],[117.195856,24.7270259],[117.1980019,24.7228118],[117.1996379,24.719595],[117.1996854,24.7153024],[117.1999384,24.7114919],[117.2005281,24.7080304],[117.2022681,24.7047221],[117.2060085,24.7061065],[117.2051372,24.7097349],[117.2106028,24.7072893],[117.2167467,24.7007267],[117.215505,24.6972892],[117.2194058,24.6957743],[117.2212378,24.6927556],[117.2248735,24.6926968],[117.2287942,24.6915404],[117.2347212,24.6918021],[117.2360258,24.6885036],[117.2325225,24.6860828],[117.2279485,24.6858097],[117.2245717,24.6838719],[117.2278346,24.6820624],[117.2323517,24.6808043],[117.2319531,24.6742596],[117.2287885,24.6700209],[117.2258062,24.6674494],[117.2276521,24.6633103],[117.2300994,24.659777],[117.2300503,24.6560971],[117.2319275,24.6526416],[117.2362997,24.6501913],[117.2361983,24.6456198],[117.2344273,24.6406946],[117.2364564,24.6371549],[117.2369735,24.6307655],[117.2375209,24.6263219],[117.2420343,24.6256762],[117.2440028,24.6224171],[117.2483232,24.622696],[117.2488009,24.6170758],[117.2488661,24.6135161],[117.2519992,24.610681],[117.2543134,24.6078952],[117.2514164,24.6046278],[117.253821,24.6015295],[117.2564969,24.5992241],[117.2583675,24.5955388],[117.2636247,24.5919829],[117.2678952,24.590191],[117.2695567,24.58704],[117.2714335,24.5837381],[117.2734455,24.5805196],[117.2767997,24.5786901],[117.278941,24.5748376],[117.2813291,24.5720977],[117.2831646,24.5690382],[117.285775,24.5664786],[117.2900964,24.566416],[117.2915285,24.5631454],[117.2952425,24.5610292],[117.2990614,24.5594401],[117.3029502,24.5610467],[117.3046579,24.5575584],[117.3082128,24.5525903],[117.312057,24.5505504],[117.3160887,24.5511244],[117.3185134,24.545186],[117.3220664,24.5461468],[117.3253231,24.5476911],[117.3283648,24.5439777],[117.3297318,24.5436757]]}},{"type":"Feature","properties":{"name":"石窟河","tier":3},"geometry":{"type":"LineString","coordinates":[[116.0891685,24.8787497],[116.0921208,24.875682],[116.0939768,24.8704405],[116.0917023,24.8674035],[116.0881617,24.8660407],[116.0861019,24.8626142],[116.0803628,24.8604477],[116.0789219,24.8571609],[116.078935,24.8558307]]}},{"type":"Feature","properties":{"name":"中赤溪","tier":3},"geometry":{"type":"LineString","coordinates":[[116.1282885,24.9164287],[116.1237073,24.9159033],[116.1200479,24.9159866],[116.1173773,24.9132031],[116.1137876,24.9136708],[116.1107683,24.9163509],[116.109834,24.9123085],[116.1086065,24.9090238],[116.1065725,24.9143324],[116.104711,24.9109121],[116.1023453,24.9074431],[116.099706,24.9099731],[116.0967878,24.9071706],[116.0963104,24.904913]]}},{"type":"Feature","properties":{"name":"石窑河","tier":3},"geometry":{"type":"LineString","coordinates":[[116.0390539,24.9951555],[116.0421318,24.9929821],[116.045803,24.9931211],[116.0459735,24.9892063],[116.0485593,24.9849823],[116.0499517,24.9890002],[116.0527374,24.9920302],[116.0567999,24.9914212],[116.0549408,24.9880175],[116.0580298,24.9839484],[116.0598654,24.9807968],[116.0559118,24.9787643],[116.0606646,24.9782051],[116.0595587,24.9734936],[116.0624555,24.9711448],[116.0658887,24.9677212],[116.0621122,24.9642976],[116.0584073,24.9684737],[116.0567907,24.9630526],[116.0526708,24.9611851],[116.0524991,24.9566718],[116.0480252,24.9529025],[116.0521666,24.9502566],[116.050289,24.9455581],[116.0492376,24.9412632],[116.0516462,24.9397942]]}},{"type":"Feature","properties":{"name":"石窑河","tier":3},"geometry":{"type":"LineString","coordinates":[[116.0609964,25.0297197],[116.0645905,25.0273088],[116.0679165,25.0247326],[116.0672785,25.021254],[116.0632103,25.0213535],[116.0600093,25.0184134],[116.0560074,25.0164155],[116.0524634,25.0143379],[116.0504982,25.0107448],[116.0471053,25.0116611],[116.0433467,25.0124787],[116.0407081,25.0075386],[116.0396245,25.0031972],[116.0419313,24.9999204],[116.0377792,24.9979951],[116.0322043,24.9981021],[116.0303548,24.9943292],[116.0332203,24.9917469],[116.0369003,24.9930207],[116.0390539,24.9951555]]}},{"type":"Feature","properties":{"name":"富屯溪","tier":2},"geometry":{"type":"LineString","coordinates":[[117.601385,27.1521999],[117.601952,27.1467495],[117.6054327,27.1451194],[117.6117752,27.1469085],[117.6156342,27.1489753],[117.6201987,27.1487703],[117.6265729,27.1490355],[117.6312338,27.1487266],[117.6350171,27.1474377],[117.6389169,27.1433684],[117.6433224,27.1368203],[117.6458534,27.132968],[117.6434993,27.1293596],[117.6436056,27.123317],[117.6438151,27.1177538],[117.6402396,27.1136189],[117.6369566,27.1100654],[117.6388114,27.1061859],[117.6415997,27.1037505],[117.6446461,27.1081677],[117.6485822,27.110518],[117.6520802,27.1099678],[117.6560775,27.1100739],[117.6613045,27.107173],[117.6619757,27.102004],[117.6645558,27.0953055],[117.6662177,27.091182],[117.6679879,27.0829099],[117.6711315,27.0781432],[117.6752407,27.0679594],[117.6787725,27.0618832],[117.6860661,27.0593608],[117.6915592,27.0612239],[117.6961405,27.0618544],[117.7014727,27.0598958],[117.7033395,27.0541631],[117.7021593,27.0494811],[117.6880603,27.0353555],[117.6862377,27.0322803],[117.687096,27.0269284],[117.689671,27.0224938],[117.6996059,27.014065],[117.7040905,27.0111771],[117.7064938,27.0084242],[117.7028889,27.0036829],[117.7011723,27.0001651],[117.7066654,26.9957295],[117.7131886,26.9951176],[117.7186153,26.9916013],[117.721181,26.9857535],[117.7235103,26.9831401],[117.7293673,26.9774688],[117.7372212,26.9703357],[117.7427143,26.9671228],[117.7480358,26.9642159],[117.7483791,26.9605438],[117.7447743,26.9571776],[117.7413893,26.9537443],[117.7375537,26.9472316],[117.736277,26.9430807],[117.7366001,26.9384725],[117.7379721,26.9348551],[117.7409012,26.9325404],[117.7488834,26.9289917],[117.7530033,26.9296134],[117.7642579,26.9297665],[117.7717251,26.9274899],[117.775845,26.9258063],[117.778845,26.9230364],[117.7808231,26.9175412],[117.7691502,26.908357],[117.7561039,26.899019],[117.7543873,26.8953448],[117.757969,26.8919009],[117.7633512,26.8885989],[117.7674014,26.8851157],[117.7726252,26.8753702],[117.77533,26.867019],[117.7801205,26.8619128],[117.7828831,26.8585964],[117.775845,26.8491011],[117.7757551,26.8453235],[117.7792805,26.8429268],[117.7837301,26.8426229],[117.789969,26.8390997],[117.7925615,26.8351955],[117.7926859,26.8299932],[117.7952304,26.8236143],[117.7964443,26.8169338],[117.7956937,26.8122585],[117.796101,26.8034514],[117.7973332,26.7948963]]}},{"type":"Feature","properties":{"name":"金溪","tier":2},"geometry":{"type":"LineString","coordinates":[[117.2945175,26.6429891],[117.302084,26.6488346],[117.3072247,26.6552996],[117.3114272,26.6590775],[117.3142382,26.6634765],[117.3172993,26.6655718],[117.3252339,26.670994],[117.3277823,26.6744113],[117.3250425,26.6785327],[117.319054,26.6806575],[117.3144192,26.6823448],[117.3117387,26.6874834],[117.3133062,26.6933844],[117.3172544,26.696837],[117.3230952,26.7000173],[117.3267788,26.7002889],[117.3359682,26.6987159],[117.3401488,26.6989202],[117.3457169,26.700393],[117.3493862,26.7042518],[117.3575036,26.7060594],[117.3628368,26.7038834],[117.3671095,26.7003021],[117.3655743,26.6831117],[117.373299,26.6748288],[117.3793072,26.6706872],[117.3913235,26.6739085],[117.39613,26.6729881],[117.3967389,26.6608759],[117.3991164,26.6569815],[117.4036081,26.6497357],[117.4071541,26.6484889],[117.4175659,26.6463112],[117.4267327,26.6466882],[117.4306339,26.6502836],[117.4395603,26.6564204],[117.4435696,26.6587677],[117.4474767,26.6598531],[117.4582492,26.6601271],[117.4653095,26.6613296],[117.4678845,26.6640909],[117.4664843,26.6689662],[117.4621756,26.6735741],[117.455562,26.6794753],[117.4517559,26.6812863],[117.4473256,26.6819866],[117.4430311,26.6814982],[117.438187,26.6783568],[117.4332089,26.6774365],[117.429604,26.6801974],[117.4301407,26.6858408],[117.4330167,26.6906912],[117.4297756,26.6964549],[117.4313699,26.7002592]]}},{"type":"Feature","properties":{"name":"富屯溪","tier":2},"geometry":{"type":"LineString","coordinates":[[117.7973332,26.7948963],[117.8011394,26.7925129],[117.8073254,26.7936993],[117.8108639,26.7983951],[117.817387,26.8045239],[117.8233952,26.8054432],[117.8288883,26.8036046],[117.8315491,26.7992378],[117.8285354,26.7944123],[117.8293981,26.7906173],[117.8323451,26.7870767],[117.8366131,26.7832248],[117.8494877,26.7786274],[117.8556814,26.7760753],[117.8629098,26.7720112],[117.8679539,26.7704814],[117.8788261,26.770605],[117.8823941,26.7722291],[117.8848807,26.7752283],[117.8845058,26.7844267],[117.8847235,26.7892039],[117.8899998,26.7937659]]}},{"type":"Feature","properties":{"name":"溪源江","tier":3},"geometry":{"type":"LineString","coordinates":[[119.1057634,26.0627004],[119.1068697,26.0593347],[119.1109574,26.059354],[119.1134143,26.0559903],[119.1179204,26.0559806],[119.1215844,26.0544384],[119.1235274,26.0574335],[119.1271042,26.0589251],[119.1262539,26.0625173],[119.1300646,26.0623007],[119.1338147,26.0625293],[119.1373616,26.0617734],[119.1399471,26.0643134],[119.1437188,26.0644965],[119.1476778,26.0687443],[119.147398,26.0730096],[119.1476475,26.0766156],[119.151265,26.0768591],[119.1542467,26.0788624],[119.1581083,26.0797357],[119.1640179,26.0730796],[119.1677277,26.0702319],[119.1714899,26.0713447],[119.1749739,26.0685827],[119.1759339,26.0646285],[119.1800809,26.0630282],[119.1801436,26.0577103],[119.1824595,26.05374],[119.1810056,26.050309],[119.1837443,26.0472722],[119.1878226,26.0457465],[119.1865353,26.0423652],[119.1824308,26.0415937],[119.1860073,26.0391413],[119.188532,26.0361588],[119.1920067,26.0344106],[119.1959808,26.0347807],[119.1990157,26.0317039],[119.2045042,26.0262828],[119.203949,26.0213391],[119.2045719,26.0176017],[119.2116646,26.0150968],[119.2169978,26.0148057],[119.2193969,26.0110168],[119.2229782,26.0088716],[119.2272382,26.0082328],[119.2313612,26.0086079],[119.2339456,26.0058835],[119.2393479,26.0085408],[119.2457812,26.0126222]]}},{"type":"Feature","properties":{"name":"国宝溪","tier":3},"geometry":{"type":"LineString","coordinates":[[118.1835226,25.5388972],[118.1881901,25.5389362],[118.1897668,25.5356933],[118.1885379,25.5323458],[118.1915058,25.5294375],[118.1946129,25.5316553],[118.1956563,25.5280566],[118.1979982,25.5251273],[118.199343,25.5215911],[118.1955172,25.521884],[118.196491,25.5183896],[118.2000058,25.5174112],[118.2038584,25.5189698],[118.2068824,25.5163106],[118.2095198,25.5188186],[118.2131655,25.5178476],[118.2152288,25.5208423],[118.2178782,25.5181545],[118.217253,25.5124095],[118.2104085,25.5104954],[118.2067151,25.5103462],[118.2051444,25.5064449],[118.2076846,25.5035309],[118.2103183,25.5010715],[118.2139654,25.5018675],[118.21859,25.4995627],[118.2214557,25.4975067],[118.2252411,25.497865],[118.2294076,25.4968295],[118.2359233,25.4935416],[118.2395851,25.4931141],[118.2441604,25.4956931],[118.2458744,25.4989481],[118.2495141,25.5006465],[118.2527,25.496892],[118.2544033,25.4931376],[118.2600486,25.4947458],[118.2635528,25.4960435],[118.2662667,25.4960246]]}},{"type":"Feature","properties":{"name":"龙江","tier":3},"geometry":{"type":"LineString","coordinates":[[119.3751592,25.7176453],[119.3791749,25.7159502],[119.3808772,25.711798],[119.3826452,25.7081594],[119.384353,25.7046771],[119.3876557,25.7014574],[119.3900919,25.6987054],[119.3956392,25.6983611],[119.3993103,25.7001915],[119.40146,25.7031248],[119.4010142,25.7071931],[119.4035827,25.7101147],[119.4057353,25.7134753],[119.4084842,25.7167501],[119.411855,25.7177106],[119.4146748,25.714159],[119.4170326,25.7110417],[119.423828,25.7117211],[119.429171,25.7143027],[119.4323735,25.7186002],[119.4358625,25.7182965],[119.4385424,25.7149253],[119.4413561,25.7103906],[119.4387225,25.7016107],[119.4443847,25.695417],[119.448177,25.6940643],[119.4521286,25.6940911],[119.4610591,25.6881427]]}},{"type":"Feature","properties":{"name":"麻阳溪","tier":3},"geometry":{"type":"LineString","coordinates":[[117.9486336,27.3656723],[117.9498625,27.3615151],[117.9526221,27.3590903],[117.9565143,27.3600858],[117.9598617,27.3588852],[117.9578064,27.3512386],[117.9588739,27.3475063],[117.9616836,27.3444641],[117.965265,27.3438397],[117.9672823,27.3474416],[117.9697014,27.3508927],[117.9745182,27.350243],[117.9793584,27.3542496],[117.9818682,27.3598233],[117.9819732,27.3634288],[117.973758,27.3674753],[117.97062,27.3691522],[117.9712915,27.37438],[117.9740023,27.3771598],[117.9778993,27.3750784],[117.9847097,27.3711246],[117.9906666,27.3711911],[117.9965031,27.3703527],[118.0002022,27.3704334],[118.0038202,27.3700859],[118.0089311,27.3676369],[118.0185988,27.3667663],[118.0239046,27.3650265],[118.0276811,27.360672],[118.0311143,27.3575276],[118.0370664,27.3580752],[118.041476,27.3595808],[118.0473578,27.3579278],[118.0531812,27.3605336],[118.0566734,27.3612959],[118.0591595,27.3579373],[118.0583763,27.3523723],[118.058666,27.3463592],[118.0585134,27.3426755],[118.0606601,27.3393735],[118.0692232,27.3357233],[118.0740297,27.3401455],[118.0769479,27.3430427],[118.0806678,27.3423732],[118.0816123,27.3388978],[118.0800486,27.3355709],[118.0792951,27.3308194],[118.0797672,27.3266923],[118.074823,27.3234353],[118.0712831,27.3227607],[118.0665839,27.3210641],[118.0665517,27.3173084],[118.0693948,27.3140673],[118.072592,27.3124086],[118.0761111,27.3127232],[118.0839861,27.31544],[118.0894792,27.3140673],[118.0965823,27.3058003],[118.1001447,27.3069246],[118.1026889,27.3097929],[118.1040948,27.3135209],[118.1032595,27.319137],[118.101812,27.3238826],[118.1028098,27.3275263],[118.104862,27.3310481],[118.1078753,27.3339288],[118.1136674,27.3334359],[118.1183927,27.3313827],[118.1212475,27.3299139]]}},{"type":"Feature","properties":{"name":"麻阳溪","tier":3},"geometry":{"type":"LineString","coordinates":[[117.6646302,27.5134482],[117.6644835,27.5078552],[117.6667811,27.5030858],[117.6640925,27.5054271],[117.6597907,27.5060775],[117.6627237,27.4979259],[117.6679054,27.5000506],[117.6717184,27.4961481],[117.6737226,27.4929826],[117.6699097,27.4914215],[117.6727449,27.4876488],[117.6761179,27.4845698],[117.6811529,27.4842662],[117.6804197,27.4795391],[117.685748,27.482228],[117.6890233,27.4804065],[117.692494,27.4774574],[117.6959648,27.4790621],[117.697969,27.483182],[117.7005599,27.4789753],[117.7039817,27.4835723],[117.708088,27.4812739],[117.7146384,27.487085],[117.7202601,27.4886028],[117.7186958,27.4839193],[117.7179136,27.480233],[117.7163005,27.4738143],[117.7171315,27.4682193],[117.7219603,27.4671753],[117.7265668,27.4697567],[117.7294358,27.4670319],[117.7334767,27.4642711],[117.7344869,27.4599685],[117.7403866,27.4598251],[117.7392955,27.4555223],[117.7336383,27.4512911],[117.7386086,27.4508966],[117.7440233,27.4536218],[117.748347,27.4564546],[117.7473368,27.4604705],[117.7508928,27.4638409],[117.7569945,27.4619047],[117.7586916,27.4542314],[117.7523879,27.4509683],[117.7489936,27.4498208],[117.7479025,27.4458045],[117.7549336,27.4424695],[117.7610353,27.4421467],[117.7638235,27.4365522],[117.767137,27.4341852],[117.7719456,27.4342927],[117.7763097,27.4287695],[117.7807951,27.425147],[117.7852804,27.4263306],[117.7899678,27.4276935],[117.7937662,27.4245373],[117.7999891,27.4229232],[117.8033834,27.417794],[117.8038279,27.4129874],[117.7953182,27.4108722],[117.7933368,27.4064621],[117.7947152,27.4029901],[117.7963981,27.3984784],[117.7983623,27.3945447],[117.8026331,27.3930455],[117.8062809,27.3936552],[117.8102598,27.3959471],[117.8129757,27.4011231],[117.8151297,27.4045757],[117.8194129,27.406057],[117.8231773,27.4064271],[117.8265294,27.4047829],[117.8260648,27.3999991],[117.8234985,27.3974466],[117.8200156,27.3949849],[117.8204268,27.3911594],[117.8239416,27.3900443],[117.8316982,27.3909617],[117.8360899,27.3912654],[117.8429549,27.3932882],[117.846439,27.3907042],[117.8496687,27.3887564],[117.8551183,27.3851976],[117.8585441,27.3838055],[117.8576935,27.3796324],[117.8576994,27.3761069],[117.8616899,27.3774323],[117.8625429,27.3823761],[117.8648239,27.3850426],[117.8688086,27.3864344],[117.8726302,27.3862763],[117.8765077,27.3830616],[117.8749874,27.3781145],[117.8761255,27.3743734],[117.8840005,27.3774983],[117.8877342,27.3786606],[117.8907383,27.3761645],[117.8883135,27.3707719],[117.8925837,27.3694952],[117.8962221,27.3714273],[117.89945,27.368047],[117.9031515,27.3688758],[117.9057026,27.37131],[117.9099,27.372525],[117.9139742,27.3734249],[117.9176462,27.3720105],[117.9215897,27.3681346],[117.9252325,27.3688106],[117.9269655,27.372719],[117.9305391,27.3744836],[117.9341755,27.3755038],[117.9448912,27.3751584],[117.9478419,27.3725748],[117.9486336,27.3656723]]}},{"type":"Feature","properties":{"name":"濯田河","tier":3},"geometry":{"type":"LineString","coordinates":[[116.2744063,25.5623243],[116.2795222,25.5620632],[116.283004,25.5595039],[116.2840787,25.5558198],[116.2849728,25.5505379],[116.2870705,25.5472182],[116.2908875,25.5450463],[116.2946359,25.5478387],[116.2983498,25.5489866],[116.3022357,25.5488005],[116.3066717,25.5448912],[116.3099042,25.5425331],[116.3126209,25.5471871],[116.317222,25.5478511],[116.3212386,25.546064],[116.3212661,25.5416209],[116.3252276,25.536011],[116.327566,25.5332804],[116.3321981,25.5356356],[116.3345193,25.5396305],[116.3373563,25.5375749],[116.3395916,25.5342393],[116.3446638,25.5317181],[116.3452226,25.5295072]]}},{"type":"Feature","properties":{"name":"大禾溪","tier":3},"geometry":{"type":"LineString","coordinates":[[116.0569552,25.4033863],[116.0580844,25.4000039],[116.0589051,25.3962726],[116.0627139,25.3950562],[116.0642588,25.3909854],[116.0684538,25.3923521],[116.0688561,25.3961223],[116.0707819,25.3992044],[116.0739577,25.3966166],[116.0787105,25.3968395],[116.080867,25.3932244],[116.0810709,25.3970818],[116.0835063,25.4003383],[116.0862315,25.4031779],[116.0907063,25.4044542],[116.0953001,25.4019837],[116.0986535,25.4037473],[116.1008763,25.4042925]]}},{"type":"Feature","properties":{"name":"汀江","tier":1},"geometry":{"type":"LineString","coordinates":[[116.4898457,25.9564456],[116.4931877,25.9537131],[116.4973202,25.9552565],[116.5023135,25.9525314],[116.5054437,25.95059],[116.5084434,25.9485088],[116.5049988,25.9457758],[116.5033724,25.9416897],[116.5068648,25.9396112],[116.5079471,25.9358383],[116.5038339,25.9360968],[116.5007015,25.9328487],[116.4974907,25.929399],[116.4964394,25.9235726],[116.4920352,25.9226271],[116.4883982,25.9232915],[116.4810674,25.9224226],[116.4752425,25.9219115],[116.4706679,25.9190237],[116.4713214,25.9155481],[116.4677696,25.9099255],[116.4641895,25.9092354],[116.460382,25.9073441],[116.4596148,25.9037658],[116.4620016,25.9006731],[116.4591034,25.8972225],[116.4577963,25.8914201],[116.4600978,25.8873557],[116.4584498,25.8838791],[116.4550401,25.8854896],[116.4500109,25.8857707],[116.4475673,25.882831],[116.4505507,25.8770023],[116.4532216,25.8737299],[116.4560631,25.8708409],[116.4536479,25.8669292],[116.449812,25.8641679],[116.4455783,25.8650372],[116.4455499,25.8609719],[116.4457488,25.8581082]]}},{"type":"Feature","properties":{"name":"汀江","tier":1},"geometry":{"type":"LineString","coordinates":[[116.4457488,25.8581082],[116.440549,25.860256],[116.4383895,25.8561905],[116.4354629,25.8533267],[116.4318543,25.8563183],[116.4280726,25.8547877],[116.4240768,25.855387],[116.421857,25.8509422],[116.4181942,25.8517413],[116.4165849,25.8477458],[116.4126446,25.8471465],[116.4077055,25.8478957],[116.4038207,25.8505926],[116.3971612,25.8513418],[116.3948304,25.8542384],[116.3973832,25.8581338],[116.3968837,25.8626782],[116.3927329,25.8628053],[116.3891709,25.8628053],[116.3855606,25.8618109],[116.385684,25.8580843],[116.3819236,25.8566409],[116.3789624,25.8542031],[116.3801345,25.8506017],[116.3783991,25.8469279],[116.3724071,25.846701],[116.3686895,25.8462568],[116.3655505,25.8438761],[116.3633627,25.8410523],[116.3594896,25.840164],[116.3562227,25.8381068],[116.3536906,25.8318981],[116.3516191,25.8287577],[116.3489638,25.8245995],[116.3437072,25.8214344],[116.340191,25.8212745],[116.3370299,25.8183331],[116.3341175,25.816223],[116.331718,25.8190538],[116.3283567,25.8203992],[116.3236753,25.8148481],[116.3273692,25.8124501],[116.3226809,25.8095724],[116.3233436,25.8058255],[116.3305657,25.8038169],[116.3367103,25.7993402],[116.3371365,25.7979971]]}},{"type":"Feature","properties":{"name":"汀江","tier":1},"geometry":{"type":"LineString","coordinates":[[116.4589405,25.970459],[116.4612794,25.9675075],[116.4616656,25.9639289],[116.4637095,25.9610254],[116.4671092,25.9599367],[116.4711793,25.9599317],[116.4748433,25.9589177],[116.4777998,25.9557419],[116.4741912,25.956866],[116.4735945,25.9522162],[116.4760949,25.9485371],[116.4790216,25.9505811],[116.4806791,25.9539594],[116.4848181,25.954209],[116.4883643,25.9560189],[116.4898457,25.9564456]]}},{"type":"Feature","properties":{"name":"桃溪河","tier":3},"geometry":{"type":"LineString","coordinates":[[116.1959124,25.3577648],[116.1999924,25.3611461],[116.2036056,25.3628059],[116.2101561,25.3635328],[116.2148673,25.3636571],[116.2200256,25.3624763],[116.2240146,25.3624763],[116.2256308,25.3664226],[116.2280724,25.3689705],[116.2319583,25.3714562],[116.2331962,25.3756508],[116.2372884,25.37708],[116.2393517,25.381119],[116.2392486,25.3848472],[116.2445443,25.3868045],[116.2459199,25.3835424],[116.2491868,25.3818958],[116.2538636,25.3853133],[116.2569585,25.3903461],[116.2596752,25.3933596],[116.2630796,25.3910918],[116.2652804,25.3946023],[116.2693726,25.3939188],[116.273568,25.3955653],[116.2774195,25.3981747],[116.2727771,25.4020267],[116.268788,25.4010016],[116.2699228,25.406127],[116.2729146,25.4081771],[116.278348,25.4083634],[116.2767317,25.4119355],[116.2782792,25.4157559],[116.2796547,25.4190172],[116.2836781,25.4171226],[116.2871513,25.4202595]]}},{"type":"Feature","properties":{"name":"汀江","tier":1},"geometry":{"type":"LineString","coordinates":[[116.3194446,25.4932703],[116.3160619,25.4876258],[116.3116602,25.4881721],[116.3121279,25.4919715],[116.3105873,25.4965406],[116.2992804,25.497658],[116.2940809,25.4953735],[116.29155,25.4907051],[116.2951538,25.4889916],[116.2996381,25.4902333],[116.3018389,25.4870795],[116.3015088,25.4820382],[116.2966394,25.4760778],[116.2960892,25.4724021],[116.2936683,25.4687759],[116.2933106,25.4647274],[116.2946311,25.4605049],[116.2914674,25.4571268],[116.2885238,25.4524817],[116.2856627,25.4481842],[116.2818938,25.4460727],[116.2813986,25.4388932],[116.283737,25.4349928],[116.2869557,25.4319618],[116.286543,25.4267753],[116.286096,25.421247],[116.2871513,25.4202595]]}},{"type":"Feature","properties":{"name":"濯田河","tier":3},"geometry":{"type":"LineString","coordinates":[[116.2192999,25.565592],[116.2251029,25.5639633],[116.2273811,25.5605897],[116.2281978,25.557022],[116.2315937,25.5558974],[116.2357203,25.5549279],[116.2401477,25.5537257],[116.242297,25.5576813],[116.2435006,25.5614428],[116.2484439,25.5641572],[116.2532582,25.5664063],[116.2567401,25.565592],[116.2554075,25.5614428],[116.2547197,25.5578752],[116.2580726,25.5550055],[116.2594481,25.5595814],[116.2610386,25.5633041],[116.2621132,25.5666777],[116.2659389,25.5677247],[116.2734613,25.5623735],[116.2744063,25.5623243]]}},{"type":"Feature","properties":{"name":"朱溪河","tier":3},"geometry":{"type":"LineString","coordinates":[[116.4516915,25.6722816],[116.4505331,25.6684781],[116.4478262,25.6651024],[116.4475695,25.6613689],[116.4474059,25.6575534],[116.4422914,25.6551522],[116.4396379,25.6524364],[116.4358272,25.6502216],[116.4322044,25.6457071],[116.4259932,25.646266],[116.4224015,25.6475321],[116.4195309,25.65144],[116.4166504,25.6536439],[116.4132735,25.6513422],[116.4096254,25.651411],[116.4070224,25.6538715],[116.4040862,25.6542855]]}},{"type":"Feature","properties":{"name":"濯田河","tier":3},"geometry":{"type":"LineString","coordinates":[[116.1950562,25.5744715],[116.1969476,25.5707879],[116.1982801,25.5671042],[116.2017189,25.5661348],[116.2059315,25.5654756],[116.2100581,25.5659409],[116.2110037,25.5694696],[116.2151303,25.5680349],[116.2192999,25.565592]]}},{"type":"Feature","properties":{"name":"旧县河","tier":3},"geometry":{"type":"LineString","coordinates":[[116.6173808,25.356549],[116.6127524,25.3578379],[116.6104907,25.3547253],[116.6152565,25.3493269],[116.6120249,25.3477421],[116.6082644,25.3492958],[116.6037296,25.3470382],[116.5984423,25.3435778],[116.5944101,25.3416212],[116.593974,25.336072],[116.5880527,25.3348876],[116.586354,25.3312465],[116.5877631,25.326572],[116.5888882,25.322964],[116.5847522,25.3218778],[116.579135,25.3181135],[116.5743183,25.314078],[116.572216,25.3092266],[116.5724534,25.3055807],[116.5710288,25.302183],[116.5677979,25.2987185],[116.5663296,25.294695],[116.566553,25.2902675],[116.5629814,25.284126],[116.5607493,25.2810985],[116.560033,25.2769144],[116.5639368,25.2761813],[116.5645015,25.2756677]]}},{"type":"Feature","properties":{"name":"旧县河","tier":3},"geometry":{"type":"LineString","coordinates":[[116.672163,25.4864506],[116.6709618,25.4817495],[116.6703743,25.4770679],[116.6711128,25.4724655],[116.6714348,25.4681146],[116.6702939,25.4641932],[116.6719261,25.4604223],[116.6709436,25.4555787],[116.6622356,25.4578868],[116.6606486,25.4537911],[116.6622142,25.4499516],[116.6613681,25.44548],[116.6581738,25.4437882],[116.658722,25.4391414],[116.6566532,25.4361493],[116.653616,25.4342893],[116.65255,25.4307292],[116.6531524,25.4246056],[116.6515971,25.4205194],[116.653706,25.4175002],[116.649354,25.4162429],[116.6495852,25.4123655],[116.6492027,25.4082425],[116.6450194,25.4111895],[116.6420119,25.4091711],[116.6436039,25.405769],[116.6450322,25.4010813],[116.6460453,25.396709],[116.6446487,25.3929703],[116.6405524,25.3895324],[116.6385537,25.3855462],[116.6347889,25.3845747],[116.6331064,25.3815033],[116.6313464,25.3782369],[116.6278335,25.3747326],[116.6268869,25.3712624],[116.6276043,25.3678276],[116.6248428,25.364008],[116.621986,25.3597359],[116.619465,25.3569442],[116.6173808,25.356549]]}},{"type":"Feature","properties":{"name":"旧县河","tier":3},"geometry":{"type":"LineString","coordinates":[[116.4333563,25.1506245],[116.4339352,25.1460578],[116.4325512,25.1425711],[116.42856,25.140075],[116.4265752,25.1370835],[116.4266718,25.1323824],[116.4237535,25.1293421],[116.4186,25.13026],[116.4143451,25.1304134],[116.4077032,25.1310128],[116.4041805,25.1297151],[116.4044416,25.123242],[116.4008583,25.1199587],[116.3966703,25.1186706],[116.3904191,25.1176661],[116.3884021,25.1176759]]}},{"type":"Feature","properties":{"name":"汀江","tier":1},"geometry":{"type":"LineString","coordinates":[[116.2871513,25.4202595],[116.2910768,25.4211272],[116.2945211,25.4229863],[116.2975129,25.4200978],[116.2945899,25.4132336],[116.2978899,25.4168131],[116.3014826,25.4182149],[116.3036856,25.4213208],[116.3063184,25.427872],[116.3092085,25.4254951],[116.3089513,25.4204473],[116.3112152,25.4168422],[116.3127417,25.4119751],[116.3108182,25.4085372],[116.3151885,25.4066629],[116.3188362,25.407322],[116.3222444,25.4055329],[116.3233709,25.4000766],[116.3289106,25.3955466],[116.3301123,25.3917473],[116.3264001,25.3904776],[116.3204456,25.3886069],[116.3215078,25.3841482],[116.3256491,25.3809883],[116.3299692,25.3795672],[116.3325692,25.3769267],[116.3326335,25.3727196],[116.3386953,25.3691813],[116.3447213,25.3676244],[116.347214,25.3647122],[116.3471497,25.3600295],[116.3452614,25.3562969],[116.3464201,25.3508772],[116.3505792,25.3458101],[116.353072,25.3411618],[116.3526214,25.3359643],[116.3509906,25.332551],[116.3464845,25.3277411],[116.3452185,25.3226401],[116.3453901,25.3156574],[116.34421,25.3116131],[116.3403877,25.3061137],[116.3423054,25.2907932],[116.3436735,25.2838421],[116.3462484,25.280893],[116.351055,25.2793408],[116.3529432,25.2748392],[116.3571071,25.2723268],[116.3551086,25.2670894],[116.3503151,25.26178],[116.3492905,25.2582327],[116.3514935,25.2549664],[116.3496817,25.251087],[116.350935,25.2463543],[116.3550032,25.2472054],[116.3565163,25.2431303],[116.3580587,25.2394538],[116.3560102,25.234395],[116.3530434,25.2285342],[116.3551748,25.2220501],[116.3555182,25.2169253],[116.3618696,25.214751],[116.3641012,25.2104024],[116.3613546,25.2060536],[116.3622344,25.2022678],[116.365664,25.1997962],[116.3663328,25.1950257],[116.3671911,25.1903657],[116.3673628,25.1867929],[116.3714827,25.1821326],[116.3749159,25.1780935],[116.381954,25.174365],[116.382984,25.1686167],[116.3822973,25.1647325],[116.3868213,25.162299],[116.3850439,25.15743],[116.3805807,25.1537008],[116.3756025,25.1532347],[116.372341,25.1498162],[116.370281,25.1437559],[116.3674272,25.1382101],[116.3644338,25.1356168],[116.3570093,25.1324587],[116.3500003,25.1304173],[116.3463772,25.1293615],[116.3371504,25.1254179],[116.3368071,25.1199781],[116.3398326,25.1158982],[116.3449181,25.1109048],[116.352489,25.1109184],[116.357342,25.1099528],[116.3613546,25.1080097],[116.3646471,25.1050283],[116.3711393,25.0969729],[116.3769758,25.091221],[116.3831342,25.0890639]]}},{"type":"Feature","properties":{"name":"汀江","tier":1},"geometry":{"type":"LineString","coordinates":[[116.4040862,25.6542855],[116.4034724,25.6496315],[116.40205,25.6458031],[116.3996703,25.6432096],[116.3987113,25.6379263],[116.3962702,25.634207],[116.3931753,25.62913],[116.39382,25.6252931],[116.394035,25.6211072],[116.3886618,25.6235103],[116.3854809,25.6260683],[116.3811824,25.6256032],[116.3817842,25.6220762],[116.3837185,25.6177352],[116.3859108,25.6134715],[116.3865985,25.6092853],[116.3840517,25.6067457],[116.3788181,25.6095766],[116.3749925,25.6109133],[116.370608,25.610642],[116.3663845,25.60849],[116.3633788,25.6041083],[116.364516,25.6007025],[116.3689526,25.5976257],[116.3728432,25.5956013],[116.3740898,25.5891658],[116.3752494,25.5855894],[116.3693834,25.5820701],[116.3665577,25.5783482],[116.3709068,25.574947],[116.3688669,25.5719604],[116.3651489,25.5720675],[116.3638283,25.5685115],[116.3615441,25.5654202],[116.3577767,25.5655148],[116.3609793,25.5627225],[116.3578741,25.5603079],[116.3533414,25.5618208],[116.3493132,25.5635716],[116.345633,25.5603761],[116.3433695,25.5561576],[116.3438712,25.5523296],[116.3495461,25.5495857],[116.3514127,25.5463967],[116.3514054,25.5427222],[116.3513819,25.5369746],[116.3501973,25.5327554],[116.3452226,25.5295072]]}},{"type":"Feature","properties":{"name":"汀江","tier":1},"geometry":{"type":"LineString","coordinates":[[116.3452226,25.5295072],[116.341182,25.5266368],[116.3386029,25.5233397],[116.3333157,25.5241155],[116.3279426,25.5233009],[116.3261372,25.5270635],[116.3227413,25.5246973],[116.3223545,25.5208571],[116.3234291,25.5164736],[116.3296697,25.5157993],[116.3303067,25.5114305],[116.3261372,25.5095295],[116.3228599,25.5035625],[116.3185076,25.5020107],[116.3173824,25.4985519],[116.3194457,25.4945292],[116.3194446,25.4932703]]}},{"type":"Feature","properties":{"name":"汀江","tier":1},"geometry":{"type":"LineString","coordinates":[[116.3371365,25.7979971],[116.3308854,25.7942557],[116.3326613,25.7905461],[116.3364261,25.7895227],[116.3315645,25.7833426],[116.3296068,25.7794486],[116.3328621,25.7760826],[116.3347881,25.7729772],[116.3387625,25.7723362],[116.3427194,25.7744346],[116.3454161,25.7718387],[116.3432772,25.7689898],[116.3397186,25.7677239],[116.3363196,25.7652155],[116.3345082,25.7583382],[116.3386993,25.7538917],[116.3394451,25.7463739],[116.3424641,25.7406793],[116.3402265,25.7360722],[116.3409014,25.7324888],[116.3439914,25.7294812],[116.3496742,25.7263455],[116.3539718,25.7255776],[116.3535101,25.7220259],[116.3533325,25.718442],[116.3593705,25.717226],[116.3602584,25.711338],[116.3645916,25.711466],[116.3698126,25.7081379],[116.3732223,25.7051297],[116.3783724,25.7067938],[116.3796155,25.71105],[116.3838776,25.7093859],[116.3878555,25.7030175],[116.392828,25.7019933],[116.3984753,25.7007452],[116.401885,25.6976728],[116.3992543,25.6948554],[116.3952756,25.6965923],[116.391896,25.6980086],[116.3892682,25.6955808],[116.3919045,25.6905675],[116.3935384,25.6844861],[116.3963442,25.6821815],[116.399967,25.6808051],[116.4056144,25.6796384],[116.40926,25.6784256],[116.4070935,25.6719915],[116.4057367,25.6671673],[116.4044503,25.6629708],[116.4049036,25.6577669],[116.4040862,25.6542855]]}},{"type":"Feature","properties":{"name":"黄潭河","tier":3},"geometry":{"type":"LineString","coordinates":[[116.5793449,24.9559709],[116.5794182,24.952363],[116.5837956,24.9518962],[116.5848774,24.9479331],[116.5892888,24.9464778],[116.593591,24.9460109],[116.5959585,24.9432229],[116.597954,24.940139],[116.5951216,24.937561],[116.5948757,24.9324042],[116.6001458,24.9349865],[116.6070021,24.9286551],[116.6119122,24.925711],[116.6154135,24.923985],[116.6147291,24.9175068],[116.6129966,24.9136529],[116.6090151,24.912851],[116.6026674,24.9117075],[116.5996711,24.9086653],[116.600618,24.9040778],[116.5980779,24.9008146],[116.5965043,24.8960474],[116.5934408,24.8934691],[116.588806,24.8912891],[116.5886772,24.8853717],[116.5860165,24.881245],[116.5817249,24.8788702],[116.5807379,24.8740035],[116.5834845,24.8693313],[116.5860594,24.8669562],[116.5922231,24.8645822],[116.5953291,24.8626341],[116.5957099,24.8589544],[116.5932692,24.8546905],[116.595093,24.8514828],[116.6006506,24.849784],[116.6076029,24.847058],[116.6089386,24.843485],[116.6065729,24.8397755],[116.6018951,24.8380229],[116.5980328,24.8439376],[116.594857,24.8409438],[116.5937841,24.845695],[116.5891939,24.8449054],[116.5850294,24.8390355],[116.5854586,24.8345567],[116.5789783,24.8307009],[116.5723265,24.8322978],[116.5696657,24.8286756],[116.5676487,24.822989],[116.5673595,24.816021],[116.5720658,24.8153974],[116.5759314,24.8141859],[116.5751589,24.8081091],[116.5695977,24.8076747],[116.5685499,24.8018372],[116.5639687,24.7987206],[116.5632284,24.7927988],[116.5689791,24.7883184],[116.5739143,24.7802141],[116.5733564,24.7766684],[116.5673912,24.7753825],[116.5727985,24.7695376],[116.5666187,24.7675113],[116.562413,24.7612373],[116.5643871,24.7569116],[116.5688503,24.7614711],[116.572541,24.752157],[116.5820253,24.7489223],[116.5899647,24.7479869],[116.589793,24.7389057],[116.5799654,24.7376584],[116.5706957,24.7396072],[116.5666616,24.7387497],[116.5655847,24.7353215]]}},{"type":"Feature","properties":{"name":"旧县河","tier":3},"geometry":{"type":"LineString","coordinates":[[116.6670814,25.5781636],[116.6707438,25.577116],[116.6691479,25.573799],[116.6711778,25.5707891],[116.6734099,25.5671526],[116.6723106,25.5629909],[116.6703307,25.5593931],[116.6714338,25.5558972],[116.6739229,25.553422],[116.6712075,25.5495942],[116.6738097,25.5462257],[116.6736561,25.5415332],[116.6723263,25.5379401],[116.6761188,25.5375206],[116.6758721,25.5339978],[116.6795798,25.5326996],[116.6800846,25.5291651],[116.6831334,25.5267163]]}},{"type":"Feature","properties":{"name":"黄潭河","tier":3},"geometry":{"type":"LineString","coordinates":[[116.6836803,25.0495255],[116.6832236,25.0450405],[116.6878451,25.0428116],[116.6840602,25.0423684],[116.6812692,25.0392911],[116.6755671,25.0392494],[116.6719573,25.0412492],[116.6677956,25.0393119],[116.6650595,25.0429574],[116.6590585,25.0431657],[116.654506,25.0421658],[116.6498615,25.0405618],[116.6491947,25.0361038],[116.65131,25.0331248],[116.6551498,25.0294999],[116.6532414,25.0232081],[116.6549888,25.0198745],[116.6558295,25.0146974],[116.6519308,25.0128321],[116.6504363,25.0088315],[116.6485509,25.0044766],[116.6503213,24.9999547],[116.6495396,24.9948493],[116.6436788,24.9955377],[116.6418711,24.9940871]]}},{"type":"Feature","properties":{"name":"茂林溪","tier":3},"geometry":{"type":"LineString","coordinates":[[118.1959375,24.8624009],[118.1924985,24.8613821],[118.1884666,24.8603543],[118.1850977,24.8586342],[118.1819867,24.8561101],[118.1790495,24.8539436],[118.175364,24.8527495],[118.1710073,24.8527417],[118.1669621,24.8493002],[118.1630251,24.8492425],[118.1608692,24.8462096],[118.1578807,24.8440602],[118.1549827,24.8418162],[118.151867,24.8394371],[118.150054,24.8359409],[118.14538,24.8331387],[118.1414708,24.8311335],[118.1397994,24.8275599],[118.13678,24.8248004],[118.139392,24.8218757],[118.1435981,24.8181898],[118.1445988,24.8134374],[118.14035,24.8042847],[118.137596,24.8002583],[118.1372419,24.7954045],[118.1357413,24.7930957]]}},{"type":"Feature","properties":{"name":"永定河","tier":3},"geometry":{"type":"LineString","coordinates":[[116.7611875,24.7540057],[116.7567315,24.7517172],[116.7541341,24.7544995],[116.7506053,24.7520491],[116.74357,24.7499681],[116.7394449,24.7428108],[116.7363732,24.7359222],[116.7325351,24.731438],[116.7334679,24.7277945],[116.7336216,24.7242337],[116.7295986,24.7218531],[116.7243911,24.7178716],[116.7191751,24.718481],[116.7123897,24.7188199],[116.7113598,24.7150775],[116.7121108,24.7081966],[116.7112525,24.7042199],[116.7031844,24.705292],[116.6972835,24.7050191],[116.6896875,24.7018027],[116.6854691,24.7037183],[116.6818428,24.7022952],[116.679461,24.6985913],[116.6778087,24.6952967],[116.6753411,24.6912221],[116.6710496,24.6881612],[116.6689682,24.6853147],[116.6663289,24.6814153],[116.6600847,24.6818832],[116.6575098,24.6857436],[116.6523599,24.6863285],[116.6469955,24.6859971],[116.6499352,24.6908127],[116.653111,24.6929767],[116.6534328,24.6975191],[116.657896,24.697753],[116.6588134,24.700877]]}},{"type":"Feature","properties":{"name":"东肖溪","tier":3},"geometry":{"type":"LineString","coordinates":[[117.0007843,25.0162204],[117.0012832,25.0197107],[117.0015621,25.0262729],[117.0031607,25.0299865],[117.0043623,25.0337486],[117.0058751,25.0369467],[117.0081496,25.0402663],[117.0116955,25.041666],[117.0112858,25.0459518],[117.0111967,25.0504858],[117.0124159,25.0538295],[117.0110269,25.0572415],[117.0134609,25.0613456],[117.0134533,25.0648811],[117.0143119,25.0686778],[117.0140719,25.0722084],[117.0141024,25.0730069]]}},{"type":"Feature","properties":{"name":"小溪","tier":3},"geometry":{"type":"LineString","coordinates":[[117.0613116,25.0281401],[117.0602269,25.0316755],[117.0638425,25.0326925],[117.0605927,25.0342507],[117.0622318,25.0375048],[117.0596912,25.0401385],[117.0562926,25.0411999],[117.0522673,25.0425119],[117.0535834,25.0463554],[117.0566928,25.0481329],[117.0586452,25.0520024],[117.0564421,25.0549372],[117.0572183,25.0584571],[117.0576833,25.0585945]]}},{"type":"Feature","properties":{"name":"九龙江","tier":1},"geometry":{"type":"LineString","coordinates":[[117.0347089,25.1020047],[117.0374369,25.1064333],[117.0414285,25.1116678],[117.0421211,25.1161254],[117.0419989,25.1221043],[117.0450337,25.1249573],[117.0485973,25.1261357],[117.0486295,25.1297734],[117.0528134,25.1394389],[117.0495177,25.1446541],[117.0508206,25.1498703],[117.0562193,25.153702],[117.0589061,25.1559887],[117.0622525,25.1585027],[117.0634015,25.1662919],[117.0666631,25.1681563],[117.0741518,25.1680398],[117.0739372,25.1720209],[117.0785076,25.1742542],[117.0822842,25.1737493],[117.0859106,25.1728754],[117.0863475,25.1778306],[117.0893224,25.1799634],[117.0920689,25.182915],[117.0914574,25.1872161],[117.0895043,25.1913316],[117.0905836,25.1960592],[117.0935878,25.198498],[117.0985535,25.2021964],[117.0988093,25.2072204],[117.0974452,25.2122346],[117.0966352,25.2172389],[117.095271,25.2208642],[117.0953989,25.2249811],[117.0997792,25.2263791],[117.1050121,25.2269383],[117.1089981,25.2315082],[117.1117315,25.2331063]]}},{"type":"Feature","properties":{"name":"丰溪","tier":3},"geometry":{"type":"LineString","coordinates":[[117.0141024,25.0730069],[117.0183301,25.0764594],[117.0200133,25.079705],[117.0188662,25.0830734],[117.0192098,25.0868174],[117.022107,25.088942],[117.0256494,25.0910188],[117.0280481,25.09411],[117.0287304,25.0957281]]}},{"type":"Feature","properties":{"name":"九龙江","tier":1},"geometry":{"type":"LineString","coordinates":[[117.0287304,25.0957281],[117.0306139,25.0996898],[117.0341921,25.1012112],[117.0347089,25.1020047]]}},{"type":"Feature","properties":{"name":"小溪","tier":3},"geometry":{"type":"LineString","coordinates":[[117.0576833,25.0585945],[117.0528554,25.0574483],[117.0490137,25.0570187],[117.0462413,25.0621345],[117.0449481,25.0656561],[117.0438315,25.0689833],[117.0395912,25.0712448],[117.0369333,25.0746586],[117.0380987,25.0789156],[117.0374544,25.0847058],[117.0371638,25.0883446],[117.0362414,25.0921063],[117.0357617,25.096845],[117.035626,25.1003646],[117.0347089,25.1020047]]}},{"type":"Feature","properties":{"name":"化工河","tier":3},"geometry":{"type":"LineString","coordinates":[[119.3148495,26.0847337],[119.3181458,26.086776],[119.3219398,26.0878106],[119.3263282,26.0880068],[119.3305579,26.0888642],[119.3330668,26.0863118],[119.3369588,26.0862846],[119.3390783,26.0825849],[119.3398712,26.0807181]]}},{"type":"Feature","properties":{"name":"长乐水","tier":3},"geometry":{"type":"LineString","coordinates":[[117.0324296,24.4819254],[117.0329123,24.4781242],[117.0290642,24.4765771],[117.026518,24.4801688],[117.0239272,24.4773762],[117.0221339,24.4732108],[117.0186049,24.4719747],[117.0151877,24.4707199],[117.0178753,24.4684592],[117.0146352,24.4664769],[117.0112556,24.4688205],[117.0077795,24.4670628],[117.0011383,24.4665354],[116.9942933,24.468967],[116.9897711,24.4682834],[116.9873893,24.4652757],[116.9875073,24.4613206],[116.988784,24.4567696],[116.9842672,24.4564181],[116.986885,24.4517595],[116.9866919,24.4479114],[116.9823146,24.4495327],[116.9782483,24.4522478],[116.9764137,24.4488783],[116.9722402,24.4469347],[116.9749975,24.4444343],[116.9720886,24.4404395],[116.9698088,24.4363958],[116.9675128,24.4309599],[116.9649915,24.4284299],[116.9649846,24.4242729],[116.9630349,24.421206],[116.9591618,24.4209471],[116.9557364,24.4183529],[116.9526761,24.4159968],[116.9513052,24.4097856],[116.9484837,24.4066685],[116.9508226,24.4028776],[116.9544275,24.4008258],[116.9530572,24.3975289]]}},{"type":"Feature","properties":{"name":"新桥河","tier":3},"geometry":{"type":"LineString","coordinates":[[117.4572165,25.4497421],[117.4547316,25.4458888],[117.450195,25.4438433],[117.4480471,25.4404552],[117.4487882,25.4356585],[117.447062,25.4323166],[117.4440486,25.4282753],[117.4390032,25.4250761],[117.4401735,25.4216729],[117.4325417,25.4175404],[117.4275743,25.4147205],[117.4234115,25.4164502],[117.4183985,25.4156338],[117.4162286,25.4201083],[117.4128007,25.4220366],[117.4086861,25.4247982],[117.4086218,25.4196383],[117.4060415,25.4170317],[117.4023525,25.4145157],[117.3996469,25.4105264],[117.396114,25.4089356],[117.3952542,25.4047318],[117.3918358,25.4012227],[117.3953694,25.3995969],[117.3976593,25.3950973],[117.3928193,25.3917738],[117.3956272,25.3855876],[117.3994941,25.3838186],[117.3960812,25.3818513],[117.3922826,25.3796577],[117.3896009,25.3756457],[117.3860522,25.3743767],[117.3833798,25.3767553],[117.3810045,25.3730515],[117.3798592,25.3687872],[117.3776789,25.3663269]]}},{"type":"Feature","properties":{"name":"白塔河","tier":3},"geometry":{"type":"LineString","coordinates":[[117.0434108,27.6182695],[117.0466324,27.6202024],[117.0443474,27.6236913],[117.0421577,27.6283791],[117.0424187,27.6319174],[117.0396979,27.6344342],[117.0359271,27.6329188],[117.0299387,27.6346532],[117.0300419,27.6385255],[117.03111,27.6421192],[117.0364626,27.6417156],[117.0368472,27.6452914],[117.0355424,27.648709],[117.0322999,27.6509011],[117.0312445,27.6544504],[117.0316158,27.658453],[117.0325925,27.6620579],[117.0284285,27.6612758],[117.0257281,27.6636921],[117.0254781,27.6673493],[117.023768,27.671645],[117.0202678,27.6709627],[117.020008,27.6712908]]}},{"type":"Feature","properties":{"name":"古山系","tier":3},"geometry":{"type":"LineString","coordinates":[[117.3055583,27.2969928],[117.3089379,27.2958297],[117.312516,27.2939991],[117.3163408,27.2930886],[117.3200637,27.2927596],[117.3231161,27.2948286],[117.3267639,27.2966353],[117.3295426,27.2989997],[117.3328954,27.3009923],[117.3330349,27.3045102],[117.3358834,27.3081996],[117.3395419,27.3085571],[117.3435054,27.3101989],[117.3478192,27.3100442],[117.35178,27.3093676],[117.3554796,27.3088764],[117.3552328,27.3053587],[117.3595244,27.3010638],[117.3635801,27.3023715],[117.3666161,27.300611],[117.3701835,27.2977985],[117.3742228,27.2952971],[117.3780992,27.2957129],[117.3802915,27.2992928],[117.3821936,27.3022892],[117.3843241,27.3060451],[117.3877887,27.3044903],[117.3916882,27.3057091],[117.391904,27.3021221],[117.3924695,27.3022427]]}},{"type":"Feature","properties":{"name":"新桥河","tier":3},"geometry":{"type":"LineString","coordinates":[[117.5850151,25.7913914],[117.5817321,25.7895173],[117.5796293,25.7850542],[117.5765179,25.7832766],[117.5729345,25.7840108],[117.5694369,25.7850735],[117.5672911,25.7819434],[117.563021,25.7829288],[117.5593732,25.7828516],[117.5550602,25.7821367],[117.5532363,25.7789292],[117.5498675,25.7773061],[117.5465844,25.7759149],[117.5492023,25.7729778],[117.5505756,25.7695383],[117.546563,25.7690938],[117.5457299,25.7655646],[117.5408448,25.7652942],[117.537201,25.7651139],[117.5369408,25.7613996],[117.5328365,25.7614537],[117.5299335,25.759344],[117.5264099,25.7570901],[117.5227461,25.7561705],[117.5195828,25.7543493],[117.5224858,25.7522936],[117.5217651,25.7484887],[117.5222856,25.7445395],[117.5234268,25.7410755],[117.5200527,25.7397908],[117.5160939,25.7394921],[117.5124253,25.7396601],[117.5103941,25.7366915],[117.5106428,25.7331067],[117.5095872,25.7293723],[117.5115539,25.7263001],[117.5152348,25.725081],[117.5113374,25.7226426],[117.5085767,25.7204319],[117.5050041,25.7216673],[117.5048597,25.7175057],[117.5057439,25.7140756],[117.5050582,25.7092472],[117.5075482,25.7062233],[117.5105976,25.703557],[117.5084685,25.7003541],[117.5110848,25.6976388],[117.5100383,25.6941756],[117.5071152,25.6917366],[117.5072912,25.6877767],[117.5037914,25.6850513],[117.5024578,25.6813036],[117.5012989,25.6778409],[117.5030338,25.6746203],[117.5026692,25.6703875],[117.5054894,25.6666821],[117.5073421,25.6636516],[117.5047211,25.6596142],[117.5055766,25.656063],[117.5038934,25.6520642],[117.5034538,25.6484838],[117.5039721,25.6432538],[117.5016037,25.6394363],[117.5006038,25.6358226],[117.4999688,25.6318416],[117.503194,25.6285801],[117.5039951,25.6271666]]}},{"type":"Feature","properties":{"name":"双洋溪","tier":3},"geometry":{"type":"LineString","coordinates":[[117.3460436,25.4546384],[117.3428185,25.4531346],[117.339742,25.4501326],[117.3423584,25.4474595],[117.3454772,25.4432142],[117.3467514,25.4385781],[117.3427627,25.4345269],[117.3426989,25.4308214],[117.3460733,25.4320944],[117.3452357,25.4268711],[117.3488921,25.4230729],[117.3480278,25.4186936],[117.3463333,25.4151705],[117.3479765,25.4106831],[117.3510609,25.4076209],[117.3559087,25.4052519],[117.358194,25.4005176],[117.3612053,25.39786],[117.3647439,25.3985792],[117.3650354,25.394429],[117.3619115,25.3911018],[117.3606563,25.3861003],[117.3660332,25.3862098],[117.3703461,25.3867719],[117.3730445,25.3896458],[117.3769766,25.3852599],[117.3798466,25.3802679],[117.3772234,25.3769769],[117.3771626,25.3756946]]}},{"type":"Feature","properties":{"name":"崇阳溪","tier":2},"geometry":{"type":"LineString","coordinates":[[118.0717382,27.5292766],[118.0683649,27.5269355],[118.0645883,27.5184104],[118.0638176,27.5136325],[118.06476,27.5094278],[118.070032,27.5039776],[118.0760896,27.4999878],[118.0815666,27.4972755],[118.0846727,27.4929834],[118.0839861,27.4878059],[118.0819261,27.4847602],[118.0773766,27.4838012],[118.0737041,27.480609],[118.073343,27.4734904],[118.0748144,27.4692798],[118.0779627,27.4663589],[118.0820508,27.4663301],[118.086255,27.465832],[118.0871725,27.4623718],[118.0860946,27.4576116],[118.0850715,27.4541138],[118.0836108,27.4494342],[118.0792765,27.4416878],[118.0739438,27.4345418],[118.0734933,27.431009],[118.07477,27.4267523],[118.075615,27.4221233],[118.0802846,27.4188289],[118.0838251,27.4172004],[118.0891573,27.4131432],[118.0938005,27.4109953],[118.0983627,27.4096764],[118.1018579,27.4080522],[118.1049824,27.4060761],[118.106302,27.4011231],[118.0991566,27.3938076],[118.0953361,27.3898652],[118.0931976,27.3867399],[118.092165,27.3831889],[118.0887926,27.370791],[118.0887938,27.3668841],[118.0908279,27.3630651],[118.0993528,27.3575762],[118.1047644,27.3548007],[118.1082905,27.3521589],[118.1121516,27.3477227],[118.1181879,27.3393707],[118.1214297,27.3348508],[118.1211519,27.3309677],[118.1212475,27.3299139]]}},{"type":"Feature","properties":{"name":"崇阳溪","tier":2},"geometry":{"type":"LineString","coordinates":[[118.1212475,27.3299139],[118.1234682,27.3226082],[118.1268066,27.314875],[118.1330812,27.3128471],[118.1382327,27.3122867],[118.1411362,27.3092585],[118.1396043,27.3055258],[118.1176317,27.2876779],[118.1131685,27.2820331],[118.1109451,27.2775891],[118.1109451,27.2737748],[118.1178116,27.2711809],[118.1215881,27.2676715],[118.1229614,27.2620257],[118.1231331,27.2576004],[118.1278354,27.2503689],[118.1319736,27.2484644],[118.1363746,27.2539938],[118.1388864,27.2573632],[118.1403612,27.2618669],[118.1435286,27.2640753],[118.1459412,27.2639079]]}},{"type":"Feature","properties":{"name":"崇阳溪","tier":2},"geometry":{"type":"LineString","coordinates":[[117.9689114,27.6433128],[117.9714886,27.639943],[117.9724385,27.6365218],[117.9778197,27.6319888],[117.9814582,27.630802],[117.9872763,27.630573],[117.9923189,27.6302498],[117.9943788,27.6265997],[117.9938638,27.6218848],[117.9971254,27.6186908],[118.0014169,27.6182344],[118.0064585,27.6226273],[118.0115564,27.6215821],[118.0122316,27.6119981],[118.0130899,27.6081953],[118.0103433,27.6022626],[118.0079744,27.5982636],[118.0103548,27.5927041],[118.0086883,27.5860232],[118.0081117,27.5767028],[118.00897,27.5728988],[118.0155161,27.5669353],[118.0209863,27.5634642],[118.0204713,27.5576813],[118.0170381,27.552659],[118.0178964,27.5485498],[118.0214584,27.547941],[118.0350626,27.5522024],[118.041056,27.5592283],[118.0444479,27.5612478],[118.0496538,27.5608771],[118.0527437,27.5550941],[118.0529153,27.5505283],[118.0543316,27.5451633],[118.0636441,27.5477127],[118.0692661,27.546457],[118.0721414,27.5433749],[118.0745447,27.5403308],[118.0766046,27.53409],[118.0717382,27.5292766]]}},{"type":"Feature","properties":{"name":"富屯溪","tier":2},"geometry":{"type":"LineString","coordinates":[[117.3459103,27.545572],[117.3525861,27.5416384],[117.3568226,27.5385822],[117.3617097,27.5368471],[117.3675559,27.5349678],[117.3718145,27.5335322],[117.3754584,27.5306657],[117.374568,27.5255442],[117.3719257,27.5218839],[117.3696941,27.5176213],[117.3735401,27.5156591],[117.3763926,27.512861],[117.3829957,27.5071871],[117.387316,27.5026455],[117.3899238,27.4991826],[117.3914463,27.4945626],[117.3910739,27.4907179],[117.3899502,27.4844277],[117.3898997,27.4805775],[117.3920229,27.4777854],[117.3928324,27.4742748],[117.3935939,27.4693385],[117.3952717,27.4644763],[117.3979894,27.4620873],[117.4009023,27.4599869],[117.4046613,27.4565146],[117.4101664,27.4540201],[117.4115248,27.4499814],[117.4125035,27.4465983],[117.4116601,27.4385889],[117.4065745,27.4369229],[117.4025185,27.4329958],[117.4037283,27.4263942],[117.4080578,27.4238857],[117.4140068,27.4243075],[117.4186267,27.4262066],[117.4237675,27.4289813],[117.427544,27.4271529],[117.427544,27.4222771],[117.4311543,27.4185254],[117.4355528,27.4171441],[117.4528588,27.4131226],[117.4563084,27.4108711],[117.4580998,27.4056672],[117.4544949,27.3991139],[117.454007,27.3948551],[117.4544027,27.3887827],[117.4544949,27.3809763],[117.454286,27.3713901],[117.4568761,27.3560548],[117.4608463,27.3532306],[117.4689144,27.3501812],[117.4794332,27.3477326],[117.4944899,27.3439314],[117.4995254,27.3415281],[117.5063414,27.3373791],[117.5119302,27.3348247],[117.518876,27.3285132],[117.5218934,27.3230664],[117.5242801,27.3202065],[117.5286955,27.3143015],[117.5331795,27.312904],[117.5415431,27.3137077],[117.5455851,27.313835],[117.5491123,27.3109538],[117.5559648,27.3033316],[117.5587212,27.2989081],[117.5625059,27.2974886],[117.5698298,27.2980615],[117.5768894,27.2964979],[117.5815167,27.2957746],[117.5840992,27.2916164],[117.5839919,27.2878692],[117.5872105,27.2840647],[117.5903428,27.2824339],[117.5928539,27.2798692]]}},{"type":"Feature","properties":{"name":"北溪","tier":3},"geometry":{"type":"LineString","coordinates":[[117.5180327,27.9096836],[117.5194859,27.9055604],[117.518177,27.9015592],[117.5148296,27.8993215],[117.513113,27.8953011],[117.5137138,27.889991],[117.510066,27.8856289],[117.5071048,27.8834667],[117.5079631,27.878156],[117.5058174,27.8753867],[117.5020194,27.8707015],[117.5010323,27.8668888],[117.4995947,27.8607046],[117.4953246,27.85655],[117.4937928,27.8522931],[117.4926209,27.8478798],[117.4927282,27.8433832],[117.49511,27.8397023],[117.4927926,27.836173],[117.4926424,27.8320744],[117.4934363,27.8269319],[117.4923634,27.8223396],[117.4904108,27.8170448],[117.4876427,27.8143499],[117.4842524,27.8089029],[117.4813342,27.8065874],[117.4759054,27.8028673],[117.4744892,27.7952748],[117.4752188,27.7904723],[117.4768281,27.7866946],[117.4732232,27.7830498],[117.4764204,27.7811893],[117.4744677,27.7781708],[117.4742532,27.7746205],[117.4757767,27.7694374],[117.4729872,27.7661907],[117.4709487,27.7630008],[117.4733519,27.7593362],[117.4694312,27.7567826],[117.4679105,27.7528075],[117.4651798,27.7495825],[117.4640123,27.7462758],[117.4615361,27.7421338],[117.4596371,27.7391783],[117.4549888,27.7375968],[117.452707,27.7348428],[117.4520042,27.730998],[117.4533605,27.7268015],[117.4494003,27.7249482],[117.4470374,27.7190841],[117.4453169,27.7153211],[117.4415903,27.713807],[117.4393731,27.7108572],[117.4378425,27.706855],[117.4312138,27.7040556],[117.4257211,27.7080425],[117.4190652,27.7095548],[117.4145783,27.7066984],[117.4132184,27.7030539],[117.4147775,27.6985108],[117.4144464,27.6944024],[117.4110632,27.6920234],[117.4080225,27.6899346],[117.403764,27.686256],[117.3981484,27.6838893],[117.3946141,27.6803782],[117.3913362,27.6783813],[117.3871422,27.6775851],[117.3837531,27.6754133],[117.381106,27.6715017],[117.3808365,27.6654711],[117.3829956,27.6622956],[117.3813281,27.658076],[117.3798192,27.6541739],[117.3789284,27.6493985],[117.3741691,27.6467161],[117.3712226,27.6446556],[117.3694297,27.6375086],[117.3677627,27.6326985],[117.3668366,27.6277965],[117.3619505,27.6245466],[117.3569902,27.6242195],[117.3531594,27.6236921],[117.3501885,27.6213863],[117.3476628,27.6187622],[117.3453507,27.6162844]]}},{"type":"Feature","properties":{"name":"儒茶溪","tier":3},"geometry":{"type":"LineString","coordinates":[[117.4121809,27.7354969],[117.4157094,27.7301936],[117.4148648,27.7215747],[117.4122696,27.7187231],[117.4093618,27.7166584],[117.4102704,27.7118494],[117.4119822,27.7065253],[117.4132184,27.7030539]]}},{"type":"Feature","properties":{"name":"高阳溪","tier":3},"geometry":{"type":"LineString","coordinates":[[118.1875287,26.8468727],[118.1886036,26.8506341],[118.1921829,26.8520865],[118.1959813,26.8514999],[118.1998007,26.8491817],[118.2035156,26.8494703],[118.2077419,26.8475896],[118.2102047,26.8447126],[118.2137944,26.8454481],[118.217332,26.8455319],[118.2204104,26.8420124],[118.2164554,26.8405785],[118.2190144,26.8364088],[118.2221065,26.8317233],[118.2260996,26.8298107],[118.2300766,26.8278727],[118.2339372,26.8272435],[118.2354963,26.8221277],[118.2392719,26.8253135],[118.2404167,26.8299051],[118.2433903,26.8270175],[118.2443429,26.8235084],[118.2415422,26.8209904],[118.2415234,26.8156042],[118.2483315,26.8152542],[118.2499814,26.8186998]]}},{"type":"Feature","properties":{"name":"濉溪","tier":3},"geometry":{"type":"LineString","coordinates":[[116.8359915,26.8187311],[116.8313172,26.8212098],[116.8334173,26.8271948],[116.8376174,26.8310033],[116.8422917,26.8321519],[116.8435111,26.8355975],[116.8375497,26.8391035],[116.8351109,26.8436369],[116.8378884,26.8481097],[116.8418175,26.8483514],[116.8457388,26.843097],[116.850421,26.843516],[116.8545534,26.8466591],[116.8542824,26.851857],[116.8568567,26.8550603],[116.8612601,26.8573569],[116.8624795,26.8639443],[116.8540792,26.8658782],[116.8517759,26.8697458],[116.8561793,26.8753053],[116.8595665,26.8765138],[116.8640376,26.8750031],[116.8701345,26.8696854],[116.8757573,26.8710753],[116.8823962,26.8705918],[116.8865963,26.8680537],[116.8909217,26.8735895]]}},{"type":"Feature","properties":{"name":"大樟溪","tier":2},"geometry":{"type":"LineString","coordinates":[[119.1507759,25.8691431],[119.154329,25.8704117],[119.1579598,25.8723832],[119.1600197,25.880569],[119.1656845,25.8856656],[119.1737526,25.8884455],[119.1770142,25.8964758],[119.1763275,25.9031158],[119.1766708,25.9066673],[119.1797608,25.9102187],[119.1835373,25.9133068],[119.1874855,25.9150052],[119.1979569,25.916086],[119.2065399,25.9190195],[119.2147797,25.9199459],[119.2183029,25.9220176],[119.2230353,25.9254314],[119.2276543,25.9302898],[119.2333812,25.9386795],[119.2362325,25.9428564],[119.2382973,25.9458811],[119.2436188,25.9586922],[119.247567,25.9719649],[119.2523735,25.9795266],[119.2583817,25.9809154],[119.2619323,25.9812811],[119.2748612,25.9826128],[119.2808781,25.9816936],[119.2834947,25.9831169]]}},{"type":"Feature","properties":{"name":"大樟溪","tier":2},"geometry":{"type":"LineString","coordinates":[[118.9441416,25.8653734],[118.9483294,25.8653928],[118.9532931,25.8651934],[118.9603422,25.8630129],[118.9623581,25.8595676],[118.9636324,25.8532882],[118.9666086,25.848544],[118.971174,25.8482204],[118.9744729,25.8513705],[118.9745751,25.8551873],[118.9776412,25.8575095],[118.9807107,25.8593621],[118.9864304,25.8607973],[118.9929201,25.8665221],[118.9967069,25.86798],[119.0005155,25.8712341],[119.0041675,25.8726239],[119.0084599,25.874371],[119.0121424,25.8782665],[119.0172278,25.8792516],[119.021813,25.8783956],[119.0256041,25.8751756],[119.0284529,25.8729342],[119.0321194,25.8694283],[119.0347397,25.8665216],[119.0413944,25.8661322],[119.0512537,25.8706494],[119.0555354,25.8722996],[119.0599804,25.8714943],[119.0649539,25.8729385],[119.068375,25.8755205],[119.0723618,25.8773644],[119.0755929,25.875463],[119.0769216,25.8715549],[119.0777647,25.8660488],[119.0804475,25.8631175],[119.0828003,25.8585822],[119.0897403,25.8569913],[119.0938879,25.8568668],[119.0985925,25.8629526],[119.1012172,25.8665587],[119.1050972,25.8667311],[119.1099152,25.8635705],[119.1142344,25.8637555],[119.1194468,25.8639072],[119.1237819,25.8610671],[119.1275397,25.8597069],[119.1317028,25.8600925],[119.1359105,25.862396],[119.1390705,25.8651367],[119.1423159,25.866791],[119.1470127,25.8684877],[119.1507759,25.8691431]]}},{"type":"Feature","properties":{"name":"尤溪","tier":2},"geometry":{"type":"LineString","coordinates":[[118.0433356,25.9402979],[118.0455394,25.9437179],[118.0473743,25.9470251],[118.0498222,25.9495301],[118.053797,25.9512362],[118.0573138,25.9512433],[118.0628305,25.9511808],[118.0672542,25.9497148],[118.0727742,25.9500686],[118.076228,25.9518207],[118.0783287,25.9551782],[118.0804496,25.9590116],[118.0844945,25.9639851],[118.0847593,25.9678603],[118.0884977,25.9676334],[118.0938305,25.967967],[118.0967962,25.9707512],[118.101064,25.9711951],[118.1033395,25.9667499],[118.1062319,25.9638334],[118.1115975,25.9614796],[118.1136415,25.9649819],[118.1167495,25.9667303],[118.1200914,25.9688933],[118.1234527,25.9714137],[118.1271319,25.9743078],[118.1299139,25.9765403],[118.1334684,25.9792691],[118.1359192,25.9836862],[118.1396628,25.9846832],[118.1407499,25.9887019],[118.1428206,25.9919423],[118.1416444,25.9975046],[118.1425131,26.0015463],[118.1433307,26.0064146],[118.1401114,26.0095375],[118.1383229,26.0145891],[118.1331107,26.0195028],[118.1294825,26.0215233],[118.1249857,26.0217529],[118.121073,26.0267517],[118.1221139,26.0327327],[118.1237125,26.0365599],[118.1230625,26.0408082],[118.1252474,26.0440466],[118.1309626,26.0473074],[118.1356189,26.0493133],[118.1408679,26.0527444],[118.1443522,26.0606495],[118.1434806,26.0644871],[118.1488284,26.0679276],[118.1531644,26.0715628],[118.1511409,26.0786382],[118.1512854,26.0835712],[118.150346,26.0939557],[118.1509241,26.0990179],[118.1444201,26.1029766],[118.1426134,26.1077788],[118.1494252,26.1080235],[118.1576449,26.1110234],[118.1578617,26.114787],[118.1650884,26.1178368],[118.1653774,26.1234819],[118.1656489,26.1272591],[118.1696914,26.130034],[118.1743501,26.1311873],[118.1812761,26.1299052],[118.1865515,26.1339278],[118.1915379,26.1345766],[118.1965966,26.1330844],[118.1991259,26.1366527],[118.1990537,26.1453459],[118.2055691,26.1529894],[118.2137484,26.1597578],[118.215675,26.165714],[118.2122743,26.1691333],[118.2053758,26.169913],[118.1992505,26.1725523]]}},{"type":"Feature","properties":{"name":"尤溪","tier":2},"geometry":{"type":"LineString","coordinates":[[118.3421799,26.2902671],[118.3408964,26.2962525],[118.3391243,26.2997422],[118.3388901,26.303976],[118.3404053,26.3073193],[118.3397776,26.3129804],[118.3388042,26.3170652],[118.3385693,26.3238508],[118.3399224,26.3287424],[118.3421,26.3315462],[118.3460294,26.3332606],[118.3486504,26.3367656],[118.3499565,26.3415521],[118.3568549,26.3432738],[118.3606162,26.3423887],[118.3632015,26.3450398],[118.3620171,26.3524246],[118.3661825,26.3599866],[118.3734458,26.3638114],[118.3817882,26.3637143],[118.3865873,26.3617637],[118.3900685,26.3638297],[118.387888,26.3713259],[118.3916833,26.3784751],[118.3944742,26.3808616],[118.4116713,26.3819766],[118.4152336,26.384503],[118.4162845,26.3908349],[118.4194583,26.3942483],[118.422987,26.3965819],[118.4275577,26.3979562],[118.4327479,26.3950511],[118.4373491,26.3918158],[118.4434188,26.3855182],[118.4471971,26.3848287],[118.4515352,26.3887148],[118.451815,26.3922874],[118.447407,26.3986802],[118.4464974,26.4025658],[118.446754,26.4050641]]}},{"type":"Feature","properties":{"name":"尤溪","tier":2},"geometry":{"type":"LineString","coordinates":[[118.1944381,26.1807421],[118.1959256,26.1840916],[118.1991507,26.1869153],[118.2035362,26.1836708],[118.2105609,26.183233],[118.2136364,26.1885889],[118.2142694,26.192827],[118.2146824,26.1967116],[118.2204213,26.2002333],[118.2251243,26.1980555],[118.2288128,26.1976712],[118.2333612,26.1977551],[118.2394596,26.1936671],[118.2464897,26.1931365],[118.2506106,26.1971173],[118.2534673,26.2021943],[118.2455109,26.2097038],[118.2426574,26.2145068],[118.2480991,26.2206624],[118.2519201,26.2223581],[118.2554842,26.2257761],[118.2501122,26.2310084],[118.2499501,26.2365734],[118.2521765,26.243834],[118.2514475,26.2486089],[118.2541197,26.2520872],[118.2480342,26.2549468],[118.2441256,26.2587428],[118.2428506,26.2626677],[118.2407118,26.2677496],[118.2389468,26.2742675],[118.2415714,26.2768095],[118.2469958,26.2768994],[118.2500568,26.2786973],[118.2566382,26.2807407],[118.2620495,26.2805766],[118.2686165,26.2829309],[118.2739544,26.288894],[118.2750852,26.2931198],[118.2741482,26.3009361],[118.2752297,26.3053513],[118.279259,26.3045367],[118.2807325,26.2960123],[118.2851626,26.2897044],[118.2930507,26.2881647],[118.2987362,26.2859264],[118.302699,26.2855929],[118.3063924,26.2869531],[118.3119606,26.2902442],[118.3149141,26.2935308],[118.3195736,26.2926759],[118.325227,26.2898791],[118.3295171,26.2877878],[118.3334076,26.2885093],[118.3375919,26.2889518],[118.3421799,26.2902671]]}},{"type":"Feature","properties":{"name":"尤溪","tier":2},"geometry":{"type":"LineString","coordinates":[[117.9711312,25.830459],[117.9751061,25.8316691],[117.9793733,25.8305642],[117.9831145,25.8311956],[117.9838158,25.8255653],[117.9876155,25.8253558],[117.9893686,25.8284001],[117.9933441,25.8301433],[117.997962,25.8288805],[118.0035152,25.834024],[118.0076655,25.8332475],[118.0090096,25.8270456],[118.0139294,25.8279866],[118.0185887,25.8305048],[118.0209495,25.8343937],[118.0237406,25.8291436],[118.0252893,25.8257698],[118.0271894,25.8291962],[118.0297465,25.8336165],[118.0281247,25.8385087],[118.0218116,25.8415601],[118.0200579,25.8455057],[118.0163168,25.847084],[118.0135694,25.8527654],[118.0094776,25.855606],[118.0071979,25.859709],[118.0097699,25.8644956],[118.006964,25.8709126],[118.0086592,25.8742787],[118.0138396,25.8747671],[118.0170767,25.8770662],[118.0193445,25.8861952],[118.0185381,25.8910027],[118.0153231,25.8936013],[118.0111394,25.8977283],[118.0123823,25.9012248],[118.016646,25.90324],[118.0210543,25.9045401],[118.0218492,25.9120155],[118.0214156,25.9165005],[118.0247399,25.9179955],[118.0276305,25.9135105],[118.0334841,25.9118205],[118.0357244,25.9155905],[118.0441073,25.9194904],[118.0431679,25.9251451],[118.0445409,25.9300845],[118.0423729,25.933724],[118.0441796,25.9374933],[118.0433356,25.9402979]]}},{"type":"Feature","properties":{"name":"文江溪","tier":3},"geometry":{"type":"LineString","coordinates":[[117.8984939,26.0018906],[117.8987598,26.0068642],[117.9025011,26.0078099],[117.9060085,26.0077048],[117.910919,26.0052881],[117.915077,26.0012365],[117.9193056,26.004646],[117.924715,26.005183],[117.9224196,26.0019016],[117.9232989,25.9996923]]}},{"type":"Feature","properties":{"name":"文江溪","tier":3},"geometry":{"type":"LineString","coordinates":[[117.8310977,26.028028],[117.8354716,26.0286741],[117.8395481,26.027521],[117.8447569,26.0277966],[117.8425956,26.0240079],[117.8402489,26.0194682],[117.8411628,26.0143456],[117.8450847,26.0118885],[117.8427672,26.007752],[117.8440976,26.003355],[117.8458949,25.9993315],[117.8497237,25.9987602],[117.8520108,25.9988193]]}},{"type":"Feature","properties":{"name":"尤溪","tier":2},"geometry":{"type":"LineString","coordinates":[[117.9117412,25.712885],[117.9166557,25.7170894],[117.9191495,25.7212411],[117.9195432,25.7257343],[117.9217307,25.7314359],[117.9254348,25.7339976],[117.9282493,25.736822],[117.9320328,25.7385356],[117.9357411,25.7384194]]}},{"type":"Feature","properties":{"name":"青印溪","tier":3},"geometry":{"type":"LineString","coordinates":[[118.0914885,26.1967828],[118.0951659,26.1959843],[118.099892,26.1949685],[118.0981538,26.1985161],[118.1006026,26.2027513],[118.104162,26.2041379],[118.1081928,26.204391],[118.1115246,26.2026454],[118.1137244,26.1999698]]}},{"type":"Feature","properties":{"name":"文江溪","tier":3},"geometry":{"type":"LineString","coordinates":[[117.8831346,25.9861938],[117.8850319,25.9892218],[117.8884447,25.9900823],[117.8920099,25.9902438],[117.893983,25.9862959],[117.8974031,25.9870447],[117.8972715,25.9916823],[117.9004797,25.9940602],[117.9026793,25.9911174],[117.9060848,25.9921356],[117.9053321,25.9963986],[117.9026355,25.9997616],[117.8990375,26.0012097],[117.8984939,26.0018906]]}},{"type":"Feature","properties":{"name":"文江溪","tier":3},"geometry":{"type":"LineString","coordinates":[[117.9237567,25.9994308],[117.9253441,25.9950747],[117.9274689,25.9922873],[117.9309106,25.9937651],[117.9343705,25.9927825],[117.9381098,25.9918976],[117.9396153,25.9883446],[117.9376355,25.983693],[117.9378286,25.9800306],[117.9358511,25.9758538],[117.9379834,25.97272],[117.9426645,25.973666],[117.9463972,25.976964],[117.9488324,25.9800598],[117.9522212,25.9823259],[117.9585204,25.9794996],[117.9641893,25.9795217],[117.9670242,25.9826816],[117.9710695,25.985215],[117.9736484,25.9825637],[117.9730261,25.9787194],[117.9745743,25.9725636],[117.9742813,25.9688096],[117.9779098,25.9663167],[117.9838951,25.9661988],[117.9887511,25.9658244],[117.993717,25.965996],[117.9980735,25.9634204],[118.0055892,25.9606915],[118.011226,25.9598468],[118.0151284,25.9614062],[118.0173687,25.9569879],[118.0197535,25.9525694],[118.0241617,25.9518546],[118.0268356,25.9451616],[118.0305935,25.943602],[118.0365916,25.9429521],[118.0405663,25.9406127],[118.0433356,25.9402979]]}},{"type":"Feature","properties":{"name":"霍童溪","tier":2},"geometry":{"type":"LineString","coordinates":[[119.3285611,26.8927788],[119.3305027,26.8880095],[119.333024,26.8849283],[119.3375973,26.8848228],[119.341371,26.8837609],[119.345408,26.8848993],[119.348216,26.8883158],[119.3516278,26.8899233],[119.355772,26.8881337],[119.3594169,26.886402],[119.3631964,26.8846506],[119.3670256,26.8843766],[119.3699341,26.8866409],[119.3705135,26.8901623],[119.3741827,26.8919612],[119.3776159,26.891234],[119.3813925,26.8863347],[119.3803133,26.8808228],[119.3844824,26.8780667],[119.3883994,26.8780114],[119.3925695,26.8761739],[119.3953402,26.8730322],[119.3946837,26.8693187],[119.3952971,26.8642854],[119.3990736,26.8626009],[119.4035368,26.8615928],[119.4072435,26.8605886],[119.4092147,26.8570664],[119.4126349,26.8554031],[119.4170873,26.8553648],[119.4212365,26.8539581],[119.4231248,26.8491242],[119.4263026,26.8458685],[119.4328909,26.842538],[119.4366645,26.8413417],[119.4467955,26.8459076],[119.4517737,26.8474392],[119.4548636,26.8497365],[119.4522886,26.8554031],[119.4543486,26.8581598]]}},{"type":"Feature","properties":{"name":"穆阳溪","tier":2},"geometry":{"type":"LineString","coordinates":[[119.4166338,27.0962758],[119.4207292,27.0968982],[119.425727,27.0975608],[119.4295193,27.0988744],[119.4334536,27.0975224],[119.4380968,27.0970115],[119.4401655,27.098553]]}},{"type":"Feature","properties":{"name":"茜洋溪","tier":3},"geometry":{"type":"LineString","coordinates":[[119.7940614,27.0707767],[119.7930098,27.067017],[119.7972521,27.0650035],[119.7968214,27.061149],[119.7914869,27.0582624],[119.7913346,27.0545738],[119.7879237,27.052404],[119.7883854,27.0475922],[119.7908942,27.0443317],[119.7946951,27.0445523],[119.7926924,27.041119],[119.7895591,27.0381076],[119.786275,27.0395366],[119.7818604,27.0392777],[119.782711,27.0346933],[119.7809237,27.0316051],[119.7803961,27.0281234],[119.7830556,27.0231934],[119.7852844,27.020028],[119.7807622,27.0197403],[119.7790286,27.0236826],[119.7754216,27.0217834],[119.7743987,27.0180617],[119.7730312,27.014052],[119.7692475,27.0144764],[119.7654736,27.0134548],[119.7615017,27.0116623],[119.7564873,27.0089688],[119.7577592,27.0053278],[119.7564977,27.0013431],[119.7535861,26.998881]]}},{"type":"Feature","properties":{"name":"金造溪","tier":3},"geometry":{"type":"LineString","coordinates":[[119.2214371,26.8934475],[119.2253923,26.8915309],[119.2280411,26.8882911],[119.2319458,26.8879541],[119.2350032,26.8853977],[119.2379332,26.8833913],[119.2454882,26.8882419],[119.2474019,26.89311],[119.2518782,26.8933221],[119.2610459,26.8915192],[119.2658061,26.8901671],[119.2699542,26.8863407],[119.2697442,26.8817291],[119.2734982,26.8809124],[119.2782219,26.8821822],[119.2827458,26.8827091],[119.2857673,26.8851591],[119.2870492,26.8912021],[119.2868822,26.8954338],[119.2938247,26.9025522],[119.2947403,26.9068797],[119.3023023,26.908094]]}},{"type":"Feature","properties":{"name":"穆阳溪","tier":2},"geometry":{"type":"LineString","coordinates":[[119.2770215,27.2234251],[119.2783278,27.2200284],[119.2798201,27.2154152],[119.2804253,27.213814]]}},{"type":"Feature","properties":{"name":"交溪","tier":1},"geometry":{"type":"LineString","coordinates":[[119.6387628,27.1619416],[119.644194,27.1597396],[119.6479064,27.1572316],[119.6505532,27.1534391],[119.6478032,27.1484841],[119.6433002,27.1444771],[119.6376285,27.1332201],[119.633263,27.1284477],[119.6279006,27.1200651],[119.6295162,27.1144661],[119.6319001,27.107509],[119.6340537,27.1043856],[119.6353119,27.0986452],[119.6340752,27.0940418],[119.6313605,27.0910501],[119.6303291,27.0867004],[119.6318847,27.0833678],[119.6373779,27.074235],[119.6437462,27.0717244],[119.6509543,27.07214],[119.6558506,27.0704691],[119.6705871,27.0645128],[119.6728214,27.0611763],[119.6737324,27.0541202],[119.6763323,27.0470789],[119.6763448,27.0412468],[119.6807103,27.0361643],[119.6846418,27.0364088],[119.6903066,27.0388552],[119.6944265,27.039161],[119.6954564,27.0348798],[119.6892766,27.0301396],[119.6841254,27.031636],[119.678462,27.0279989],[119.6748571,27.0186708],[119.6748571,27.0110242],[119.6827535,27.0061301],[119.6871514,27.007091],[119.6909932,27.0046007],[119.6975164,27.0013888],[119.7026662,27.0026124],[119.7067861,27.0047536],[119.710391,27.0056713],[119.7188024,27.003836],[119.7191457,26.9986357],[119.7122793,26.9951177],[119.7076444,26.9911407],[119.7050695,26.9863987],[119.6975164,26.9862458],[119.6933965,26.9876225],[119.687045,26.9926703],[119.6810369,26.9955766],[119.6762304,26.9961884],[119.6719388,26.9960354],[119.6693639,26.9928233],[119.6709089,26.9889992],[119.6729688,26.9816566]]}},{"type":"Feature","properties":{"name":"长溪","tier":3},"geometry":{"type":"LineString","coordinates":[[119.6502001,27.2748244],[119.6527458,27.2714673],[119.6531841,27.2670993],[119.6569714,27.2636771],[119.6597572,27.2596705],[119.6562932,27.2566933],[119.6592251,27.2542725],[119.6620108,27.2518052],[119.6611239,27.2476127],[119.6645566,27.2485124],[119.6687508,27.2477796],[119.669429,27.2431973],[119.6717963,27.2398021],[119.6752066,27.2378727],[119.6759604,27.2343846],[119.6749692,27.2305811],[119.6712444,27.2315366],[119.6710984,27.2273062],[119.6729242,27.2233817],[119.6737589,27.219151],[119.6700237,27.218817],[119.6692725,27.21505],[119.6689178,27.2115241],[119.6659021,27.2096156],[119.6643852,27.207627]]}},{"type":"Feature","properties":{"name":"西溪","tier":2},"geometry":{"type":"LineString","coordinates":[[119.5687254,27.2091393],[119.564865,27.2052792],[119.5606081,27.2051679],[119.557332,27.2032378],[119.5603786,27.2013076],[119.564552,27.2011591],[119.5675777,27.1962965],[119.5710208,27.1933825],[119.5727319,27.1899302],[119.5752776,27.1856425],[119.5803901,27.181763],[119.5837079,27.1830067],[119.5855859,27.1862179],[119.5898637,27.1831367],[119.5889664,27.1782732],[119.5858155,27.1747833],[119.5884656,27.1719802],[119.5948509,27.1731126],[119.5990034,27.17599],[119.6038468,27.1748393],[119.608598,27.1732642],[119.6131131,27.1724503],[119.6149981,27.167739],[119.6201313,27.1661838],[119.6265944,27.1679969],[119.6302037,27.1646941],[119.635016,27.1600454],[119.6387628,27.1619416]]}},{"type":"Feature","properties":{"name":"西溪","tier":2},"geometry":{"type":"LineString","coordinates":[[119.4841751,27.3561821],[119.4858445,27.3530963],[119.4907587,27.3507703],[119.4933879,27.353643],[119.4969875,27.3548107],[119.4981978,27.3511039],[119.4947234,27.3496767],[119.4919467,27.3475064],[119.4943371,27.3449114],[119.4983904,27.3450097],[119.5024223,27.3446972],[119.5063662,27.3443451],[119.5114577,27.3426027],[119.5173422,27.3395258],[119.5221625,27.3392106],[119.528673,27.336597],[119.5328355,27.3352159],[119.5368002,27.335253],[119.5370923,27.3316568],[119.5343796,27.3282829],[119.5318339,27.3250758],[119.5290585,27.3212753],[119.5335241,27.3176416],[119.533858,27.3138779],[119.5356108,27.3094281],[119.535423,27.3058125],[119.5360699,27.3023451],[119.5359446,27.300973]]}},{"type":"Feature","properties":{"name":"龙溪","tier":3},"geometry":{"type":"LineString","coordinates":[[119.883043,27.2199109],[119.8772745,27.2213157],[119.87251,27.2227674],[119.8687205,27.224449],[119.8633503,27.2252503],[119.8630991,27.228912],[119.8616586,27.2327481],[119.8601737,27.236098],[119.8627888,27.2385677],[119.8603141,27.2421145],[119.8627519,27.2449255],[119.8607056,27.2493653],[119.8634537,27.251815],[119.8659285,27.2543894],[119.8651528,27.2584676],[119.862124,27.2615015],[119.8607425,27.2648571],[119.8639634,27.2672736],[119.8646505,27.271463],[119.8638083,27.2759345],[119.8641112,27.2798872],[119.8668667,27.2821129],[119.8713065,27.2831766],[119.875015,27.2838594],[119.8754804,27.2877198],[119.8718236,27.2881663],[119.8683589,27.2900308],[119.8698807,27.2935037],[119.8736114,27.2933593],[119.8736335,27.2969831],[119.8715798,27.3002064],[119.8679526,27.3005477],[119.870649,27.3028781],[119.871373,27.3039547]]}},{"type":"Feature","properties":{"name":"白马河","tier":3},"geometry":{"type":"LineString","coordinates":[[119.7502196,27.2692658],[119.7470906,27.2670641],[119.7436893,27.2645786],[119.7381804,27.2625754],[119.7340905,27.2611471],[119.7298545,27.2606277],[119.7255559,27.2581606],[119.7237822,27.2545434],[119.7277886,27.2437094],[119.7260005,27.240591],[119.7201513,27.2402958],[119.7154354,27.2416316],[119.710156,27.2382178],[119.7088414,27.2336722],[119.7030144,27.2300615],[119.6999261,27.2242724],[119.6995427,27.2204486],[119.6967543,27.215217],[119.6923305,27.2135098],[119.6888049,27.2125996],[119.6868216,27.2083879],[119.6888,27.202052],[119.6838172,27.1998831],[119.6756369,27.2012242],[119.6704619,27.2066063],[119.6643852,27.207627]]}},{"type":"Feature","properties":{"name":"交溪","tier":1},"geometry":{"type":"LineString","coordinates":[[119.9273041,27.3197754],[119.9231712,27.3197887],[119.9192377,27.3199282],[119.9164735,27.3174897],[119.9123672,27.3188318],[119.9095965,27.3212305],[119.9058357,27.3219614],[119.9022277,27.3215694],[119.8986197,27.3211707],[119.8950682,27.318772],[119.8942709,27.3146591],[119.8904968,27.3149049],[119.886643,27.3144996],[119.8829021,27.3170777],[119.8817127,27.3130113],[119.8773407,27.3132505],[119.8737858,27.3090312],[119.8737327,27.3054897],[119.8699842,27.3046702],[119.869238,27.3086349],[119.8633798,27.3094161],[119.8599964,27.310952],[119.8630474,27.3135185],[119.867177,27.3162162],[119.8640964,27.3185659],[119.860085,27.3189532],[119.8554901,27.320699],[119.8527198,27.31852],[119.8488562,27.3212372],[119.8453472,27.3240463],[119.8422962,27.3272556],[119.841735,27.3273175]]}},{"type":"Feature","properties":{"name":"尤溪","tier":2},"geometry":{"type":"LineString","coordinates":[[117.7744558,25.6322914],[117.7745723,25.6285405],[117.7783901,25.6295653],[117.7819748,25.6297755],[117.7808455,25.6332307],[117.7841241,25.6345708],[117.7837525,25.638282],[117.787563,25.6386367],[117.7882697,25.6396483]]}},{"type":"Feature","properties":{"name":"尤溪","tier":2},"geometry":{"type":"LineString","coordinates":[[117.9357411,25.7384194],[117.9417202,25.7339638],[117.9455547,25.7340233],[117.9432106,25.7386542],[117.9438142,25.7425121],[117.9471912,25.7445642],[117.9484053,25.7487749],[117.9506512,25.7522814],[117.9543579,25.7554111],[117.9573727,25.7578751],[117.9602586,25.7600689],[117.9633051,25.7622412],[117.9664928,25.7602811],[117.9673355,25.7643367],[117.9698698,25.7671274],[117.9715802,25.7716957],[117.9756614,25.7748325],[117.9730018,25.778096],[117.9765215,25.7824379],[117.9813608,25.7868335],[117.9816235,25.7933862],[117.9781458,25.7965704],[117.9713066,25.8008333],[117.9705489,25.805214],[117.9739658,25.8126739],[117.9738784,25.8177785],[117.9714235,25.8218299],[117.9699037,25.8278282],[117.9711312,25.830459]]}},{"type":"Feature","properties":{"name":"尤溪","tier":2},"geometry":{"type":"LineString","coordinates":[[117.8364353,25.653019],[117.8401572,25.6538135],[117.8421456,25.656932],[117.8457727,25.6558093],[117.8479213,25.6589344],[117.8442723,25.660556],[117.8409074,25.6616524],[117.8376007,25.6602737],[117.8351899,25.6632017],[117.8347818,25.6670408],[117.8368294,25.6704298],[117.8389718,25.6742259],[117.8398535,25.6782254],[117.8432493,25.6791251],[117.8468272,25.6818768],[117.8459454,25.6853048],[117.8446775,25.6902233],[117.8477541,25.6922803],[117.8496254,25.6958968],[117.8524891,25.6990092],[117.8546679,25.699889]]}},{"type":"Feature","properties":{"name":"尤溪","tier":2},"geometry":{"type":"LineString","coordinates":[[117.8546679,25.699889],[117.8584207,25.6991733],[117.8600333,25.695862],[117.8639969,25.6930747],[117.8678748,25.6942504],[117.8718182,25.6937249],[117.8752806,25.6945657],[117.8800258,25.6943095],[117.8842389,25.6936133],[117.8873077,25.6977054],[117.8910324,25.6992226],[117.8947499,25.6982242],[117.8979061,25.7030386],[117.9019735,25.7004902],[117.9044591,25.7039581],[117.8999471,25.7060007],[117.9014414,25.7108345],[117.9053192,25.7122399],[117.9090367,25.712148],[117.9117412,25.712885]]}},{"type":"Feature","properties":{"name":"尤溪","tier":2},"geometry":{"type":"LineString","coordinates":[[117.8290989,25.6511322],[117.8333763,25.6523822],[117.8364353,25.653019]]}},{"type":"Feature","properties":{"name":"汀江","tier":1},"geometry":{"type":"LineString","coordinates":[[116.451155,24.9967588],[116.4531686,24.9937443],[116.4573097,24.9848327],[116.4605195,24.9762304],[116.4629872,24.9733905],[116.4665063,24.972632],[116.4696605,24.9691501],[116.4681934,24.963276],[116.4683873,24.9593522],[116.4700039,24.9532761],[116.4722355,24.9479843],[116.4720638,24.9417584],[116.4737804,24.9380227],[116.4777286,24.9349096],[116.4785869,24.930551],[116.4847667,24.9254139],[116.4883716,24.9199653],[116.4925505,24.9174403],[116.4927524,24.9129793],[116.4919765,24.9082888],[116.4909466,24.9031507],[116.4899166,24.8989468],[116.4880283,24.8934969],[116.4878567,24.8886698],[116.4906032,24.8844653],[116.4899273,24.8784406],[116.4840801,24.8720067],[116.4837368,24.8679574],[116.4890583,24.863285],[116.4955814,24.8598584],[116.4990146,24.8526935],[116.4990146,24.8475532],[116.4952381,24.8411664],[116.4935215,24.8307288],[116.4923198,24.8263666],[116.4938648,24.8215368],[116.4969547,24.8177974],[116.5021045,24.8174858],[116.5039928,24.821381],[116.507941,24.8230948],[116.5103443,24.8204461],[116.5110309,24.8146812],[116.510516,24.8087602],[116.5103443,24.7989432],[116.5067394,24.790528],[116.5160091,24.787567],[116.520129,24.7710462],[116.5362652,24.7630968],[116.5395267,24.7551468],[116.5439899,24.7512496],[116.5474232,24.7448579],[116.5548046,24.7408044],[116.5655847,24.7353215],[116.5716274,24.7244333],[116.5762623,24.7195996],[116.5838154,24.7147656],[116.5827854,24.7049412],[116.5893085,24.6980792],[116.5716274,24.6915288],[116.5659626,24.6801427],[116.5683658,24.6746833],[116.5784939,24.6706275],[116.5863903,24.6634517],[116.594115,24.6620477],[116.5956113,24.6615663]]}},{"type":"Feature","properties":{"name":"木兰溪","tier":1},"geometry":{"type":"LineString","coordinates":[[118.5459986,25.4579238],[118.5498465,25.4573809],[118.5531754,25.4559795],[118.5590822,25.4535067],[118.560548,25.4501878],[118.5609573,25.4464688],[118.5623645,25.4430522],[118.5638986,25.4398864],[118.564913,25.4362922],[118.5669197,25.4320801],[118.5687644,25.4290314],[118.5691008,25.424256],[118.5679865,25.4204269],[118.5652142,25.4164664],[118.5640383,25.4119478],[118.5640665,25.4073137],[118.5635229,25.4052176]]}},{"type":"Feature","properties":{"name":"林辋溪","tier":3},"geometry":{"type":"LineString","coordinates":[[118.7832765,24.9620077],[118.7794356,24.9638363],[118.7755683,24.9639352],[118.7717108,24.9647311],[118.7705015,24.9681848],[118.7731485,24.9710726],[118.7727193,24.9750407],[118.7694363,24.9765384],[118.770403,24.9805159],[118.7722698,24.9843865],[118.7750593,24.9878679],[118.7758532,24.9917382],[118.7747113,24.9960039],[118.7744894,24.9996572],[118.777826,25.0013005],[118.7809696,25.002973],[118.7833514,25.0068039],[118.7871709,25.0079512],[118.7914946,25.0066775],[118.7959874,25.0089691],[118.7988089,25.0110446],[118.8026867,25.0125639],[118.8092243,25.0130431],[118.8159236,25.0107133],[118.8195965,25.0107599],[118.823857,25.014501],[118.8221878,25.0180429],[118.8221777,25.0237541],[118.8222929,25.0275843],[118.8226523,25.0353712],[118.8237844,25.0411274],[118.82543,25.0484317],[118.8259148,25.056258],[118.8259809,25.0620209],[118.8262233,25.066273],[118.8254814,25.0699061],[118.822734,25.073792],[118.8211734,25.0773422],[118.8245524,25.0791199],[118.8278875,25.0779222],[118.8314063,25.0773833],[118.8344402,25.0792862],[118.8387009,25.0794925],[118.8413014,25.0821206],[118.8445557,25.080557],[118.8488793,25.0805132],[118.8509468,25.0836575],[118.8545341,25.0859296]]}},{"type":"Feature","properties":{"name":"南溪","tier":3},"geometry":{"type":"LineString","coordinates":[[117.5878387,24.2832165],[117.5914612,24.2807052],[117.5949087,24.2816885],[117.5999525,24.2797285],[117.6020297,24.2768516],[117.6045036,24.2728237],[117.6083291,24.27236],[117.6111885,24.2745395],[117.6122731,24.2780893],[117.6092467,24.2801136],[117.6106721,24.2838326],[117.613998,24.2859133],[117.6167972,24.2882294],[117.6162618,24.2917138],[117.6165233,24.2955318],[117.6172207,24.3000726],[117.6189559,24.3040452],[117.6227893,24.3034358],[117.6260003,24.3017765],[117.6268972,24.3055594],[117.6288005,24.3088321],[117.632456,24.31119],[117.6342016,24.3143998],[117.6372584,24.3163369],[117.6402131,24.3189932],[117.6421477,24.3222862],[117.6435844,24.3255833],[117.6461928,24.3285561],[117.6491309,24.330552],[117.6519138,24.3343647],[117.6543604,24.3370483],[117.6582453,24.3380086],[117.6619029,24.3407574],[117.6643826,24.3443346],[117.6686602,24.3429038],[117.6707059,24.3397596],[117.6738056,24.3365965],[117.6777319,24.3339793],[117.6824609,24.3314057],[117.6856769,24.3271228],[117.689578,24.3264221]]}},{"type":"Feature","properties":{"name":"木兰溪","tier":1},"geometry":{"type":"LineString","coordinates":[[118.7666546,25.3956585],[118.769349,25.3931708],[118.7722548,25.3908401],[118.7749934,25.3863665],[118.7784642,25.3838878],[118.7818944,25.3826206],[118.7864337,25.3812605],[118.7894246,25.3740483],[118.7898457,25.3675473],[118.7938459,25.3628164],[118.7972398,25.3610004],[118.8012096,25.3606388],[118.8076493,25.361912],[118.8119272,25.3611786],[118.8152424,25.3583748],[118.8189522,25.3571956],[118.8227075,25.3568528],[118.8265424,25.3578332],[118.8301896,25.3593591],[118.8403573,25.3612931],[118.8460259,25.3619659],[118.8499151,25.3578019],[118.8555001,25.3509251],[118.8587577,25.3495877],[118.8639537,25.3516272],[118.8643731,25.3551882],[118.8629093,25.361009],[118.8641725,25.3654107],[118.8672439,25.3674844],[118.870936,25.3674129],[118.8778518,25.372196],[118.883912,25.3703819],[118.8872117,25.3719716],[118.8891304,25.3757154],[118.8962986,25.3746294]]}},{"type":"Feature","properties":{"name":"木兰溪","tier":1},"geometry":{"type":"LineString","coordinates":[[118.5635229,25.4052176],[118.5661189,25.402469],[118.5716109,25.4007927],[118.5755083,25.399042],[118.5772335,25.3953004],[118.5796166,25.3919153],[118.5802728,25.3878014],[118.5792039,25.3835554],[118.5771297,25.3797128],[118.5784319,25.3754848],[118.5800958,25.3717201],[118.5837217,25.3699783],[118.5883973,25.3696953],[118.5922013,25.3671769],[118.5948428,25.3648724],[118.5993379,25.3649463],[118.6041575,25.3661143],[118.6089984,25.3662991],[118.6132908,25.3668876],[118.6175716,25.3673529],[118.6211094,25.3681115],[118.6253554,25.3670427],[118.6294886,25.3666285],[118.6330533,25.3664562],[118.6380595,25.3666558],[118.6426151,25.366531],[118.6457805,25.3643663],[118.649961,25.3629125],[118.6557338,25.3630255],[118.6610255,25.3645375],[118.6650554,25.3642985],[118.6715488,25.3631805],[118.6747096,25.3577976],[118.677992,25.3555455],[118.6896627,25.3555455],[118.6936138,25.3563695],[118.6983782,25.358838],[118.7025635,25.3611158],[118.7090532,25.3666957],[118.711941,25.3689192],[118.7166373,25.3747777],[118.7197932,25.3798482],[118.7226312,25.3842552],[118.7279846,25.388295],[118.7365414,25.3919676],[118.7397687,25.3939746],[118.7439831,25.3959094],[118.7563322,25.3952318],[118.7615191,25.3954331],[118.765195,25.3960739],[118.7666546,25.3956585]]}},{"type":"Feature","properties":{"name":"木兰溪","tier":1},"geometry":{"type":"LineString","coordinates":[[118.8962986,25.3746294],[118.9001558,25.3740764],[118.9040699,25.3752595],[118.9075998,25.376867],[118.9111525,25.377825],[118.9195557,25.3789117],[118.9227866,25.3806606],[118.9274266,25.3808149],[118.9343724,25.3837725],[118.9406998,25.381401],[118.9466127,25.3800439],[118.9516516,25.3796575],[118.9565763,25.3834896],[118.9638333,25.3907879],[118.9693345,25.3950234],[118.9722622,25.3987883],[118.974023,25.4024495],[118.9758359,25.406807],[118.9804008,25.4092148],[118.9843066,25.4115031],[118.987724,25.410562],[118.992798,25.4083316],[118.9962155,25.4047271],[118.9997683,25.4030706],[119.0046444,25.4074375],[119.0081765,25.4091504],[119.011,25.4142605],[119.0158261,25.4168143],[119.0199709,25.4170316],[119.02645,25.414925],[119.0369471,25.4146959],[119.0440461,25.4132968],[119.0492639,25.4135744],[119.0530161,25.4147782],[119.0597478,25.4178857],[119.0637997,25.4216263],[119.0643244,25.427557],[119.0615586,25.4314064],[119.0620909,25.4350989],[119.0661286,25.438011],[119.0703126,25.4378443],[119.0751453,25.4368424],[119.0806099,25.4355623],[119.0816399,25.4306014],[119.0799233,25.4223847],[119.0843775,25.4195137],[119.0890486,25.4203256],[119.0952851,25.42084],[119.0995992,25.4207129],[119.1039923,25.42233],[119.1075598,25.4263336],[119.1115428,25.4279732],[119.1123586,25.427153]]}},{"type":"Feature","properties":{"name":"延寿溪","tier":2},"geometry":{"type":"LineString","coordinates":[[119.03409,25.4425069],[119.034671,25.4387423],[119.0383452,25.4369202],[119.0409518,25.4337084],[119.0444612,25.4321699],[119.0454582,25.4318863]]}},{"type":"Feature","properties":{"name":"延寿溪","tier":2},"geometry":{"type":"LineString","coordinates":[[119.0454582,25.4318863],[119.0478045,25.4360959],[119.0492756,25.4392794],[119.0519514,25.4367377],[119.053417,25.4332182],[119.0523845,25.4296486],[119.0518404,25.4256777],[119.0502478,25.4225387],[119.0486927,25.4180214],[119.0518737,25.416457],[119.0530161,25.4147782]]}},{"type":"Feature","properties":{"name":"延寿溪","tier":2},"geometry":{"type":"LineString","coordinates":[[118.982659,25.4815739],[118.9872497,25.4819056],[118.9905531,25.4840819],[118.9952742,25.4834892],[118.9991663,25.4815608],[119.0009788,25.4778589],[119.0004581,25.473582],[119.0019168,25.4701721],[119.0031508,25.4660802],[119.0078396,25.4614935],[119.0114791,25.4593294],[119.0134765,25.4627412],[119.0141303,25.4666105],[119.015311,25.4701706],[119.0185978,25.4725559],[119.0216781,25.4698218],[119.0241742,25.4651135],[119.025187,25.4612503],[119.0261919,25.4573729],[119.0264588,25.4518436],[119.0255481,25.447824],[119.0287655,25.4446922],[119.0327318,25.4432017],[119.03409,25.4425069]]}},{"type":"Feature","properties":{"name":"延寿溪","tier":2},"geometry":{"type":"LineString","coordinates":[[119.0385027,25.4537359],[119.0417997,25.4518152],[119.0442178,25.4483415],[119.046683,25.4457823],[119.0499804,25.4443219],[119.0521919,25.4410416],[119.056527,25.4421485],[119.0602941,25.4437002],[119.0636227,25.4422526],[119.066964,25.4409443],[119.0703126,25.4378443]]}},{"type":"Feature","properties":{"name":"仙水溪","tier":3},"geometry":{"type":"LineString","coordinates":[[118.6942844,25.4805947],[118.6986434,25.4778889],[118.7012906,25.4734279],[118.7007816,25.4693348],[118.697598,25.467241],[118.6991393,25.4636001],[118.6955809,25.462543],[118.6919801,25.4611498],[118.6916824,25.4573804],[118.6907063,25.4536366],[118.6941026,25.4524928],[118.7013646,25.4507266],[118.7031187,25.4473847],[118.7065837,25.4464278],[118.7099677,25.4473835],[118.713752,25.4445994],[118.7177522,25.4423683],[118.7222231,25.4408809],[118.7256898,25.4387378],[118.729244,25.4373726],[118.7328539,25.4364042],[118.7403812,25.4377634],[118.7442451,25.4369362],[118.7479393,25.4366126],[118.7512499,25.4348946],[118.7531948,25.4319243],[118.7560341,25.429558],[118.7596325,25.429789],[118.7622021,25.4272241],[118.7632862,25.4237296],[118.7667596,25.4224729],[118.7699834,25.4206883],[118.769609,25.4167058],[118.7696176,25.411952],[118.7715866,25.4086844],[118.7720025,25.4051453],[118.7687618,25.40265],[118.7652808,25.4014238],[118.7652875,25.3969339],[118.7666546,25.3956585]]}},{"type":"Feature","properties":{"name":"延寿溪","tier":2},"geometry":{"type":"LineString","coordinates":[[118.9098419,25.4866399],[118.9137691,25.4895432],[118.9175457,25.4912477],[118.9271587,25.4845846],[118.9367718,25.4856693],[118.9422016,25.4810213],[118.9467281,25.4771464],[118.9570278,25.4771464],[118.9743656,25.4816404],[118.9825988,25.4815744],[118.982659,25.4815739]]}},{"type":"Feature","properties":{"name":"延寿溪","tier":2},"geometry":{"type":"LineString","coordinates":[[118.8472974,25.5516471],[118.8496953,25.5489755],[118.8519859,25.5462942],[118.8548613,25.5441113],[118.8573021,25.5411443],[118.8606495,25.5392131],[118.8641149,25.5397552],[118.8691091,25.5392227],[118.8726604,25.5385499],[118.8763136,25.5378578],[118.8795966,25.5363573],[118.8792425,25.5328576],[118.8816351,25.530084],[118.8843173,25.5276685],[118.8832873,25.5241492],[118.882885,25.5205379],[118.8864536,25.5196516],[118.8898802,25.518858],[118.8898847,25.5141097],[118.8911527,25.5108029],[118.8935046,25.5076557],[118.8966895,25.5056395],[118.8982524,25.5017003],[118.8975004,25.4978941],[118.904724,25.4999147],[118.9042521,25.4946977],[118.9088231,25.4869781],[118.9098419,25.4866399]]}},{"type":"Feature","properties":{"name":"大樟溪","tier":2},"geometry":{"type":"LineString","coordinates":[[118.5863176,25.808348],[118.593519,25.8041487],[118.5984368,25.7966627],[118.5993395,25.790233],[118.6034937,25.7876138],[118.6079756,25.788002],[118.6128897,25.7930144],[118.6194793,25.7948747],[118.6245321,25.7950397],[118.6296394,25.7945857]]}},{"type":"Feature","properties":{"name":"大樟溪","tier":2},"geometry":{"type":"LineString","coordinates":[[118.4312655,25.7214921],[118.4297355,25.7258303],[118.4325273,25.7281927],[118.4365687,25.7284701],[118.4379178,25.732635],[118.4360915,25.7375624],[118.437252,25.7410026],[118.4407632,25.7406262],[118.4457263,25.7400356],[118.4518339,25.7421537],[118.4580035,25.7433903],[118.4627459,25.7431893],[118.4676548,25.7445248],[118.467784,25.7483237],[118.4641114,25.7490621],[118.4618836,25.7527055],[118.4621183,25.7587253],[118.4656309,25.7632215],[118.4705669,25.764991]]}},{"type":"Feature","properties":{"name":"大樟溪","tier":2},"geometry":{"type":"LineString","coordinates":[[118.8749781,25.8115761],[118.8784043,25.8145903],[118.8781375,25.8200683],[118.8776448,25.8251018],[118.8743707,25.8287069],[118.8764284,25.8316914],[118.8797098,25.8342571],[118.8819354,25.8370316],[118.886114,25.8397753],[118.8911366,25.8405034],[118.9013229,25.841345],[118.9052831,25.8415749],[118.9098566,25.8441503],[118.9120028,25.8470476],[118.9148021,25.8507755],[118.9170463,25.8538831],[118.9189797,25.8573312],[118.9221423,25.8602078],[118.9258892,25.8617422],[118.9315076,25.8637494],[118.9363738,25.8642008],[118.9441416,25.8653734]]}},{"type":"Feature","properties":{"name":"大樟溪","tier":2},"geometry":{"type":"LineString","coordinates":[[118.6296394,25.7945857],[118.6325067,25.7969687],[118.6362591,25.7954978],[118.6388066,25.7923913],[118.6421603,25.7899659],[118.6437814,25.7860697],[118.6469203,25.7844883],[118.6536005,25.7855459],[118.6586054,25.783532],[118.6626756,25.7815804],[118.6663997,25.7785611],[118.6698387,25.777508],[118.6732514,25.7786745],[118.6803528,25.774982],[118.6837212,25.7690863],[118.6881116,25.7682531],[118.692081,25.767242],[118.6975792,25.7641685],[118.702516,25.7596167],[118.7060558,25.758146],[118.7097747,25.7575948],[118.7121241,25.7542908],[118.7143934,25.7470491],[118.7188754,25.7458239],[118.7226913,25.7457438],[118.7282529,25.7423426],[118.7327111,25.7417298],[118.7333173,25.7378213],[118.7365493,25.7361869],[118.739821,25.7351503]]}},{"type":"Feature","properties":{"name":"浐溪","tier":3},"geometry":{"type":"LineString","coordinates":[[118.3581997,25.5007512],[118.3582092,25.5050647],[118.3603006,25.5082155],[118.3602675,25.5122665],[118.3582555,25.515952],[118.3600047,25.5208696],[118.3612011,25.5243936],[118.3644611,25.527731],[118.3624736,25.5323027],[118.3617693,25.5362847],[118.3639902,25.5411782],[118.3608413,25.5428674],[118.3573544,25.5413137],[118.3584434,25.5451568],[118.3615172,25.5486415],[118.3656746,25.5510905],[118.3696765,25.548627],[118.372761,25.5507662],[118.3725142,25.5544444],[118.3688557,25.5570191],[118.3653796,25.5589839],[118.3634913,25.5553059],[118.3596396,25.5559544],[118.361385,25.561933],[118.3602896,25.5665616],[118.3649593,25.5667176],[118.3695713,25.5672896],[118.376323,25.5671043],[118.3787262,25.5697367],[118.3822775,25.5701432],[118.3857536,25.5706755],[118.3902061,25.5712949],[118.3882642,25.5743627],[118.3918583,25.5765741],[118.3957636,25.5779434],[118.3991126,25.5808281],[118.3997225,25.5850221],[118.3996648,25.5891298],[118.3973012,25.5919896],[118.3982934,25.5955011],[118.4023276,25.5953249],[118.4071069,25.5966412],[118.4058439,25.6018899],[118.4071228,25.6058532],[118.4062301,25.6099286],[118.4031376,25.6128296],[118.4017104,25.616413],[118.4019796,25.6202427],[118.3994494,25.6233859],[118.393707,25.625327],[118.389746,25.6232497],[118.3879849,25.6272373],[118.3911282,25.6315236],[118.3912599,25.6362363],[118.3917006,25.6390996]]}},{"type":"Feature","properties":{"name":"大樟溪","tier":2},"geometry":{"type":"LineString","coordinates":[[118.739821,25.7351503],[118.7436889,25.7360462],[118.746379,25.7319192],[118.749885,25.7291731],[118.7549463,25.7286353],[118.7583789,25.7308587],[118.758114,25.7347981],[118.7581382,25.7386093],[118.7625916,25.7387551],[118.765983,25.737512],[118.7693337,25.7390046],[118.7751787,25.7378706],[118.7787667,25.7372456],[118.7832156,25.7397974],[118.7870712,25.744167],[118.7888868,25.7497118],[118.7901208,25.7532506],[118.7934115,25.7587439],[118.8040199,25.7607601],[118.8092255,25.7614627],[118.8134099,25.7603896],[118.8166439,25.7620376],[118.8148992,25.7650778],[118.8183034,25.7680797],[118.8242892,25.7692804],[118.828873,25.7726189],[118.8370282,25.7794639],[118.846716,25.7822355],[118.851794,25.7835255],[118.8555157,25.7874299],[118.8590705,25.7909331],[118.8628009,25.7941642],[118.8699924,25.8013923],[118.8726306,25.8040613],[118.8744888,25.8093159],[118.8749781,25.8115761]]}},{"type":"Feature","properties":{"name":"国宝溪","tier":3},"geometry":{"type":"LineString","coordinates":[[118.3042028,25.4781207],[118.307731,25.4764154],[118.309164,25.4720492],[118.3130152,25.4718066],[118.3189264,25.475243],[118.3221955,25.4768601],[118.3266962,25.4767898],[118.3303061,25.4782477],[118.3339159,25.4770185],[118.339774,25.4850223],[118.3441984,25.4926827],[118.3488937,25.4945692],[118.35543,25.4920825],[118.3598635,25.4919066],[118.3603967,25.4963558],[118.3641253,25.4996111],[118.3610055,25.5014468],[118.3581997,25.5007512]]}},{"type":"Feature","properties":{"name":"大樟溪","tier":2},"geometry":{"type":"LineString","coordinates":[[118.4705669,25.764991],[118.4706313,25.7614352],[118.4700179,25.7570731],[118.4726706,25.7543951],[118.4748244,25.7511206],[118.4777468,25.7490247],[118.4812299,25.748006],[118.4795263,25.7437287],[118.4766269,25.7399686],[118.4804678,25.7385578],[118.4847413,25.7408747],[118.4890212,25.7423302],[118.494029,25.7426359],[118.4977905,25.7432614],[118.4991558,25.7465368],[118.5048008,25.7483569],[118.510634,25.7486565],[118.5143404,25.749383],[118.5181045,25.7507921],[118.5201051,25.7549966],[118.5196304,25.7592659],[118.5236158,25.7627903],[118.5325414,25.7592268],[118.5385593,25.7606721],[118.5402443,25.7637433],[118.5405652,25.7707886],[118.5381179,25.7740402],[118.5365339,25.7795748],[118.5381651,25.782819],[118.5374984,25.7864973],[118.5390729,25.7901372],[118.5448277,25.7912264],[118.5450784,25.7967801],[118.5424707,25.8009791],[118.5454195,25.8031643],[118.549642,25.7995343],[118.5546569,25.7974754],[118.5596116,25.7943509],[118.5636837,25.793195],[118.5694407,25.7855008],[118.572229,25.7780951],[118.578191,25.7776097],[118.5815848,25.7796863],[118.5831213,25.785284],[118.5813962,25.7900162],[118.5806741,25.7935562],[118.5808145,25.7987758],[118.5822387,25.8029656],[118.5825396,25.8081667],[118.5863176,25.808348]]}},{"type":"Feature","properties":{"name":"富泉溪","tier":3},"geometry":{"type":"LineString","coordinates":[[118.77765,25.9161832],[118.7820656,25.9144599],[118.7876858,25.9138485],[118.7891647,25.9103773],[118.7929457,25.9091916],[118.7966962,25.9074818],[118.8002729,25.9048529],[118.8034408,25.903235],[118.8066636,25.9050342],[118.8085031,25.9017893],[118.8120184,25.89996],[118.8156973,25.8989671],[118.8187529,25.8967976],[118.8220342,25.8924616],[118.8268457,25.8907408],[118.8304639,25.8904615],[118.8322019,25.8873535],[118.8333607,25.8839945],[118.834337,25.8805582],[118.8350344,25.8767163],[118.8356674,25.8729805],[118.836354,25.8691094],[118.8379311,25.8659526],[118.8404739,25.8632494],[118.8443684,25.8645624],[118.8474583,25.8666187],[118.8511061,25.8680089],[118.8536596,25.8654989],[118.8539171,25.8616951],[118.8569641,25.8593587],[118.8578868,25.8559796],[118.8613629,25.856501],[118.8644467,25.8583641],[118.8680202,25.858707],[118.8716787,25.8589339],[118.8741571,25.8559989],[118.8754449,25.8513112],[118.8768795,25.8480303],[118.8799705,25.8459673],[118.878669,25.8419143],[118.8808505,25.8378945],[118.8819354,25.8370316]]}},{"type":"Feature","properties":{"name":"蕉溪","tier":3},"geometry":{"type":"LineString","coordinates":[[118.3022087,25.545033],[118.3075162,25.5471985],[118.3099996,25.5502369],[118.3082116,25.5553734],[118.311748,25.5570962],[118.3152647,25.5573042],[118.317513,25.5535595],[118.3212316,25.5545622],[118.3260453,25.5544437],[118.3299476,25.5553881],[118.332324,25.5579628],[118.3361864,25.5568013],[118.3397162,25.5584322],[118.3440077,25.5569707],[118.3480101,25.5574082],[118.3514428,25.5584951],[118.3551604,25.5575659],[118.3587599,25.5589162],[118.3604979,25.5590323]]}},{"type":"Feature","properties":{"name":"粗溪","tier":3},"geometry":{"type":"LineString","coordinates":[[118.7360919,25.6354257],[118.7374967,25.6426718],[118.7349824,25.6453346],[118.7321341,25.6503718],[118.7321981,25.6539474],[118.7297424,25.6574502],[118.7338748,25.6604183],[118.737636,25.6610332],[118.742137,25.6649358],[118.7444004,25.6683714],[118.7462646,25.672893],[118.7470758,25.6764915],[118.7525357,25.6767877],[118.7494502,25.6794987],[118.7463301,25.681165],[118.7483699,25.6847106],[118.750469,25.6879484],[118.7512629,25.6925744],[118.7491419,25.695779],[118.745808,25.6936581],[118.7443959,25.6897256],[118.7415587,25.686667],[118.7373413,25.6914163],[118.7396655,25.6948413],[118.741672,25.6983665],[118.7436115,25.7019461],[118.7421577,25.7053904],[118.7446653,25.7088558],[118.7426278,25.7139594],[118.7426898,25.7161526]]}},{"type":"Feature","properties":{"name":"长庆溪","tier":3},"geometry":{"type":"LineString","coordinates":[[118.509982,25.8951385],[118.5122725,25.8921084],[118.5160845,25.8892958],[118.5195504,25.8871104],[118.5225683,25.8837525],[118.5261689,25.8819473],[118.5289462,25.8785531],[118.5321119,25.8751784],[118.5350557,25.8732121],[118.5390554,25.8727507],[118.5426371,25.8702258],[118.5459984,25.8690576],[118.548415,25.8659985],[118.5524778,25.8664313],[118.5557056,25.8649761],[118.5593339,25.8637851],[118.5629577,25.8636938],[118.5627334,25.8673756],[118.5667877,25.8679196],[118.5703798,25.8669546],[118.5700893,25.8706271],[118.5739113,25.8716733],[118.5746993,25.8675629],[118.5782619,25.8655042],[118.5791693,25.8619654],[118.5786849,25.8578917],[118.5758579,25.85289],[118.5760372,25.8485387],[118.5751444,25.8444705],[118.5751,25.8403943],[118.5751971,25.8358175],[118.5781002,25.8328058],[118.5805678,25.8292038],[118.5806751,25.8250609],[118.5796977,25.8212322],[118.5822577,25.8183551],[118.5849023,25.8146015],[118.5868013,25.8105547],[118.5863176,25.808348]]}},{"type":"Feature","properties":{"name":"涌溪","tier":3},"geometry":{"type":"LineString","coordinates":[[118.1577103,25.7369853],[118.1558915,25.7402387],[118.1530267,25.7432812],[118.1523795,25.7468437],[118.1521229,25.7506081],[118.1528074,25.7540499],[118.1566212,25.7556656],[118.1574179,25.7591208],[118.155508,25.7639111],[118.1566149,25.7677888],[118.1555261,25.7711192],[118.1590998,25.7724542],[118.1604916,25.7757221],[118.1640717,25.7768368],[118.1658558,25.780576],[118.1688737,25.7783412],[118.1726337,25.7796775],[118.1739576,25.7831707],[118.1746999,25.7868848],[118.1772487,25.7899956],[118.1812255,25.7912063],[118.1852,25.7909668],[118.1867184,25.7918185]]}},{"type":"Feature","properties":{"name":"东溪","tier":2},"geometry":{"type":"LineString","coordinates":[[118.3759671,25.2851048],[118.3786667,25.2823126],[118.381834,25.280754],[118.38563,25.2768162],[118.3835817,25.2720382],[118.3821919,25.2683359],[118.3801648,25.2651671],[118.3801923,25.2613581],[118.3855412,25.2603524],[118.390996,25.2619808],[118.394189,25.2542028],[118.3973982,25.2520077],[118.4001785,25.2474333],[118.3934792,25.2444634],[118.3913343,25.2415893],[118.3968951,25.2423078],[118.4024293,25.2422599],[118.4052097,25.2383558],[118.3974247,25.2345235],[118.3967891,25.2286789],[118.4038327,25.2255648],[118.4011848,25.2208217],[118.4013436,25.216366],[118.4004963,25.2115267],[118.4041505,25.2014642],[118.4075928,25.2007934],[118.4153778,25.2029497],[118.4180788,25.200458],[118.4150071,25.1927428],[118.4169137,25.1859377],[118.4133124,25.1787488],[118.4090757,25.1688274],[118.41175,25.16125],[118.414755,25.1587652],[118.4187032,25.1567453],[118.4145833,25.1542592],[118.410974,25.1534416],[118.4080602,25.1502192],[118.4038198,25.1457891],[118.4017748,25.1435306]]}},{"type":"Feature","properties":{"name":"桃溪","tier":3},"geometry":{"type":"LineString","coordinates":[[118.2623407,25.3337171],[118.2657465,25.3305688],[118.2693021,25.3265373],[118.2735669,25.3246386],[118.2781965,25.3250888],[118.2820355,25.3261121],[118.2859707,25.3259348],[118.2898347,25.3220934],[118.292006,25.3187903],[118.2958473,25.3137955],[118.3004659,25.3085717],[118.304651,25.3080129],[118.3094936,25.3126222],[118.3134016,25.3064865],[118.3158906,25.302752],[118.3199031,25.3019828],[118.3225699,25.3043034],[118.3278748,25.3027095],[118.3332638,25.3023799],[118.336849,25.3033225],[118.3394661,25.2989078],[118.3432003,25.2977055],[118.3467855,25.2969841],[118.3501472,25.2983884],[118.3529346,25.3007064],[118.356541,25.3002832],[118.3599347,25.2978017],[118.3628604,25.2951374],[118.365786,25.2902799],[118.3688712,25.2881734],[118.3728819,25.2876251],[118.3759671,25.2851048]]}},{"type":"Feature","properties":{"name":"西溪","tier":2},"geometry":{"type":"LineString","coordinates":[[118.3397659,25.0066148],[118.3447176,25.0014764],[118.3470547,24.9986561],[118.3498345,24.9959021],[118.3533378,24.9946125],[118.3589683,24.9899991],[118.3650042,24.9856034],[118.3697788,24.9826501],[118.3729469,24.9796695],[118.375364,24.9768336],[118.3774362,24.9740076],[118.3796326,24.9697828],[118.3842409,24.9664028],[118.3927274,24.964759],[118.3981529,24.9632464],[118.4064612,24.9638913],[118.4143424,24.9617312],[118.4192453,24.9632267],[118.4204987,24.9688846],[118.4254769,24.969956],[118.4302881,24.9557492],[118.4331748,24.9531735],[118.4399105,24.9528412],[118.444126,24.9562893],[118.4521447,24.9586156],[118.4537942,24.9688345],[118.4568822,24.9716294],[118.4632333,24.9728636],[118.4652953,24.9748574]]}},{"type":"Feature","properties":{"name":"湖洋溪","tier":3},"geometry":{"type":"LineString","coordinates":[[118.4159659,25.3982161],[118.4164506,25.394428],[118.4173119,25.3904192],[118.4171839,25.386662],[118.4161777,25.3823589],[118.416305,25.3778938],[118.4127965,25.3760103],[118.4078623,25.3730818],[118.4047343,25.3708528],[118.4004359,25.3721992],[118.3990202,25.3685443],[118.3945762,25.3646984],[118.3926656,25.3615893],[118.3960801,25.3591199],[118.3995754,25.3558178],[118.4012103,25.3526561],[118.3962242,25.3507449],[118.3938407,25.3454771],[118.3899829,25.3437373],[118.3867478,25.3468997],[118.3845529,25.3423279],[118.3832746,25.3377997],[118.3801654,25.3339099],[118.3755116,25.3327126],[118.3785074,25.3299274],[118.3809056,25.3265936],[118.3848842,25.327632],[118.389399,25.3299569],[118.3900642,25.3232524],[118.3913219,25.319977]]}},{"type":"Feature","properties":{"name":"万安溪","tier":3},"geometry":{"type":"LineString","coordinates":[[117.1697095,25.4488904],[117.1750106,25.4494023],[117.1792535,25.4452474],[117.1863719,25.444887],[117.1896114,25.442091],[117.1901124,25.4374756],[117.1934825,25.4356855],[117.1973286,25.4375764],[117.198398,25.4332324],[117.2031364,25.4268791],[117.2053952,25.423719],[117.2084397,25.4260835],[117.2130616,25.4275656],[117.214977,25.4214922],[117.219518,25.4170805],[117.2195971,25.4126481],[117.2220308,25.4095987],[117.2249871,25.4057968],[117.2264967,25.4045616]]}},{"type":"Feature","properties":{"name":"新桥河","tier":3},"geometry":{"type":"LineString","coordinates":[[117.3776789,25.3663269],[117.3755481,25.3594267],[117.3757535,25.3534435],[117.3743803,25.3495653],[117.3716337,25.3472383],[117.3665697,25.3433598],[117.3635656,25.3401018],[117.3636528,25.3351405],[117.3635798,25.3331881]]}},{"type":"Feature","properties":{"name":"适中溪","tier":3},"geometry":{"type":"LineString","coordinates":[[117.0887774,24.8267495],[117.0869696,24.8232051],[117.0908132,24.8221802],[117.093769,24.8201085],[117.0952549,24.8167927],[117.098774,24.8161305],[117.1024996,24.8158919],[117.1053964,24.813786],[117.1073168,24.810492],[117.1043905,24.8085175],[117.1024781,24.8053086],[117.1025988,24.8017319],[117.10567,24.7991436],[117.1094277,24.7988807],[117.1092695,24.795238],[117.1120456,24.7976097],[117.113966,24.7942373],[117.1169755,24.7917122],[117.1177184,24.7955619],[117.1213314,24.7943298],[117.1226698,24.7975731],[117.1265375,24.796475],[117.130062,24.796548],[117.130931,24.7965602]]}},{"type":"Feature","properties":{"name":"船场溪","tier":3},"geometry":{"type":"LineString","coordinates":[[117.1121657,24.7475085],[117.114603,24.7438148],[117.1160442,24.7393683],[117.1163982,24.7356306],[117.1226049,24.7353876],[117.1255407,24.7321187],[117.1261562,24.7272167],[117.131306,24.7334534],[117.1361852,24.7342457],[117.1364921,24.7305122],[117.138569,24.7275448],[117.1468279,24.7245085],[117.1519054,24.724566],[117.1569273,24.7265324],[117.1617612,24.7252628],[117.16581,24.7205118],[117.1694148,24.7237863],[117.1737064,24.7230067],[117.1766246,24.7273726],[117.1781695,24.7279663]]}},{"type":"Feature","properties":{"name":"龙山溪","tier":3},"geometry":{"type":"LineString","coordinates":[[117.3708904,24.648991],[117.3695076,24.644114],[117.3709502,24.6403643],[117.3701837,24.6332284],[117.373061,24.6309068],[117.3763871,24.6297482],[117.3752779,24.6234333],[117.3745525,24.6196732],[117.377522,24.6158479],[117.3779213,24.6120067],[117.3720956,24.609929],[117.3711276,24.6055626],[117.3716801,24.6010358],[117.3741853,24.5972899],[117.3771948,24.592739],[117.3815477,24.5921555],[117.3849862,24.5957943],[117.3892724,24.593931],[117.3937195,24.5890385],[117.3971152,24.5863312],[117.400763,24.5841751],[117.4001482,24.5742348],[117.4045396,24.5716865],[117.4071145,24.5755893],[117.4058914,24.5789359],[117.415558,24.5817848],[117.4192572,24.5795097],[117.4249673,24.5810531],[117.4280572,24.5860483],[117.4290442,24.5913653],[117.4323058,24.5940189],[117.4375093,24.5937359]]}},{"type":"Feature","properties":{"name":"石窑河","tier":3},"geometry":{"type":"LineString","coordinates":[[115.9742787,25.2081057],[115.9748554,25.2043296],[115.976977,25.2013737],[115.9810696,25.1989509],[115.9829302,25.1954079],[115.9802359,25.1927433],[115.980109,25.1881256],[115.978573,25.184122],[115.97798,25.1795401],[115.978555,25.175431],[115.9800018,25.1697468],[115.9811747,25.1658094],[115.9813625,25.1618669],[115.9823602,25.1583904],[115.9798167,25.1554493],[115.9782345,25.1515974],[115.9822047,25.1514128],[115.9858042,25.1511409],[115.9855521,25.1548409],[115.9891194,25.155647],[115.9920423,25.1534761],[115.9947574,25.1508932],[115.9960931,25.1466977],[115.9969729,25.1426963],[115.9980304,25.1386588],[115.9964901,25.1348194],[116.0010821,25.1333479],[116.003774,25.1298661],[116.0072243,25.1286661],[116.0085468,25.1280804]]}},{"type":"Feature","properties":{"name":"石窑河","tier":3},"geometry":{"type":"LineString","coordinates":[[116.0085468,25.1280804],[116.010024,25.123941],[116.0110816,25.1193477],[116.0096597,25.1127504],[116.0062961,25.1110883],[116.0050922,25.1077469],[116.0055805,25.1031175],[116.0104727,25.0955542],[116.01501,25.09402],[116.0137049,25.0902777],[116.0097717,25.0855528],[116.005471,25.0856858],[116.007596,25.0816506],[116.0070397,25.0766605],[116.0111259,25.0765764],[116.0120142,25.0800552],[116.0167627,25.0782724],[116.0141935,25.0741733],[116.0118106,25.0712816],[116.0169166,25.0712385],[116.0147589,25.0677078],[116.0109344,25.0611054],[116.0109809,25.0575185],[116.0143992,25.0559337],[116.0118902,25.0530561],[116.0125528,25.0490994],[116.0166089,25.0509395],[116.0154203,25.0470613],[116.0193317,25.0427725],[116.0182628,25.0347303],[116.0209597,25.0313589],[116.0242506,25.0293676],[116.0289834,25.0276533],[116.0331014,25.0266867],[116.0357469,25.0290435],[116.040414,25.0306633],[116.0446036,25.0322442],[116.0481226,25.0315516],[116.0516194,25.0311877],[116.0551384,25.032325],[116.0593441,25.0297586],[116.0609964,25.0297197]]}},{"type":"Feature","properties":{"name":"东溪","tier":2},"geometry":{"type":"LineString","coordinates":[[117.1579485,23.8101091],[117.1631333,23.8071314],[117.1621727,23.8001196],[117.163008,23.7964703],[117.1629552,23.7919192],[117.1644697,23.7881203],[117.1675906,23.7861995],[117.1688894,23.7818851],[117.1679468,23.7782213],[117.1646736,23.7733014],[117.1630293,23.7696747],[117.1592736,23.7649045],[117.1569503,23.7620012]]}},{"type":"Feature","properties":{"name":"东溪","tier":2},"geometry":{"type":"LineString","coordinates":[[117.1569503,23.7620012],[117.1538779,23.7583265],[117.1548204,23.7549492],[117.1586954,23.7505774],[117.1644077,23.7452606],[117.172063,23.7381494],[117.1738589,23.7345557],[117.1770747,23.7266223],[117.1782525,23.7219689],[117.1805913,23.7167629],[117.1833394,23.7142912],[117.1879543,23.7091481],[117.1890193,23.7010985],[117.1910449,23.6962226],[117.1928199,23.690486],[117.1955137,23.6863363],[117.1989593,23.6845005],[117.2062889,23.6828559],[117.2129085,23.6792033],[117.2203217,23.6757417],[117.222577,23.6684551],[117.2245254,23.6658133]]}},{"type":"Feature","properties":{"name":"漳江","tier":2},"geometry":{"type":"LineString","coordinates":[[117.2812946,24.1967201],[117.2799213,24.1934967],[117.2832406,24.1912146],[117.2852327,24.1882797],[117.2876241,24.1853412],[117.2908033,24.1838504],[117.2936247,24.18164],[117.2928848,24.1778537],[117.2945435,24.1744786],[117.2947365,24.1708626],[117.294007,24.1672605],[117.2971398,24.1651461],[117.3001009,24.1632471],[117.3014422,24.1587804],[117.3038753,24.1558442],[117.3037981,24.1518422],[117.3022399,24.1481807],[117.3038753,24.1440986],[117.302855,24.1370794],[117.3003433,24.1327101],[117.2960265,24.1319222],[117.2915838,24.1311668],[117.2917931,24.1273911],[117.2928506,24.1237998],[117.2930561,24.123499]]}},{"type":"Feature","properties":{"name":"漳江","tier":2},"geometry":{"type":"LineString","coordinates":[[117.2710524,24.0369419],[117.2699666,24.0317441],[117.2736058,24.0293545],[117.2785471,24.0287042],[117.2802691,24.0256389],[117.2766781,24.0230918],[117.2765041,24.0191104],[117.280672,24.0197301],[117.2842769,24.0186363],[117.288692,24.0188691],[117.2920055,24.0176424],[117.2958756,24.0162589],[117.3002284,24.0166879],[117.3032916,24.0146166],[117.307722,24.0134771],[117.3137825,24.0128452],[117.316746,24.0105952],[117.319423,24.0075228],[117.3232356,24.0057202],[117.3293316,24.00204],[117.3330735,24.0017842],[117.3349115,24.0022846]]}},{"type":"Feature","properties":{"name":"东溪","tier":2},"geometry":{"type":"LineString","coordinates":[[117.1166662,24.1324778],[117.1150756,24.1286528],[117.1135392,24.1212485],[117.1132731,24.1173749],[117.1105829,24.1121991],[117.1062111,24.1119342],[117.1035934,24.1070859],[117.1000137,24.1057272],[117.1022095,24.1024091],[117.0998662,24.0993589],[117.1013008,24.09616],[117.1016934,24.0923257],[117.1016541,24.0859469],[117.1048546,24.0821589],[117.104292,24.0772092],[117.1007364,24.0758895],[117.1015604,24.0721245],[117.1005347,24.0677919],[117.0971719,24.0655379],[117.0953291,24.0621986],[117.0969005,24.0585288],[117.0942439,24.0551185],[117.0909029,24.0529542],[117.0892062,24.0492836],[117.0874318,24.04481],[117.083645,24.0426248],[117.0796642,24.0429561],[117.076101,24.0423356],[117.0762394,24.0357778],[117.0771692,24.0299283],[117.0778691,24.026017],[117.0792258,24.0221762],[117.080614,24.0177489],[117.0808644,24.0128742],[117.0782097,24.0091131],[117.0756531,24.0061261],[117.0716364,24.0054865],[117.0677503,24.0070081],[117.0628651,24.0076166],[117.0587394,24.0054482],[117.0541278,24.0067078],[117.0502903,24.0045359],[117.0455787,24.0022665],[117.0428103,23.9999449],[117.0405538,23.9971004],[117.0374347,23.9954884],[117.0327508,23.9907135],[117.0269605,23.989089],[117.0235799,23.9880957],[117.02076,23.9853951],[117.0202531,23.9839132]]}},{"type":"Feature","properties":{"name":"东溪","tier":2},"geometry":{"type":"LineString","coordinates":[[117.0202531,23.9839132],[117.0207651,23.980328],[117.018475,23.9769172],[117.0150887,23.9752273],[117.0125619,23.9715331],[117.0108575,23.9681763],[117.0131571,23.9652029],[117.0205408,23.9620405],[117.0234087,23.9599925],[117.0180728,23.960517],[117.0127286,23.9596884],[117.0123539,23.9532581],[117.0105101,23.9490386],[117.0069712,23.9473885],[117.0095002,23.9439151],[117.0121434,23.9401899],[117.0121434,23.9354646],[117.0155997,23.9340422],[117.019728,23.9330951],[117.0192394,23.9286081],[117.0223108,23.9234143],[117.0251993,23.9186098],[117.0249758,23.9135317],[117.0254864,23.909865],[117.0262804,23.9043002],[117.0291103,23.9016926],[117.0323328,23.8981842],[117.0350976,23.8876954],[117.0377506,23.884551],[117.0381123,23.8797174],[117.0378821,23.8760984],[117.0405188,23.871567],[117.0423071,23.868571]]}},{"type":"Feature","properties":{"name":"东溪","tier":2},"geometry":{"type":"LineString","coordinates":[[117.0423071,23.868571],[117.0466699,23.8657356],[117.0508469,23.8626091],[117.0560671,23.8615979],[117.059635,23.8625989],[117.0650268,23.8610431],[117.0695707,23.8622205],[117.0730469,23.8601761],[117.0768397,23.8571033],[117.0807358,23.8565261],[117.083905,23.8598009],[117.0877465,23.8586717],[117.0896535,23.8549451],[117.094277,23.8524857],[117.0971993,23.8488594],[117.096184,23.8451325],[117.1014387,23.8443419],[117.1061638,23.8449269],[117.109167,23.8415235],[117.1118409,23.8383242],[117.1155699,23.8389334],[117.1179571,23.841782],[117.1204702,23.8446212],[117.1257773,23.8433631],[117.1304145,23.8402134],[117.1339953,23.8406526],[117.1393734,23.8406149],[117.1432374,23.8381533],[117.1485537,23.8342488],[117.1508432,23.8291019],[117.1482821,23.8265461],[117.1513477,23.8218603],[117.1529581,23.8145828],[117.1546461,23.8107131],[117.1579485,23.8101091]]}},{"type":"Feature","properties":{"name":"岭下溪","tier":3},"geometry":{"type":"LineString","coordinates":[[116.9974208,24.0215214],[117.0014874,24.0222698],[117.0052081,24.0212908],[117.0026821,24.018335],[117.0002313,24.015797],[116.9976916,24.0132776],[117.0011954,24.012344],[117.0008913,24.0085474],[117.0044392,24.00864],[117.0048228,24.0036907],[117.0035986,23.9992032],[117.0053706,23.9947702],[117.007379,23.9910447],[117.0111431,23.9895776],[117.0187868,23.9878242],[117.0202531,23.9839132]]}},{"type":"Feature","properties":{"name":"崇阳溪","tier":2},"geometry":{"type":"LineString","coordinates":[[117.9689114,27.6433128],[117.9695017,27.641293]]}},{"type":"Feature","properties":{"name":"九曲溪","tier":3},"geometry":{"type":"LineString","coordinates":[[117.7641614,27.6710932],[117.7670353,27.6685264],[117.7689145,27.6714973],[117.7701867,27.6751292],[117.773326,27.6775203],[117.7754071,27.6741672],[117.7785257,27.6758248],[117.7794986,27.6719718],[117.7832544,27.6704829],[117.7869236,27.6692381],[117.7879214,27.6655513],[117.7921142,27.6666721],[117.7940798,27.6703404],[117.7967877,27.673482],[117.8006556,27.6758912],[117.8043301,27.6750668],[117.808152,27.6763823],[117.8113532,27.6732954],[117.8138133,27.6700378],[117.8130291,27.6665051],[117.8140952,27.6622845],[117.8195238,27.6593961],[117.8230798,27.6576452],[117.8262151,27.6547821],[117.8293543,27.6522505],[117.8308212,27.6484333],[117.8329396,27.6453334],[117.838465,27.644768],[117.8434968,27.6456898],[117.848382,27.6476735],[117.8541262,27.6484201],[117.8585009,27.6485122],[117.862637,27.6478948],[117.8650411,27.6512555],[117.8681946,27.6534258],[117.872946,27.656597],[117.8762462,27.6582956],[117.8803723,27.6583863],[117.8846264,27.6583213],[117.8891956,27.6601113],[117.8947396,27.65902],[117.89901,27.6564485]]}},{"type":"Feature","properties":{"name":"西溪","tier":2},"geometry":{"type":"LineString","coordinates":[[118.0058573,25.3088568],[118.0079735,25.3043857],[118.0059813,25.3005087],[118.0068231,25.2954968],[118.0116274,25.2901692],[118.0138654,25.2868091],[118.0157543,25.2832261],[118.0160212,25.2787891],[118.0200864,25.2756329],[118.025979,25.2760971],[118.0286068,25.2724952],[118.0293051,25.2687262],[118.0309065,25.2644557],[118.031851,25.2597766],[118.0324669,25.2560443],[118.0340376,25.2521357],[118.0340805,25.2480319],[118.0355877,25.2435097],[118.036409,25.2381054],[118.040002,25.2345953],[118.0434513,25.2302122],[118.0516433,25.2279835],[118.0561397,25.2267948],[118.058275,25.2234887],[118.0576796,25.2196624],[118.0569815,25.2161332],[118.0563954,25.2120611],[118.0577412,25.2087587],[118.0613753,25.2087958],[118.0658922,25.2077556],[118.068664,25.2029814],[118.0697727,25.1995446],[118.0702038,25.1954946],[118.0747002,25.1961634],[118.0753367,25.2000462],[118.0783959,25.2029256],[118.082995,25.2035387],[118.0843295,25.1999161],[118.0882186,25.2003819],[118.0916368,25.198563],[118.0908017,25.1939357],[118.0901479,25.1898093],[118.0871822,25.1865209],[118.0829063,25.1842927],[118.0846105,25.1784524],[118.0854197,25.1744281],[118.0842932,25.1709571],[118.0850532,25.1680342]]}},{"type":"Feature","properties":{"name":"西溪","tier":2},"geometry":{"type":"LineString","coordinates":[[117.9267872,25.3276951],[117.9287484,25.3246632],[117.9324728,25.323314],[117.9363092,25.321949],[117.9404771,25.3233495],[117.9440233,25.3237173],[117.9479765,25.3262265],[117.9512757,25.3288144],[117.9552434,25.3255828],[117.9583536,25.322824],[117.9623794,25.325123],[117.966071,25.328197],[117.9687016,25.331665],[117.9739403,25.331416],[117.9762777,25.328411],[117.976873,25.3246055],[117.9782377,25.3233457]]}},{"type":"Feature","properties":{"name":"西溪","tier":2},"geometry":{"type":"LineString","coordinates":[[118.0850532,25.1680342],[118.0901993,25.1704227],[118.0947025,25.170495],[118.0983646,25.1711917],[118.1062254,25.1706428],[118.1109606,25.170875],[118.114545,25.1695708],[118.11678,25.1632112],[118.1163331,25.1584308],[118.1168489,25.1549632],[118.1152036,25.1485012],[118.1192338,25.1460028],[118.1247445,25.1447569],[118.1310059,25.1403881],[118.1357309,25.134345],[118.1370543,25.1308408],[118.1406857,25.1292193],[118.1456872,25.1295273],[118.1486055,25.1317031],[118.1518527,25.1332768],[118.1551654,25.1316661],[118.1561568,25.1264869],[118.1558153,25.1229998],[118.1567758,25.1191758],[118.1620726,25.1166616],[118.1659735,25.1160056],[118.1685068,25.1122906],[118.17234,25.1095607],[118.17234,25.1048124],[118.1747623,25.1008083],[118.1726381,25.0956424],[118.1709215,25.0895795],[118.1676599,25.0853819],[118.1646353,25.0830514],[118.161034,25.0812829],[118.1597635,25.0772972],[118.1609651,25.0723217],[118.1632168,25.0701212]]}},{"type":"Feature","properties":{"name":"西溪","tier":2},"geometry":{"type":"LineString","coordinates":[[117.8451275,25.4094592],[117.8485512,25.4070911],[117.8516355,25.4043793],[117.8546787,25.4022712],[117.8587912,25.4002651],[117.8626055,25.4004045],[117.8668413,25.400423],[117.8705939,25.3999122],[117.8745933,25.3996708],[117.8799085,25.3988239],[117.8838779,25.3983445],[117.8878981,25.3986138],[117.8917875,25.3985153],[117.8940702,25.3963284]]}},{"type":"Feature","properties":{"name":"西溪","tier":2},"geometry":{"type":"LineString","coordinates":[[117.8940702,25.3963284],[117.8957734,25.3927171],[117.8973707,25.3880204],[117.8978869,25.3829566],[117.8984252,25.3793908],[117.9006655,25.376466],[117.9045297,25.3734854],[117.9055882,25.3675518],[117.9092468,25.3664003],[117.9109527,25.3624629],[117.9096065,25.3585626],[117.9100586,25.3549686],[117.9095345,25.3503436],[117.9129053,25.3477989],[117.915454,25.3447525],[117.9181671,25.3424213],[117.9200992,25.338446],[117.9231411,25.3359753],[117.9243791,25.3325133],[117.9267872,25.3276951]]}},{"type":"Feature","properties":{"name":"东溪","tier":2},"geometry":{"type":"LineString","coordinates":[[118.1695612,25.307059],[118.1740657,25.3036139],[118.1799688,25.3049115],[118.1846435,25.3041512],[118.1888413,25.3026084],[118.1925469,25.3046096],[118.1918153,25.308112],[118.1968335,25.3082753],[118.2009822,25.3106336],[118.2037335,25.3141684],[118.208126,25.3155975],[118.2120022,25.3166301],[118.2178101,25.3170905],[118.2207609,25.3202283],[118.2238219,25.3251433],[118.2274425,25.3282936],[118.2316646,25.3299205],[118.2356733,25.3296733],[118.2392202,25.3296808],[118.2389408,25.33497],[118.2418264,25.3373761],[118.2456212,25.3367822],[118.2503673,25.3349715],[118.2557289,25.3349903],[118.2600186,25.3343477],[118.2623407,25.3337171]]}},{"type":"Feature","properties":{"name":"东溪","tier":2},"geometry":{"type":"LineString","coordinates":[[118.1584857,25.3845352],[118.1577037,25.3796855],[118.1546132,25.377859],[118.1524571,25.3732357],[118.1541934,25.3690965],[118.152461,25.3656582],[118.1495746,25.3631592],[118.1464431,25.3610124],[118.1424906,25.3616427],[118.140311,25.3571584],[118.1406088,25.3533897],[118.1399549,25.3498573],[118.1384873,25.3463182],[118.1412046,25.3439215],[118.1427013,25.3394498]]}},{"type":"Feature","properties":{"name":"东溪","tier":2},"geometry":{"type":"LineString","coordinates":[[118.1427013,25.3394498],[118.1436023,25.3347546],[118.1471697,25.3323708],[118.1508969,25.331898],[118.1512747,25.3282927],[118.1524953,25.3247661],[118.1491604,25.3209898],[118.1517324,25.3183693],[118.1555323,25.3181986],[118.1526697,25.3150723],[118.1527206,25.3110856],[118.1556413,25.3091217],[118.1592814,25.3062842],[118.1631539,25.3055551],[118.1684723,25.3072366],[118.1695612,25.307059]]}},{"type":"Feature","properties":{"name":"东溪","tier":2},"geometry":{"type":"LineString","coordinates":[[118.4017748,25.1435306],[118.4054853,25.1393416],[118.4087426,25.1363686],[118.4149544,25.1346099],[118.4209348,25.1267534],[118.4250401,25.1240957],[118.4312345,25.1203812],[118.4341527,25.1155629],[118.4341527,25.1098118],[118.4379293,25.1068584],[118.4430791,25.1046822],[118.4527983,25.1025578],[118.4575419,25.1037351],[118.4637843,25.104673],[118.4676521,25.1043188]]}},{"type":"Feature","properties":{"name":"尤溪","tier":2},"geometry":{"type":"LineString","coordinates":[[117.7882697,25.6396483],[117.7910675,25.6372902],[117.794929,25.6386499],[117.7983679,25.6365282],[117.8006192,25.6392344],[117.8040399,25.6428438],[117.807457,25.6438224],[117.8095891,25.6472741],[117.8087603,25.6510544],[117.8124427,25.6516037],[117.8168033,25.6512316],[117.8204563,25.6513468],[117.825683,25.6503968],[117.8290989,25.6511322]]}},{"type":"Feature","properties":{"name":"南浦溪","tier":2},"geometry":{"type":"LineString","coordinates":[[118.4075597,27.4866309],[118.4031128,27.4845884],[118.3989714,27.4810001],[118.394637,27.4786015],[118.3895838,27.4766075],[118.3842193,27.473766],[118.3805822,27.468502],[118.3847344,27.4645278],[118.3880816,27.4625522],[118.387556,27.4586395],[118.3804213,27.4535271],[118.3750354,27.4524893],[118.3692419,27.4532034],[118.3634698,27.4523514],[118.3596824,27.4495569],[118.362944,27.4410258],[118.3640129,27.4370906],[118.363855,27.4345099]]}},{"type":"Feature","properties":{"name":"金丰溪","tier":3},"geometry":{"type":"LineString","coordinates":[[116.8799703,24.6492465],[116.8791031,24.6458313],[116.8755176,24.6440099],[116.8735247,24.6407866],[116.870837,24.6373496],[116.8662279,24.6374054],[116.8624364,24.637201],[116.8583895,24.6363928],[116.8544958,24.6341448],[116.8511131,24.6326956],[116.8476997,24.630847],[116.8455025,24.6273354],[116.8446952,24.6233499],[116.8426819,24.6199218],[116.8394357,24.6215837],[116.8389722,24.6178035],[116.8397182,24.6141708],[116.842498,24.611913],[116.8410774,24.6078713],[116.8383271,24.6046502]]}},{"type":"Feature","properties":{"name":"金丰溪","tier":3},"geometry":{"type":"LineString","coordinates":[[116.9093689,24.6353683],[116.9058837,24.6358275],[116.9028843,24.6337787],[116.8997764,24.6358251],[116.8958751,24.6363633],[116.8911924,24.6381401],[116.8865677,24.6401697],[116.8890896,24.6447344],[116.8841831,24.6469347],[116.8799703,24.6492465]]}},{"type":"Feature","properties":{"name":"金丰溪","tier":3},"geometry":{"type":"LineString","coordinates":[[116.9446732,24.6493306],[116.9415075,24.6474255],[116.9403222,24.6435365],[116.9367155,24.6433657],[116.9332535,24.6416708],[116.9296541,24.6403766],[116.9259139,24.6396179],[116.9263186,24.6358806],[116.9230435,24.6345144],[116.9213543,24.6376869],[116.9168957,24.6365834],[116.9124878,24.636544],[116.9093689,24.6353683]]}},{"type":"Feature","properties":{"name":"高头溪","tier":3},"geometry":{"type":"LineString","coordinates":[[117.0104483,24.6613155],[117.0067254,24.6608421],[117.003606,24.6625599],[117.0004937,24.6644912],[116.9980494,24.6671447],[116.9945776,24.6692093],[116.9910425,24.6698967],[116.9890791,24.6667816],[116.9855547,24.6658798],[116.9857103,24.6615507],[116.981982,24.6606976],[116.9781464,24.6603173],[116.9755983,24.6572641],[116.9740182,24.6593554]]}},{"type":"Feature","properties":{"name":"南溪","tier":3},"geometry":{"type":"LineString","coordinates":[[116.9456056,24.6478985],[116.9450563,24.6488116]]}},{"type":"Feature","properties":{"name":"南溪","tier":3},"geometry":{"type":"LineString","coordinates":[[116.9450563,24.6488116],[116.9446732,24.6493306]]}},{"type":"Feature","properties":{"name":"南溪","tier":3},"geometry":{"type":"LineString","coordinates":[[116.9691209,24.6085519],[116.9650787,24.6092834],[116.9631851,24.6132046],[116.9608247,24.6159015],[116.96024,24.6197688],[116.9581592,24.6230492],[116.9554858,24.6257717],[116.9529417,24.6292145],[116.9512989,24.6330505],[116.9510408,24.6366582],[116.953173,24.6405474],[116.9513733,24.6436679],[116.9485183,24.645711],[116.9456056,24.6478985]]}},{"type":"Feature","properties":{"name":"金丰溪","tier":3},"geometry":{"type":"LineString","coordinates":[[116.9759852,24.6936647],[116.9753264,24.6899261],[116.9776894,24.6871681],[116.9737012,24.6848598],[116.9734352,24.6810703],[116.9749233,24.6777573],[116.9743557,24.6742026],[116.9745296,24.6701738],[116.9738056,24.6667158],[116.9732,24.6630685],[116.9740182,24.6593554]]}},{"type":"Feature","properties":{"name":"金丰溪","tier":3},"geometry":{"type":"LineString","coordinates":[[116.9740182,24.6593554],[116.9721651,24.6559686],[116.9698183,24.6531603],[116.9674187,24.6559126],[116.9642024,24.6575876],[116.9604657,24.6575942],[116.9599886,24.6614828],[116.9564037,24.6619097],[116.9529128,24.6601362],[116.9514383,24.6565892],[116.9505565,24.652753],[116.9476582,24.6506181],[116.9441384,24.650848],[116.9446732,24.6493306]]}},{"type":"Feature","properties":{"name":"永定河","tier":3},"geometry":{"type":"LineString","coordinates":[[116.8793714,24.879548],[116.8744417,24.8810918],[116.8706623,24.8814119],[116.8674705,24.8786647],[116.8671686,24.874603],[116.8671057,24.8706102],[116.8635223,24.8703328],[116.859406,24.8704709],[116.8553019,24.8691914],[116.8521235,24.8669405],[116.8513956,24.8631005],[116.8481776,24.8616651],[116.8455198,24.85826],[116.8471784,24.854593],[116.8466558,24.850203],[116.8455672,24.8490939]]}},{"type":"Feature","properties":{"name":"晋安河","tier":3},"geometry":{"type":"LineString","coordinates":[[119.302949,26.1211599],[119.3026662,26.1176159],[119.3051327,26.1121891],[119.3075858,26.106775],[119.3093561,26.1027811],[119.3106517,26.0991974],[119.3120136,26.0912866],[119.3132378,26.0871054],[119.3152808,26.084004],[119.3167674,26.0798051],[119.3174105,26.0760959],[119.3179106,26.0727699]]}},{"type":"Feature","properties":{"name":"斌溪","tier":3},"geometry":{"type":"LineString","coordinates":[[119.3105015,26.5789158],[119.3093015,26.5748737],[119.3060576,26.572939],[119.3061705,26.568331],[119.3049289,26.5639288],[119.3035394,26.5604713],[119.2992321,26.5605973],[119.2920658,26.5572569],[119.2899121,26.5526383],[119.284615,26.5535047],[119.2814217,26.5513341],[119.2797711,26.5478634],[119.2759934,26.5468429],[119.2753627,26.5425122],[119.2765369,26.5387822],[119.2762866,26.5349259],[119.2796545,26.5328706],[119.2810827,26.5292061],[119.2766572,26.5268853],[119.2743771,26.5240467],[119.2735869,26.5202719],[119.2710573,26.5138615],[119.2656569,26.5102252],[119.2645489,26.504071],[119.2642738,26.5005326],[119.2602102,26.5014702],[119.2561355,26.5019062],[119.2521809,26.5015379],[119.2528173,26.4961085],[119.2524057,26.4924112]]}},{"type":"Feature","properties":{"name":"霍口溪","tier":3},"geometry":{"type":"LineString","coordinates":[[119.1546026,26.5445104],[119.1590977,26.5450163],[119.1636601,26.5440942],[119.1660285,26.5412539],[119.1691356,26.5386126],[119.1748638,26.538221],[119.178305,26.5348025],[119.1813044,26.5368846],[119.1859371,26.5392009],[119.1894298,26.5369408],[119.188062,26.5322161],[119.1889518,26.5271431],[119.192211,26.5239548],[119.1972943,26.5228533],[119.2021007,26.5225733],[119.204645,26.5181222],[119.2039378,26.5123182],[119.2063165,26.5094147],[119.2101151,26.5078174],[119.215156,26.5046285],[119.2192152,26.5012027],[119.2239127,26.5016075],[119.2277356,26.5010292],[119.2295401,26.504084],[119.232763,26.5063387],[119.2335388,26.5007784],[119.2336137,26.4945693],[119.2408823,26.4919888],[119.2448368,26.4917555],[119.2524057,26.4924112]]}},{"type":"Feature","properties":{"name":"敖江","tier":3},"geometry":{"type":"LineString","coordinates":[[119.3999746,26.2379913],[119.4054134,26.2373188],[119.4093342,26.2353432],[119.4098754,26.230877],[119.4106331,26.2245657],[119.4160668,26.2170306],[119.419057,26.2144038],[119.4262413,26.2136708],[119.4327141,26.2184678],[119.4348139,26.2213809],[119.4363942,26.2282166],[119.4399878,26.2312654],[119.4448153,26.2333237],[119.4482281,26.2346893],[119.4527285,26.234758],[119.4562631,26.2337115],[119.4598616,26.2345174],[119.4634161,26.2357337],[119.4681446,26.2376345],[119.4735007,26.2354308],[119.478047,26.2331927],[119.4805718,26.228379],[119.4825424,26.2248656],[119.4840692,26.2200761],[119.484543,26.2160619],[119.4872756,26.2120956],[119.4915657,26.2084839],[119.4977079,26.2051471],[119.5004478,26.2029457],[119.5049002,26.196116],[119.5077001,26.193039],[119.5108992,26.1912935],[119.514491,26.1901116],[119.5245552,26.1917575],[119.529477,26.1936413],[119.5331043,26.1947398],[119.5402473,26.1956365],[119.5451366,26.1963251],[119.548614,26.1985802],[119.548841,26.2031882],[119.5490079,26.2069833],[119.5522774,26.2091061],[119.5554935,26.2111856],[119.5584794,26.2158062],[119.5621755,26.2179924],[119.5658224,26.2193365],[119.5691618,26.2210708],[119.571837,26.2244767],[119.5750926,26.2302285],[119.5790623,26.2359928],[119.5818792,26.2381342],[119.5866315,26.2381158],[119.5902776,26.2405678],[119.5975008,26.243014],[119.6074914,26.246089],[119.6126952,26.2496955],[119.6179135,26.2516824],[119.6231419,26.2523602],[119.6305207,26.2565381],[119.6390225,26.2637953],[119.6433043,26.2657728],[119.6465011,26.266161]]}},{"type":"Feature","properties":{"name":"万角溪","tier":3},"geometry":{"type":"LineString","coordinates":[[119.1781489,25.6447878],[119.1784937,25.6405569],[119.180711,25.6372723],[119.1830693,25.6346588],[119.1862581,25.6327162],[119.1901207,25.6316354],[119.1907554,25.6271074],[119.186783,25.6230312],[119.1900737,25.6202761],[119.1938345,25.6212651],[119.1914919,25.6183757],[119.1931294,25.6150835],[119.1938737,25.6113955],[119.1958403,25.6081102],[119.1999693,25.6069727],[119.2025548,25.6043443],[119.2037037,25.6004871],[119.2071754,25.6020457],[119.2105405,25.6001507],[119.214804,25.6058562],[119.2160831,25.6108269],[119.2235442,25.6131886],[119.2359998,25.6138476],[119.2402733,25.613521],[119.2434307,25.611923],[119.2458974,25.6083461],[119.2495671,25.6071377],[119.2539753,25.6085795],[119.2603782,25.6084697],[119.2650909,25.609781],[119.2689585,25.611463],[119.27275,25.6112021],[119.2762445,25.6104332],[119.2803025,25.6099595],[119.28433,25.6088953],[119.2873601,25.6107833],[119.2922555,25.6123212],[119.2963896,25.6128223],[119.3001659,25.6137903],[119.304635,25.613859],[119.3087005,25.6135707],[119.3119743,25.6121564],[119.3164662,25.6101586],[119.3196867,25.6116758],[119.3231099,25.6135894],[119.3240427,25.6148265]]}},{"type":"Feature","properties":{"name":"涣溪","tier":3},"geometry":{"type":"LineString","coordinates":[[119.2809953,25.6264835],[119.2833326,25.6234562],[119.2874667,25.6230237],[119.2892635,25.6196119],[119.2908471,25.6227354],[119.295141,25.6225501],[119.298628,25.6205867],[119.2974174,25.6243006],[119.3007673,25.6262432],[119.3046426,25.6282888],[119.3087538,25.627115],[119.3117535,25.6244584],[119.3156668,25.6247674],[119.3190624,25.621843],[119.3222716,25.6176259],[119.3252867,25.6139994],[119.3284815,25.6123909],[119.3313039,25.6087109],[119.3359699,25.6079705],[119.3370429,25.6035391],[119.3341135,25.6002331],[119.336307,25.5965444],[119.3400293,25.5945122],[119.3431985,25.5913992],[119.3447562,25.5881154],[119.3420292,25.5806597]]}},{"type":"Feature","properties":{"name":"龙江","tier":3},"geometry":{"type":"LineString","coordinates":[[119.1687525,25.7017692],[119.171968,25.70359],[119.1761717,25.7037494],[119.1797473,25.7020461],[119.1831954,25.7009004],[119.187193,25.6991916],[119.1911152,25.6968127],[119.1946065,25.6971526],[119.2013164,25.6977462],[119.2054033,25.698842],[119.2093083,25.7005838],[119.2142934,25.7036138],[119.215016,25.6992415],[119.2166679,25.6957728],[119.2192194,25.6984175],[119.226107,25.6967031],[119.2350854,25.6960843],[119.2468904,25.6992677],[119.2768768,25.7034604],[119.2859967,25.7033727]]}},{"type":"Feature","properties":{"name":"九龙江","tier":1},"geometry":{"type":"LineString","coordinates":[[117.1117315,25.2331063],[117.1108791,25.2378378],[117.1147407,25.2394861],[117.1181617,25.2405891],[117.1219888,25.2404117],[117.1260263,25.2425822],[117.1297082,25.2460388],[117.131686,25.2514893],[117.1399017,25.2550552],[117.1474599,25.2573697],[117.1534113,25.2573136]]}},{"type":"Feature","properties":{"name":"南浦溪","tier":2},"geometry":{"type":"LineString","coordinates":[[118.6393559,28.1663433],[118.6377997,28.1627217],[118.6349396,28.1600177],[118.6302494,28.1566842],[118.6271702,28.1539221],[118.6250352,28.1511221],[118.6199068,28.1522951],[118.6143707,28.1536951],[118.6106156,28.1515005],[118.6084967,28.1459712],[118.6060666,28.1434406],[118.602805,28.14117],[118.6004876,28.1384265],[118.5968183,28.1392401],[118.5950159,28.1359477],[118.5938636,28.1320243],[118.5901299,28.130643],[118.5865251,28.1304916],[118.5827592,28.1305105],[118.5779581,28.1272131],[118.5731166,28.1256184],[118.5699834,28.1237192],[118.5682993,28.1190948],[118.5679867,28.1139395],[118.5660947,28.1107961],[118.5629504,28.1092064],[118.5588315,28.1100224],[118.5551038,28.1082427],[118.5516682,28.1039943],[118.5487513,28.1003485],[118.5476578,28.0956011],[118.5481849,28.0913416],[118.5451968,28.0845147],[118.5431154,28.0816182],[118.5421283,28.0780779],[118.5398967,28.0740453],[118.5361202,28.0711674],[118.531833,28.0699869],[118.5311899,28.0646108],[118.5312005,28.0608241],[118.5270167,28.0589906],[118.5221888,28.0491815],[118.5236296,28.0449442],[118.5280674,28.0467851],[118.530414,28.0499769],[118.5340618,28.051132],[118.5370202,28.0461468],[118.5418954,28.0441355],[118.5443587,28.0415921],[118.5430434,28.0373416],[118.5457311,28.0345451],[118.5501746,28.0371644],[118.5516735,28.0375736]]}},{"type":"Feature","properties":{"name":"东溪","tier":2},"geometry":{"type":"LineString","coordinates":[[117.7584968,26.4990265],[117.7619912,26.4999296],[117.766453,26.4995938],[117.7681543,26.4964515],[117.7693219,26.492921],[117.7700141,26.4875393],[117.7695804,26.4829486],[117.7723326,26.4805598],[117.7755351,26.4777903],[117.7780788,26.4745803],[117.7790712,26.4710492],[117.7790545,26.4674433],[117.7790962,26.4632176],[117.7820443,26.4595092],[117.7864615,26.459046],[117.7908983,26.4605766],[117.7919908,26.4564925],[117.7932251,26.4532147],[117.7965277,26.4546707],[117.7999888,26.4530728],[117.7991715,26.4493469],[117.8000253,26.4455811],[117.8032873,26.4434606],[117.803119,26.4395838],[117.8026437,26.4353789],[117.8052646,26.4312089],[117.8066164,26.426333],[117.8096688,26.4223529],[117.8112674,26.4165952],[117.8090411,26.4138231],[117.8050469,26.4117049],[117.8016275,26.4095326],[117.7992162,26.4059964],[117.8000557,26.4035556]]}},{"type":"Feature","properties":{"name":"萩芦溪","tier":3},"geometry":{"type":"LineString","coordinates":[[119.0775499,25.5500504],[119.0831998,25.5467394],[119.0917001,25.5446659],[119.0952096,25.5420741],[119.0955156,25.5370229],[119.0950242,25.5331218],[119.0998615,25.5314213],[119.1030644,25.5281823],[119.1071856,25.527847],[119.1103512,25.5305172],[119.1137541,25.5318292],[119.1181908,25.533226],[119.1213983,25.5308223],[119.1247487,25.5333339],[119.1276005,25.5356281],[119.1311078,25.5368224],[119.1341237,25.5348467],[119.1378265,25.535799],[119.1433051,25.5331213],[119.1481209,25.5333406],[119.1522077,25.5357857],[119.1560736,25.537088],[119.1573332,25.537311]]}},{"type":"Feature","properties":{"name":"九十九溪","tier":3},"geometry":{"type":"LineString","coordinates":[[118.4770774,24.8428101],[118.4817105,24.8415396],[118.4858755,24.8414453],[118.4895013,24.8417168],[118.4935897,24.8402095],[118.500708,24.8408275],[118.5047873,24.8382917],[118.5083128,24.8389386],[118.509466,24.8432414],[118.5068639,24.8458447],[118.5096042,24.8509541],[118.5130654,24.8518547],[118.5173212,24.8525606],[118.5205177,24.8546127],[118.5268403,24.8543204],[118.530746,24.8550993],[118.5352017,24.8502799],[118.5507015,24.8486683],[118.5609799,24.8483397],[118.5649481,24.8473864],[118.5695901,24.844619],[118.5731426,24.8413342],[118.5768539,24.8397565],[118.5811252,24.8395512],[118.5852938,24.8402481],[118.5889113,24.8413465],[118.5928217,24.8448391],[118.5962265,24.8478301],[118.598361,24.8510542],[118.5998595,24.855158],[118.6029931,24.8607402],[118.5993173,24.8683427],[118.598022,24.8755338]]}},{"type":"Feature","properties":{"name":"清沟","tier":3},"geometry":{"type":"LineString","coordinates":[[118.5511415,24.8483233],[118.5524553,24.8438767],[118.5552348,24.8415509],[118.557931,24.8382967],[118.5620374,24.8369442],[118.5653789,24.835086],[118.5715983,24.8348431],[118.5753748,24.8342394],[118.5795671,24.8330673],[118.5836569,24.8314954],[118.5871282,24.8305442],[118.5960916,24.8322618],[118.601458,24.8308353],[118.6072301,24.83177],[118.6119615,24.8326853],[118.6163604,24.832919],[118.6207431,24.8333182],[118.6242353,24.8326025],[118.6277758,24.8323932],[118.6314612,24.8324419],[118.6357956,24.8321108],[118.6397053,24.8318017],[118.6441119,24.8300673],[118.652193,24.8283446]]}},{"type":"Feature","properties":{"name":"鸳鸯溪","tier":3},"geometry":{"type":"LineString","coordinates":[[119.0695202,27.1037774],[119.0666474,27.1011327],[119.0674046,27.0977092],[119.0717148,27.0979525],[119.0750603,27.0960294],[119.0790476,27.0946918],[119.0812725,27.0917613],[119.0852762,27.0905638],[119.0878357,27.0876133],[119.0925788,27.084228],[119.0957542,27.08209],[119.0997087,27.0810987],[119.1030434,27.0782731],[119.1029201,27.0747483],[119.104159,27.0709934],[119.1085551,27.071432],[119.1104061,27.0682486],[119.1146008,27.0632372],[119.1158601,27.0594715],[119.1149384,27.0559548],[119.1169227,27.0524673],[119.1198266,27.0502944],[119.117921,27.0471113],[119.1213262,27.0449106],[119.1232387,27.0395366],[119.1263263,27.0367976],[119.1305848,27.034193],[119.1356852,27.0346876],[119.1401633,27.0327929],[119.1400738,27.0291231],[119.1429838,27.0267831],[119.1442518,27.0229891],[119.142208,27.0189888],[119.1423199,27.0148822],[119.1442742,27.0132142]]}},{"type":"Feature","properties":{"name":"当溪","tier":3},"geometry":{"type":"LineString","coordinates":[[119.0558225,27.1690373],[119.0541891,27.1654361],[119.0576312,27.1623595],[119.0583403,27.1586518],[119.060914,27.1551921],[119.058173,27.1525476],[119.0615833,27.1506333],[119.0648182,27.1492366],[119.0638646,27.145529],[119.0662525,27.1426711],[119.069089,27.1400051],[119.0725869,27.1363746],[119.0734953,27.1327724],[119.0732722,27.1292694],[119.0755829,27.1263406],[119.0774357,27.1227079],[119.079302,27.1191799],[119.0773509,27.1162696],[119.0792557,27.1121236],[119.0773509,27.1090346],[119.0749648,27.1050462],[119.0706054,27.1043133],[119.0695202,27.1037774]]}},{"type":"Feature","properties":{"name":"翠溪","tier":3},"geometry":{"type":"LineString","coordinates":[[119.033903,27.1393496],[119.0356047,27.1354706],[119.0389783,27.1339694],[119.0414936,27.129891],[119.0435536,27.1261844],[119.0467406,27.1227434],[119.049965,27.1242779],[119.0524131,27.1210095],[119.0555031,27.1185449],[119.0516742,27.1171631],[119.0534431,27.1135026],[119.0557435,27.1107401],[119.0523975,27.1093025],[119.0555324,27.1073294],[119.0536113,27.102932],[119.0575063,27.1011091],[119.0594273,27.1043133],[119.0628473,27.103073],[119.0675761,27.1048582],[119.0695202,27.1037774]]}},{"type":"Feature","properties":{"name":"后溪","tier":3},"geometry":{"type":"LineString","coordinates":[[117.9866657,24.6405181],[117.9869274,24.6368944],[117.9859943,24.6331844],[117.9832252,24.6307087],[117.9860709,24.6284572],[117.9908738,24.628579],[117.9943289,24.6292015],[117.9981342,24.6298098],[118.0022897,24.6305879],[118.0054491,24.6285295],[118.0087019,24.6271006],[118.0137522,24.6288266],[118.0171918,24.6301069],[118.0200243,24.6324271],[118.0236117,24.6316419],[118.0267711,24.6301282],[118.0311678,24.630206],[118.0350432,24.6299796],[118.0382882,24.6282465],[118.0418027,24.6264191]]}},{"type":"Feature","properties":{"name":"西溪","tier":2},"geometry":{"type":"LineString","coordinates":[[116.4816801,26.2467044],[116.4857948,26.2485346],[116.490093,26.2492789],[116.4936797,26.2469301],[116.4981131,26.2475282],[116.501726,26.2477937],[116.5066301,26.2464448],[116.5115495,26.244017],[116.5147851,26.2462655],[116.5182381,26.2472758],[116.5214307,26.24981],[116.5246794,26.2477792],[116.5295039,26.2487883],[116.5330501,26.248946],[116.5371748,26.2502419],[116.5362582,26.2539442],[116.5409058,26.2547165],[116.5441679,26.2510768],[116.5451032,26.2475061],[116.5502242,26.2453073],[116.5536547,26.2466582],[116.5562403,26.2441563],[116.561197,26.243117],[116.5614001,26.2469677],[116.5651849,26.2487923],[116.5683234,26.2470335],[116.5718491,26.248465],[116.5754042,26.2492894],[116.5771682,26.2525142],[116.5805003,26.2513443],[116.5852314,26.2509503],[116.587678,26.2549085],[116.5911385,26.2561087],[116.5953582,26.254178],[116.5969414,26.2577068],[116.6010672,26.2593717],[116.6063383,26.2599215],[116.6099687,26.2606214],[116.6117797,26.2636634],[116.6135253,26.2668172],[116.6135776,26.2706976],[116.6186334,26.2721671],[116.6226873,26.2719687],[116.6255202,26.2740248],[116.629616,26.2748066],[116.6342342,26.2752518],[116.637659,26.2778368],[116.6422076,26.279267],[116.6447759,26.2747763],[116.6469097,26.2710972],[116.6476285,26.2670084],[116.6511416,26.2642839],[116.6551602,26.2608989],[116.6570038,26.2578366],[116.6599667,26.2559341],[116.6634107,26.2576372],[116.6660929,26.2578585]]}},{"type":"Feature","properties":{"name":"九龙溪","tier":3},"geometry":{"type":"LineString","coordinates":[[116.4358142,26.2474827],[116.4393794,26.246139],[116.4411431,26.2429867],[116.4423315,26.239341],[116.445549,26.2376797],[116.4492533,26.238723],[116.4512065,26.2421816],[116.454658,26.2433779],[116.4530397,26.2464849],[116.4541649,26.2499319],[116.4569336,26.2530557],[116.4608338,26.253617],[116.4635836,26.2514003],[116.467193,26.2515193],[116.4691084,26.2480667],[116.4725724,26.2467514],[116.4763462,26.2463772],[116.4808786,26.2466606],[116.4816801,26.2467044]]}},{"type":"Feature","properties":{"name":"沙溪","tier":2},"geometry":{"type":"LineString","coordinates":[[117.3553752,25.9792824],[117.3583573,25.986178],[117.3609677,25.9894652],[117.364832,25.9899693],[117.3704992,25.9897868],[117.3745911,25.9895963],[117.3788117,25.9927674],[117.3828797,25.9955836],[117.3870253,26.0003179],[117.3885964,26.0081961],[117.3891114,26.0128243],[117.3881433,26.0167142],[117.3895775,26.0186823]]}},{"type":"Feature","properties":{"name":"水茜溪","tier":3},"geometry":{"type":"LineString","coordinates":[[116.7603498,26.3648434],[116.7565584,26.3643608],[116.758413,26.3609133],[116.7544156,26.3609722],[116.7506184,26.359501],[116.7481086,26.3623796],[116.7468828,26.3586609],[116.7500871,26.3552248],[116.7495802,26.351548],[116.7458848,26.3527571],[116.7425984,26.3545072],[116.7400789,26.3514019],[116.7371219,26.3488254],[116.7407957,26.3453194],[116.7389434,26.3413416],[116.7346501,26.3384607],[116.7338124,26.3339262]]}},{"type":"Feature","properties":{"name":"东溪","tier":2},"geometry":{"type":"LineString","coordinates":[[116.8322074,26.3868096],[116.8287957,26.3858965],[116.8253249,26.3848297],[116.8227661,26.3819463],[116.8186462,26.3828113],[116.8206793,26.379875],[116.8230075,26.3767416],[116.8202823,26.3741463],[116.8196976,26.3706138],[116.8195796,26.3663555],[116.8158781,26.3669563],[116.8158138,26.3629429],[116.8174231,26.3584055],[116.8189466,26.3578815]]}},{"type":"Feature","properties":{"name":"东溪","tier":2},"geometry":{"type":"LineString","coordinates":[[116.7338124,26.3339262],[116.7306728,26.3362492],[116.7263472,26.3366672],[116.7240822,26.3327012],[116.7204773,26.3297492],[116.7171879,26.3268987],[116.7187504,26.3232073],[116.7193789,26.3195361],[116.7156954,26.3188576],[116.7113196,26.3191775],[116.7078417,26.3183548],[116.7065576,26.3131689],[116.7038946,26.3102548],[116.6992251,26.3133772],[116.6953251,26.3111483],[116.6939235,26.307121],[116.6906512,26.3055725],[116.68504,26.3051782],[116.6815728,26.3029461],[116.6846967,26.3007155],[116.6815209,26.2976761],[116.6813707,26.2935497],[116.6814136,26.289452],[116.6781413,26.2866239],[116.6715217,26.2870857],[116.6691613,26.2837862],[116.6693866,26.2798613],[116.6721547,26.2774756],[116.6738391,26.2738872],[116.6775727,26.2714917],[116.676693,26.2654979],[116.6727877,26.2644492],[116.6690755,26.2647667],[116.6679168,26.261101],[116.6660929,26.2578585]]}},{"type":"Feature","properties":{"name":"水茜溪","tier":3},"geometry":{"type":"LineString","coordinates":[[116.7655113,26.5240614],[116.7635194,26.5202988],[116.7595356,26.519071],[116.754401,26.5190314],[116.7500188,26.5214474],[116.7496204,26.5174074],[116.7476728,26.5102778],[116.7503807,26.5062632],[116.7464777,26.5035835],[116.7500631,26.4964135],[116.7496204,26.4905899],[116.7471859,26.4879752],[116.7430197,26.4888395],[116.7393068,26.4906691],[116.7387314,26.4871432],[116.741184,26.4831825],[116.7392743,26.4801863],[116.7414415,26.4766811],[116.744467,26.4726379],[116.7462925,26.4705707]]}},{"type":"Feature","properties":{"name":"东溪","tier":2},"geometry":{"type":"LineString","coordinates":[[116.7993075,26.345393],[116.7959011,26.3469457],[116.7922425,26.3455997],[116.7889595,26.3435085],[116.7896247,26.3391819],[116.7875594,26.3361002],[116.7839062,26.33498],[116.7804193,26.3362733],[116.7805588,26.3407299],[116.7764765,26.3417683],[116.773172,26.3393597],[116.7689449,26.3381867],[116.7651683,26.3385617],[116.7627972,26.3358646],[116.7622876,26.3320377],[116.7604101,26.335105],[116.7568588,26.3335666],[116.7525351,26.3337348],[116.7504913,26.3307925],[116.7464304,26.3297684],[116.7427236,26.3291626],[116.7406851,26.3322396],[116.738255,26.3351291],[116.7343873,26.3342637],[116.7338124,26.3339262]]}},{"type":"Feature","properties":{"name":"黄沙溪","tier":3},"geometry":{"type":"LineString","coordinates":[[117.5046693,26.2181992],[117.5023137,26.2141788],[117.499773,26.2113078],[117.4978841,26.2073735],[117.4992693,26.2029871],[117.5029211,26.2013987],[117.5012248,26.1980888],[117.5030841,26.1950646],[117.506773,26.1942338],[117.5112544,26.1929377],[117.5103507,26.1884178],[117.50661,26.1881652],[117.5081952,26.1839775],[117.5120841,26.1818237],[117.5168248,26.1803547],[117.5182008,26.1794731]]}},{"type":"Feature","properties":{"name":"黄沙溪","tier":3},"geometry":{"type":"LineString","coordinates":[[117.4146557,26.2811298],[117.4194268,26.2794226],[117.4234051,26.2755565],[117.4267686,26.2722415],[117.4304062,26.2710258],[117.4338956,26.2699363],[117.4325102,26.2663422],[117.4360292,26.2642362],[117.4353995,26.260509],[117.4388889,26.259652],[117.4427636,26.2590939],[117.446453,26.2611336],[117.4495794,26.2634124],[117.4529206,26.2651729],[117.4548468,26.2607216],[117.4500609,26.2607083],[117.4470901,26.2570342],[117.4485422,26.2536457],[117.4477671,26.2497387],[117.4492486,26.2464567],[117.4495449,26.2423041]]}},{"type":"Feature","properties":{"name":"黄沙溪","tier":3},"geometry":{"type":"LineString","coordinates":[[117.4495449,26.2423041],[117.4530266,26.2409287],[117.4560637,26.2428024],[117.4610121,26.240065],[117.465716,26.2402245],[117.469405,26.2378391],[117.4729829,26.2371813],[117.4746793,26.2402643],[117.4777831,26.2429486],[117.4797462,26.2389022],[117.4827907,26.2359188],[117.4829841,26.2313562],[117.4840562,26.2274961],[117.4855656,26.2240868],[117.4889839,26.222328],[117.4926396,26.2239473],[117.4927211,26.2202792],[117.4891582,26.2176144],[117.4877878,26.2143515],[117.4917656,26.2133946],[117.49681,26.2133613],[117.5008693,26.2152022],[117.5036285,26.2182677],[117.5046693,26.2181992]]}},{"type":"Feature","properties":{"name":"黄潭河","tier":3},"geometry":{"type":"LineString","coordinates":[[116.7578906,25.1234353],[116.7536313,25.122305],[116.7502911,25.1207877],[116.7512252,25.1164181],[116.7537368,25.1126309],[116.7529169,25.1090598],[116.7557814,25.1061653],[116.7574835,25.1029605],[116.7569853,25.098515],[116.7552002,25.0954041],[116.7585836,25.0923964],[116.761365,25.0898492],[116.7577533,25.0908643],[116.7534358,25.0899244],[116.7495335,25.0911181],[116.7460359,25.0931295],[116.7440329,25.0898962],[116.7425487,25.0941728],[116.7427771,25.0979793],[116.7426525,25.1029793],[116.7379614,25.1038909],[116.7349413,25.1057048],[116.733196,25.1077473]]}},{"type":"Feature","properties":{"name":"大盈溪","tier":3},"geometry":{"type":"LineString","coordinates":[[118.4091277,24.7461074],[118.4126816,24.7440568],[118.4155363,24.740984],[118.4200482,24.739267],[118.4230345,24.7368847],[118.4270141,24.7356888],[118.4304596,24.733463],[118.4341724,24.732244],[118.435295,24.7286657],[118.4381586,24.725463],[118.4394621,24.722202],[118.4412315,24.7183022],[118.4397186,24.7146897],[118.4413589,24.7115072],[118.4443205,24.7077322],[118.4437409,24.7036808],[118.4418021,24.6974331],[118.4424341,24.6937273],[118.4418649,24.6895737],[118.4426594,24.6851392],[118.4454167,24.6819807],[118.4505558,24.6786661]]}},{"type":"Feature","properties":{"name":"九溪","tier":3},"geometry":{"type":"LineString","coordinates":[[118.3570203,24.7603633],[118.3608572,24.7599848],[118.3647206,24.7608353],[118.3687815,24.7594599],[118.371679,24.7567489],[118.3773863,24.7556792],[118.3820467,24.7570678],[118.3866846,24.7580045],[118.3904241,24.7581226],[118.3941828,24.7576258],[118.3990548,24.7561776],[118.4020614,24.7538127],[118.4057125,24.7530233],[118.4084889,24.7506104],[118.4089539,24.7464877],[118.4091277,24.7461074]]}},{"type":"Feature","properties":{"name":"蘭溪","tier":3},"geometry":{"type":"LineString","coordinates":[[118.2789781,24.9009564],[118.2826388,24.9027132],[118.2856214,24.9046935],[118.2894567,24.9082059],[118.2930778,24.9116493],[118.2966896,24.9146127],[118.2995834,24.9170844],[118.2997226,24.9214163],[118.3027703,24.9238413],[118.3070341,24.9247781],[118.3106019,24.9243861],[118.3149829,24.9235889],[118.3191368,24.925303],[118.3186093,24.930299],[118.3157375,24.9348829],[118.313862,24.9382975],[118.3182723,24.9420507],[118.3212467,24.9444222],[118.3232248,24.9484941],[118.325027,24.9525128],[118.3287863,24.9534762],[118.3316738,24.9558881],[118.3353014,24.9582933],[118.3387165,24.960147],[118.3420804,24.9620539],[118.3481851,24.9619874],[118.352018,24.9627382],[118.3574191,24.9648178],[118.3618529,24.9666049],[118.3650848,24.9689635],[118.3689781,24.9692473],[118.3728898,24.968562],[118.3768862,24.9691358],[118.3815695,24.9676302]]}},{"type":"Feature","properties":{"name":"西溪","tier":2},"geometry":{"type":"LineString","coordinates":[[118.2756136,25.0117801],[118.2807471,25.0118372],[118.2840463,25.0146227],[118.282158,25.0202227],[118.2826495,25.0244647],[118.2876512,25.0266002],[118.2949468,25.0225949],[118.2991096,25.0203393],[118.305225,25.020456],[118.3092141,25.0196815],[118.3138919,25.0215287],[118.3178187,25.0226759],[118.3233568,25.020106],[118.3272976,25.0181892],[118.3397659,25.0066148]]}},{"type":"Feature","properties":{"name":"溪源溪","tier":3},"geometry":{"type":"LineString","coordinates":[[119.3935132,26.6506375],[119.3966353,26.6522868],[119.3988669,26.6552209],[119.3991351,26.65897],[119.401356,26.6616931],[119.4048428,26.6625991],[119.4067258,26.6657296],[119.4041347,26.6681456],[119.4015169,26.6710219],[119.3982124,26.6724839],[119.3958521,26.6750724],[119.3935561,26.6782169],[119.3919039,26.6818981],[119.3907666,26.6854258],[119.3880695,26.6889651],[119.3832304,26.6915615],[119.3827688,26.6950492],[119.381397,26.6983555],[119.3789863,26.7027369],[119.3778238,26.7070629],[119.3773966,26.7103596]]}},{"type":"Feature","properties":{"name":"七都溪","tier":3},"geometry":{"type":"LineString","coordinates":[[119.3064389,26.7408991],[119.3105394,26.7360439],[119.3134769,26.7321264],[119.3173603,26.7337796],[119.3196435,26.7309784],[119.3225965,26.7287598],[119.3263659,26.7280462],[119.3302222,26.7258586],[119.3321851,26.7226625],[119.335694,26.7194197],[119.3370315,26.7155562],[119.3400714,26.7173095],[119.3434761,26.7194042],[119.3427118,26.7159286],[119.3458558,26.7136011],[119.3494038,26.7142774],[119.353759,26.7130595],[119.3556776,26.7084275],[119.3601457,26.7075769],[119.3665906,26.7080756],[119.3715457,26.7080785],[119.3764789,26.7099355],[119.3820747,26.7118943],[119.3856757,26.713661],[119.3866719,26.7178886],[119.3829877,26.7211246],[119.3859994,26.7241193],[119.3907796,26.724924],[119.3918298,26.7300093],[119.3956368,26.73149],[119.3990325,26.7346097],[119.3981051,26.7388173],[119.4008738,26.7411205],[119.4049802,26.7425637],[119.4090218,26.7421196],[119.4083724,26.7455596],[119.4069801,26.7507263],[119.4075547,26.7522241]]}},{"type":"Feature","properties":{"name":"七都溪","tier":3},"geometry":{"type":"LineString","coordinates":[[119.4805944,26.7606165],[119.484918,26.7628491],[119.48849,26.7650617],[119.4929103,26.7666696],[119.4969511,26.7684436],[119.4999873,26.7664968],[119.5044448,26.766756],[119.5077385,26.7653958],[119.5110753,26.7642776],[119.5103159,26.7601211],[119.5142941,26.7617859],[119.5154477,26.7584434],[119.5190427,26.7571758],[119.5197493,26.7613606],[119.5156858,26.7641383],[119.5189977,26.7664573],[119.5233811,26.7675338],[119.5242891,26.7712813],[119.5257976,26.7746443],[119.5287396,26.7717265],[119.5340347,26.7715205],[119.5381495,26.7732611],[119.5415351,26.774417],[119.5456648,26.7745963],[119.5506874,26.7723111],[119.5513348,26.7683915],[119.5532002,26.7628316]]}},{"type":"Feature","properties":{"name":"南溪","tier":3},"geometry":{"type":"LineString","coordinates":[[117.689578,24.3264221],[117.6937718,24.3245133],[117.6969333,24.3214912],[117.7000299,24.3192454],[117.7033328,24.3177074],[117.7069232,24.3175185],[117.7080072,24.3211092],[117.7116395,24.3203579],[117.7152939,24.3220068],[117.7188926,24.3226339],[117.7202981,24.3266763],[117.722469,24.3300977],[117.7263748,24.3311221],[117.7311562,24.3301658],[117.7334278,24.3297958]]}},{"type":"Feature","properties":{"name":"南溪","tier":3},"geometry":{"type":"LineString","coordinates":[[117.797942,24.3684974],[117.802703,24.3676517],[117.8083815,24.3661185],[117.8136075,24.3658982],[117.8179653,24.3673746],[117.820935,24.3716209],[117.82549,24.3715597],[117.8283352,24.3694935],[117.8328107,24.3682218],[117.8384783,24.3705206],[117.8428971,24.3710353],[117.8479456,24.3682043],[117.8480186,24.362675],[117.8446043,24.3591925],[117.8444584,24.3549257],[117.8488941,24.3492629],[117.8512286,24.346099],[117.8539251,24.3433767],[117.858568,24.3406486],[117.8625659,24.3392394],[117.8661845,24.3370325],[117.8717438,24.3318475],[117.8774781,24.3295342],[117.8839128,24.3316614],[117.8885527,24.3334429],[117.8920254,24.3361285],[117.8949145,24.3400237],[117.897249,24.3462187],[117.8993793,24.355032],[117.9025894,24.3602559],[117.9036837,24.3636054],[117.903567,24.3695467],[117.9023685,24.3835873],[117.8999506,24.3911091],[117.903565,24.3956005],[117.9070488,24.3967779],[117.9136848,24.3983056],[117.9197521,24.399171],[117.9279327,24.4003379],[117.943983,24.4007287],[117.951099,24.4008527],[117.9614066,24.4014322],[117.9717921,24.4029173],[117.9831218,24.4061219],[117.9902922,24.4109097],[118.0021762,24.4183144],[118.0104029,24.4203211],[118.0254047,24.4216538],[118.0314307,24.423503]]}},{"type":"Feature","properties":{"name":"南溪","tier":3},"geometry":{"type":"LineString","coordinates":[[117.7334278,24.3297958],[117.7362007,24.3322453],[117.7385343,24.3349913],[117.7425205,24.334743],[117.7481466,24.3336865],[117.7499987,24.3298642],[117.7527335,24.3334207],[117.7546952,24.3368958],[117.7575028,24.3393276],[117.7555776,24.3428756],[117.7570468,24.3476879],[117.7600186,24.3500377],[117.7633513,24.3511866],[117.7680695,24.3532001],[117.7708697,24.3564355],[117.7725762,24.3601291],[117.7778109,24.3614753],[117.7815112,24.359509],[117.7850562,24.3607164],[117.7854277,24.3664754],[117.7880264,24.3694115],[117.797942,24.3684974]]}},{"type":"Feature","properties":{"name":"南溪","tier":3},"geometry":{"type":"LineString","coordinates":[[117.5305691,24.2847237],[117.532311,24.281297],[117.5288973,24.2791685],[117.5309427,24.2757714],[117.5349756,24.2746958],[117.5375409,24.2719607],[117.5403093,24.2696971],[117.5388547,24.2657286],[117.5391272,24.2621923],[117.5405859,24.2574485],[117.5440383,24.2539955],[117.5469933,24.2563886],[117.5507358,24.2575436],[117.5527418,24.26081],[117.5522779,24.2653276],[117.5509544,24.2692837],[117.5538707,24.2718973],[117.5571097,24.2741807],[117.557901,24.2786242],[117.5583315,24.2828223],[117.5583196,24.2871895],[117.562343,24.2891759],[117.564131,24.2860288],[117.5672009,24.2839437],[117.5718161,24.2841901],[117.5743009,24.2812071],[117.5768746,24.2785925],[117.580397,24.2802334],[117.5851492,24.2808845],[117.5878387,24.2832165]]}},{"type":"Feature","properties":{"name":"鹿溪","tier":3},"geometry":{"type":"LineString","coordinates":[[117.5521538,24.1125776],[117.5561949,24.1135878],[117.5621429,24.1128185],[117.5665051,24.1148878],[117.5681834,24.1187205],[117.5717585,24.119292],[117.5753483,24.1191328],[117.5791745,24.1171499],[117.5829865,24.1181432],[117.5860827,24.1164421],[117.5918787,24.112656],[117.5950386,24.1101894],[117.5981653,24.1082299],[117.6017845,24.1058622],[117.6064412,24.1024761],[117.6121989,24.0985673],[117.61588,24.0960852],[117.6189429,24.0938756],[117.6231363,24.0912335],[117.6267809,24.0889683],[117.6358421,24.0818139],[117.6438388,24.0757823],[117.6474047,24.0725558],[117.6478705,24.0660147],[117.645429,24.063404],[117.6503121,24.06248],[117.657701,24.0640494],[117.6632789,24.0652818],[117.6672904,24.063272],[117.667949,24.0585345],[117.6706154,24.0532248],[117.6735389,24.0497338],[117.6770888,24.0492204],[117.6805904,24.0477242],[117.6847989,24.0455239],[117.6901799,24.0478562],[117.6925894,24.0506432],[117.6951273,24.046316],[117.6973423,24.0432497]]}},{"type":"Feature","properties":{"name":"東溪","tier":3},"geometry":{"type":"LineString","coordinates":[[118.1606258,24.7488397],[118.1602136,24.7450629],[118.1570852,24.7398228],[118.1548094,24.7361661],[118.1511544,24.731977],[118.1489934,24.7280916]]}},{"type":"Feature","properties":{"name":"西溪","tier":2},"geometry":{"type":"LineString","coordinates":[[118.1207696,24.7541885],[118.1212879,24.7501728],[118.123539,24.7467341],[118.1242537,24.7414259],[118.1233402,24.7375973],[118.1293526,24.7351869],[118.1349473,24.7341256],[118.138807,24.7318743],[118.1434456,24.7309416],[118.1476118,24.7294154],[118.1489934,24.7280916]]}},{"type":"Feature","properties":{"name":"罗汉溪","tier":3},"geometry":{"type":"LineString","coordinates":[[119.9423039,27.0444731],[119.9397182,27.0413627],[119.9357647,27.0419265],[119.9383677,27.0390306],[119.9409521,27.0359826],[119.9436879,27.0317777],[119.9493313,27.0296561],[119.9519062,27.0252024],[119.9588155,27.0201943],[119.9608701,27.0140294]]}},{"type":"Feature","properties":{"name":"萩芦溪","tier":3},"geometry":{"type":"LineString","coordinates":[[118.8988864,25.6178762],[118.8976816,25.6212583],[118.9004672,25.6240092],[118.9043508,25.6231587],[118.9090341,25.6250059],[118.9130358,25.627212],[118.9150993,25.6311722],[118.9157258,25.6313051]]}},{"type":"Feature","properties":{"name":"萩芦溪","tier":3},"geometry":{"type":"LineString","coordinates":[[119.1573332,25.537311],[119.1618687,25.5370016],[119.1661581,25.5382707],[119.1703334,25.5387957],[119.1763571,25.5378654],[119.1792895,25.5353956],[119.1808123,25.5302639],[119.1802452,25.525659],[119.1731235,25.5213758],[119.1740623,25.5172846],[119.1783493,25.5167218],[119.1815349,25.5119646],[119.1824912,25.5074499],[119.1837687,25.5025457],[119.1880869,25.5001882],[119.1939118,25.4987555],[119.1985516,25.4940298],[119.201758,25.4924521],[119.20498,25.4905001],[119.2071835,25.4863744],[119.2076706,25.4826621],[119.2072161,25.4817504]]}},{"type":"Feature","properties":{"name":"萩芦溪","tier":3},"geometry":{"type":"LineString","coordinates":[[118.9591743,25.641511],[118.9638691,25.6430459],[118.9684606,25.6409131],[118.9694298,25.6366673],[118.9737185,25.6351791],[118.9773957,25.6337042],[118.9808812,25.632309],[118.9786484,25.6293126],[118.9789947,25.6256916],[118.9777052,25.621406],[118.9813676,25.6217249],[118.9857227,25.6226552],[118.989503,25.6220439],[118.9952213,25.6235588],[118.9995027,25.6242498],[119.0032241,25.6233993],[119.0064001,25.6217515],[119.0072696,25.618303]]}},{"type":"Feature","properties":{"name":"萩芦溪","tier":3},"geometry":{"type":"LineString","coordinates":[[119.0072696,25.618303],[119.0051695,25.6145222],[119.0044142,25.6094457],[119.0032794,25.6058375],[119.0043405,25.6024884],[119.0074185,25.5993581],[119.0095093,25.5961824],[119.0127954,25.5928667],[119.016855,25.5895109],[119.0204431,25.5878762],[119.0245249,25.5879493],[119.0247607,25.5834172],[119.0270079,25.5773099],[119.0323053,25.5768845],[119.0357611,25.5744616],[119.0387816,25.5724517],[119.0428487,25.5694011],[119.046621,25.5697799],[119.0498292,25.5681984],[119.0540573,25.5691685],[119.0577991,25.5711287],[119.0606718,25.5678263],[119.0614704,25.563738],[119.0631793,25.5599172],[119.0642768,25.5556444],[119.0670758,25.5521422],[119.0709356,25.5527669],[119.0757381,25.552109],[119.0775499,25.5500504]]}},{"type":"Feature","properties":{"name":"萩芦溪","tier":3},"geometry":{"type":"LineString","coordinates":[[118.9157258,25.6313051],[118.9185115,25.6288001],[118.9218058,25.6269462],[118.9236261,25.6301157],[118.9269351,25.6314247],[118.931239,25.6314911],[118.933332,25.6343017],[118.9368105,25.6354512],[118.941564,25.6336971],[118.9418293,25.6289795],[118.9452341,25.6269196],[118.9488379,25.6277967],[118.9508646,25.631026],[118.9537426,25.6334513],[118.950603,25.6360161],[118.9539121,25.637644],[118.9571402,25.6405011],[118.9591743,25.641511]]}},{"type":"Feature","properties":{"name":"穆阳溪","tier":2},"geometry":{"type":"LineString","coordinates":[[119.3443188,27.1790124],[119.3481316,27.1777171],[119.3520156,27.1758632],[119.3549884,27.1737368],[119.353741,27.1704542],[119.3559445,27.1672446],[119.3585958,27.16444],[119.3569382,27.1608327],[119.3571398,27.1569794],[119.3559899,27.153053],[119.3564454,27.1493323],[119.3592529,27.1466946],[119.3599548,27.1430269],[119.3638375,27.1396249],[119.3677352,27.1390003],[119.372402,27.1387278],[119.375314,27.141306],[119.3776437,27.1440568],[119.3788682,27.1480832],[119.3830198,27.1500698],[119.3849611,27.1499502]]}},{"type":"Feature","properties":{"name":"穆阳溪","tier":2},"geometry":{"type":"LineString","coordinates":[[119.2804253,27.213814],[119.2803954,27.2101396],[119.2838994,27.2086114],[119.2868879,27.2052026],[119.2912512,27.2038737],[119.2912362,27.2082658],[119.292368,27.212584],[119.2959607,27.2152809],[119.3007486,27.2158255],[119.304162,27.2137863],[119.3026682,27.2087047],[119.3032881,27.2045263],[119.3028848,27.2005537],[119.3064551,27.1973515],[119.3099956,27.1963949],[119.3131476,27.2005802],[119.3141784,27.2051507],[119.3178533,27.2064793],[119.3178085,27.2019355],[119.3187795,27.196355],[119.3228577,27.1939102],[119.3261293,27.1957837],[119.3330907,27.1932458],[119.3384835,27.186469],[119.3438269,27.1795475]]}},{"type":"Feature","properties":{"name":"穆阳溪","tier":2},"geometry":{"type":"LineString","coordinates":[[119.3849611,27.1499502],[119.3860139,27.1459704],[119.3853172,27.1408533],[119.3870199,27.136011],[119.390518,27.1346686],[119.3913046,27.1306907],[119.3952838,27.1256338],[119.3922115,27.1234759],[119.390083,27.1195718],[119.3930536,27.116796],[119.3927482,27.1132047],[119.3959038,27.1098933],[119.4013545,27.1119526],[119.4033256,27.1158982],[119.4045194,27.1199342],[119.4091279,27.1209967],[119.4126815,27.1187234],[119.4104327,27.1148274],[119.4109972,27.1113513],[119.4127463,27.1078422],[119.4141529,27.1040034],[119.413903,27.1004117],[119.4153348,27.0964988],[119.4166338,27.0962758]]}},{"type":"Feature","properties":{"name":"富岭溪","tier":3},"geometry":{"type":"LineString","coordinates":[[118.7028005,27.946703],[118.7008157,27.942718],[118.6985978,27.9399218],[118.6947861,27.9395632],[118.6942899,27.9357573],[118.6926585,27.9323565],[118.6909143,27.9285305],[118.691824,27.9251095],[118.6911699,27.9201472],[118.6884333,27.9171046],[118.6864409,27.9133711],[118.6822458,27.9130788],[118.6780958,27.9107535],[118.6743367,27.9122483],[118.673442,27.9078568],[118.6723744,27.9042824],[118.6680891,27.9040631],[118.6653976,27.9012527],[118.6640668,27.897472],[118.6618189,27.8942893],[118.6574132,27.8934321],[118.6532632,27.8941099],[118.6493237,27.8936979]]}},{"type":"Feature","properties":{"name":"九龙溪","tier":3},"geometry":{"type":"LineString","coordinates":[[117.087674,26.050769],[117.0928239,26.045988],[117.0974587,26.0392018],[117.1014069,26.0396645],[117.1056985,26.0390475],[117.1097483,26.0368561],[117.1084451,26.0333406],[117.1095871,26.029094],[117.1126168,26.0277983]]}},{"type":"Feature","properties":{"name":"罗口溪","tier":3},"geometry":{"type":"LineString","coordinates":[[117.0881171,26.1524727],[117.0909502,26.1487936],[117.0874798,26.1477802],[117.0840094,26.1465041],[117.0803299,26.146429],[117.083884,26.1443647],[117.0869363,26.141512],[117.0840094,26.1386593],[117.0813752,26.1351309],[117.0809989,26.1308891],[117.0844275,26.1293876],[117.0846784,26.122818],[117.0886087,26.1207533],[117.0913265,26.1182379],[117.0893195,26.1148966],[117.0931245,26.1132071],[117.089445,26.1092649],[117.0922464,26.1045716],[117.0907412,26.1010422],[117.0911593,26.0969869],[117.0950478,26.0974375],[117.0989363,26.0910539],[117.1009851,26.0873738],[117.0989363,26.0837312],[117.0940692,26.0816079],[117.0984764,26.076408],[117.0971802,26.0711876],[117.0923718,26.0689717],[117.0902812,26.0630373],[117.090114,26.0582295],[117.0862255,26.05406],[117.087674,26.050769]]}},{"type":"Feature","properties":{"name":"罗口溪","tier":3},"geometry":{"type":"LineString","coordinates":[[116.6283359,25.870307],[116.6336757,25.8709325],[116.6375626,25.8724646],[116.6394359,25.8761339],[116.6429437,25.8781555],[116.6466165,25.87962],[116.6507485,25.8775546],[116.6541709,25.8787187],[116.6588871,25.8768036],[116.6590958,25.8731986],[116.6625599,25.871058],[116.666191,25.8727479],[116.6686117,25.8687297],[116.6734949,25.8719969],[116.673161,25.8756395],[116.6786285,25.8751889],[116.6811327,25.8725977],[116.6807988,25.8673402],[116.6839274,25.8657585],[116.680728,25.8618938],[116.6817005,25.8584762],[116.6823546,25.8546533],[116.6818352,25.8504767],[116.6802657,25.8469617],[116.6811234,25.8429826],[116.6838135,25.8393504],[116.6862456,25.8365519],[116.685145,25.8305236],[116.6860049,25.8259596],[116.6893377,25.8244394],[116.6911179,25.8204108],[116.6950983,25.8195416],[116.7004158,25.8211154],[116.7014849,25.8174511],[116.7004224,25.8121768],[116.7042607,25.813288],[116.7075332,25.8154026],[116.7086524,25.8108496],[116.7106812,25.8078297],[116.712622,25.8036969],[116.7106615,25.7992007],[116.7119788,25.7947925],[116.7166724,25.7956069],[116.7208923,25.7978614],[116.7293125,25.7995821],[116.7319819,25.8033426],[116.7334772,25.8087],[116.7385255,25.8066413],[116.7414487,25.8030481],[116.7462819,25.8000679],[116.7512372,25.8005464],[116.7539883,25.8032121],[116.7568046,25.8057108],[116.7604969,25.8095428],[116.7650436,25.8121907],[116.7685844,25.8137382],[116.7672308,25.8174013],[116.7662327,25.8224221],[116.7693633,25.8239937],[116.7724596,25.826308],[116.7739696,25.830434],[116.7738177,25.8326055]]}},{"type":"Feature","properties":{"name":"罗口溪","tier":3},"geometry":{"type":"LineString","coordinates":[[116.5541385,25.7996939],[116.5505781,25.7994831],[116.5471533,25.8034312],[116.5483227,25.8074169],[116.5510792,25.8121168],[116.5493665,25.8168303],[116.551577,25.8198842],[116.5483645,25.8223807],[116.5438465,25.8241752],[116.5395937,25.8259898],[116.5394684,25.8217416],[116.5366284,25.8242605],[116.5350413,25.8279447],[116.535329,25.8319357],[116.5309483,25.8345985],[116.5338588,25.8371302],[116.5364108,25.8401848],[116.5362172,25.8437903],[116.536031,25.8479054],[116.5401842,25.8476444],[116.543576,25.8489463],[116.5478207,25.8499162],[116.5506044,25.8476217],[116.5541985,25.848474],[116.5583144,25.8495288],[116.5618859,25.8496263],[116.5662588,25.8494856],[116.5713386,25.8497735],[116.5747465,25.8505852],[116.5757451,25.8548093],[116.5735011,25.8583515],[116.5713509,25.8619712],[116.5715909,25.8658921],[116.5685289,25.867861],[116.5687582,25.8718424],[116.5715356,25.8743896],[116.5718693,25.8787089],[116.5736072,25.8820272],[116.5761521,25.8849433],[116.5787387,25.8873167],[116.5826942,25.8862636],[116.5831432,25.8825016],[116.5880487,25.8810754],[116.5915467,25.8817575],[116.5951472,25.8834753],[116.5987919,25.881977],[116.6031967,25.8826963],[116.6072706,25.8841106],[116.6107102,25.8817931],[116.6127859,25.878412],[116.61677,25.8768964],[116.621825,25.8769538],[116.6258606,25.8746067],[116.6283359,25.870307]]}},{"type":"Feature","properties":{"name":"沙溪","tier":2},"geometry":{"type":"LineString","coordinates":[[117.4373912,26.0796723],[117.438097,26.0842104],[117.4397086,26.0899539],[117.4486779,26.0970263],[117.4538063,26.0992327],[117.4591278,26.1074123],[117.4624108,26.1113623],[117.4637626,26.1172581],[117.4642991,26.1223059],[117.4615525,26.130012],[117.4637233,26.1340578],[117.4683625,26.1345988],[117.471179,26.1405398],[117.4728822,26.1466554],[117.4759721,26.1483505],[117.4794053,26.1449604],[117.4862717,26.1435735],[117.4905633,26.1441899],[117.4945115,26.1483505],[117.4979447,26.1503537],[117.5034379,26.15097],[117.5065278,26.152665],[117.5101327,26.1574416],[117.5157975,26.1597528],[117.5182008,26.1646601],[117.5160989,26.1679033],[117.511506,26.1683808],[117.5080988,26.1703528],[117.5095964,26.1760729],[117.514307,26.1788257],[117.5182008,26.1794731]]}},{"type":"Feature","properties":{"name":"文川溪","tier":3},"geometry":{"type":"LineString","coordinates":[[116.7466856,25.6906192],[116.7448573,25.6940779],[116.7469382,25.6969455],[116.7463958,25.7004266],[116.7480526,25.7036574],[116.7502418,25.7068077],[116.754147,25.7065854],[116.7581074,25.7066263],[116.7587753,25.7103487],[116.7625584,25.711501],[116.7632386,25.7156701],[116.7609821,25.7186292],[116.7646493,25.7188164],[116.7684795,25.7185796],[116.767412,25.7224073],[116.766602,25.7242631]]}},{"type":"Feature","properties":{"name":"文川溪","tier":3},"geometry":{"type":"LineString","coordinates":[[116.8016702,25.8057985],[116.8011117,25.8106059],[116.8070106,25.8110672],[116.8053165,25.8163166],[116.8000527,25.8146976],[116.7958352,25.8129934],[116.7913984,25.812944],[116.790271,25.8164104],[116.7878793,25.8201017],[116.7868724,25.8243703],[116.7835127,25.8266988],[116.7798399,25.8299296],[116.7768145,25.8326134],[116.7738177,25.8326055]]}},{"type":"Feature","properties":{"name":"琴源溪","tier":3},"geometry":{"type":"LineString","coordinates":[[116.8455651,25.834244],[116.8451692,25.8302171],[116.8415745,25.8284072],[116.8447084,25.8251368],[116.8407314,25.8237294],[116.8373607,25.8224451],[116.8359884,25.8190707],[116.8319991,25.8180482],[116.8325098,25.8142708],[116.8300682,25.8109863],[116.826458,25.8075571],[116.824707,25.804213],[116.8248676,25.8005237],[116.8257329,25.7959437],[116.8219104,25.7970541],[116.8178675,25.7978017],[116.8140765,25.7992085],[116.8109368,25.8034422],[116.8081373,25.8061474],[116.8050012,25.8079928],[116.8041246,25.8037036],[116.8016702,25.8057985]]}},{"type":"Feature","properties":{"name":"罗口溪","tier":3},"geometry":{"type":"LineString","coordinates":[[116.7738177,25.8326055],[116.7749984,25.8359522],[116.7750953,25.8395521],[116.7752824,25.8441445],[116.7787692,25.8465847],[116.7800638,25.8521452],[116.7836787,25.8533775],[116.7870015,25.8552651],[116.7871034,25.8593442],[116.7854055,25.8641329],[116.7882916,25.867075],[116.7931225,25.8703259],[116.795837,25.8737453],[116.7952106,25.8785548],[116.7986768,25.8798323],[116.8031035,25.8813352],[116.8042728,25.8856184],[116.8037717,25.8893004],[116.8020595,25.8929071],[116.8042728,25.8964385],[116.804941,25.9019984],[116.8070291,25.9069195],[116.8083237,25.9123287],[116.8116228,25.918301],[116.8109964,25.9219819],[116.8116646,25.9272026],[116.8136274,25.9301697],[116.8135021,25.93539],[116.8139197,25.9418869],[116.8162997,25.9462657],[116.8184784,25.9511546],[116.8223137,25.9552176],[116.823045,25.9589804],[116.8213149,25.9632084],[116.8181076,25.9670763],[116.8200747,25.972147],[116.8229377,25.9742785],[116.8272354,25.9749507],[116.831158,25.9768691],[116.8349291,25.9776837],[116.838763,25.9788836],[116.8401464,25.9848645],[116.8404207,25.988369],[116.8410966,25.9934495],[116.8414737,25.9946709]]}},{"type":"Feature","properties":{"name":"青印溪","tier":3},"geometry":{"type":"LineString","coordinates":[[118.141454,26.1730811],[118.1452537,26.1714486],[118.1438382,26.1672756],[118.1455146,26.1621202],[118.1499083,26.1606372],[118.1536684,26.1630579],[118.1599379,26.1634552],[118.1617851,26.166574],[118.1648071,26.1718692],[118.16659,26.1683939],[118.1717487,26.1685823],[118.1780224,26.1703872],[118.1827635,26.1707488],[118.1869348,26.1711253],[118.1912881,26.1731161],[118.1905179,26.1766443],[118.1923564,26.1800288],[118.1944381,26.1807421]]}},{"type":"Feature","properties":{"name":"蟾溪河","tier":3},"geometry":{"type":"LineString","coordinates":[[119.501574,27.4615195],[119.4995999,27.4575782],[119.5008261,27.4540787],[119.5044493,27.4534085],[119.5083921,27.4525373],[119.5088176,27.4562026],[119.5125495,27.4563788],[119.5152135,27.4537074],[119.5159667,27.4540606]]}},{"type":"Feature","properties":{"name":"联饶溪","tier":3},"geometry":{"type":"LineString","coordinates":[[117.047111,23.7441457],[117.0433629,23.7445191],[117.0406515,23.7420185],[117.0365754,23.7425376],[117.0324059,23.7409004],[117.0252814,23.7395045],[117.0198396,23.7385152],[117.0148453,23.7375989],[117.0097148,23.7365684],[117.0061612,23.7360261],[117.0006723,23.739007],[116.9973005,23.7405417],[116.993076,23.7388765],[116.9884877,23.7368058],[116.9851212,23.7353601],[116.9826437,23.7328719],[116.9804719,23.7278576],[116.978683,23.7241359],[116.9741916,23.7205821],[116.9704823,23.717962],[116.9682983,23.7115194],[116.9666125,23.705501]]}},{"type":"Feature","properties":{"name":"黄柏溪","tier":3},"geometry":{"type":"LineString","coordinates":[[117.9184031,27.7635017],[117.9217806,27.7622265],[117.9234168,27.7574312],[117.9249329,27.7607122],[117.9285055,27.7612701],[117.9289558,27.7566076],[117.9299766,27.7531803],[117.9349753,27.7514534],[117.9337293,27.7468702],[117.9294812,27.747654],[117.9270044,27.7441999],[117.9271695,27.7395101],[117.9278901,27.7339299],[117.9310574,27.7287347],[117.9340746,27.7264759],[117.9397638,27.7209216],[117.9426159,27.717852],[117.9472242,27.7180381],[117.9509057,27.7170781],[117.9543507,27.7151313],[117.9584787,27.716706],[117.9634624,27.7148589],[117.9670875,27.7157558],[117.9715533,27.7175232],[117.9748948,27.720156],[117.9786735,27.7205131],[117.9808494,27.7171586],[117.982887,27.7132194],[117.9860237,27.7108593],[117.9856062,27.7073175],[117.9865053,27.7008523],[117.9883692,27.6948527],[117.9885008,27.6894158],[117.9860009,27.6863866],[117.9831272,27.6833618],[117.9813868,27.6800958],[117.9808176,27.6782981]]}},{"type":"Feature","properties":{"name":"坪溪","tier":3},"geometry":{"type":"LineString","coordinates":[[117.4734583,27.5837066],[117.4714949,27.5807071],[117.4700526,27.5770149],[117.4665247,27.5764171],[117.4633805,27.5745269],[117.4620424,27.5709395],[117.4616062,27.5673824],[117.4615746,27.56361],[117.4582999,27.562115],[117.4550688,27.5599836],[117.4525121,27.5574373],[117.4507497,27.553994],[117.4509673,27.5500972],[117.4491763,27.5466751],[117.4456799,27.5462871],[117.4433409,27.5436055],[117.4394461,27.5429303],[117.4349965,27.5421007],[117.4313519,27.5402871],[117.429448,27.5367565],[117.4268962,27.534334],[117.4243835,27.5314578],[117.4242617,27.5274741],[117.4261347,27.5238008],[117.4245205,27.520141],[117.4205307,27.5186689],[117.4168455,27.5166431],[117.4148049,27.513037],[117.4130232,27.5095119],[117.4116374,27.5055274],[117.4079111,27.5050905],[117.4036789,27.5036503],[117.400798,27.5015689],[117.3980429,27.4979728],[117.3937687,27.4958727],[117.3914463,27.4945626]]}},{"type":"Feature","properties":{"name":"文江溪","tier":3},"geometry":{"type":"LineString","coordinates":[[117.6131458,25.9118295],[117.6095108,25.9133105],[117.6051756,25.9143639],[117.602829,25.9170985],[117.6069433,25.9173449],[117.6082072,25.9209976],[117.6059755,25.9238871],[117.6024048,25.9270388],[117.6010083,25.9305124],[117.6013221,25.9343038],[117.6019717,25.938417],[117.6053701,25.9400026],[117.6065235,25.9437698],[117.6059622,25.9472667],[117.6022015,25.9471197],[117.6025109,25.9508549],[117.5999919,25.9541053],[117.6027141,25.9574111],[117.600544,25.9604548],[117.6002825,25.9649771],[117.6032026,25.9671052],[117.6074821,25.9684391],[117.6111956,25.9706596],[117.6149434,25.9721939],[117.6159511,25.9764343],[117.6139872,25.9806399],[117.6152736,25.9840243],[117.6190557,25.9845601],[117.6235753,25.9884455],[117.6259166,25.9914173],[117.6293771,25.9927239],[117.6334079,25.9910742],[117.6358349,25.9937954],[117.6359893,25.9978693],[117.6378932,26.0009565],[117.6358864,26.0039164],[117.6337981,26.0068569],[117.6373657,26.0072539],[117.640942,26.0097126],[117.6412765,26.0057778],[117.644887,26.0023324],[117.6470311,26.0054078],[117.6494495,26.008437],[117.651049,26.0048452],[117.6555558,26.0050648],[117.6580557,26.0024133],[117.6608515,26.0046679],[117.6632014,26.0020433],[117.6671807,26.00266],[117.6704011,26.0012186],[117.6737501,25.9988097],[117.6768546,25.9969636],[117.6800235,25.9943312],[117.6824463,25.9917295],[117.687399,25.990234],[117.6895382,25.9931873],[117.6919126,25.9960934],[117.695155,25.9983266],[117.6982596,25.9999695],[117.7011873,25.9975137],[117.7045332,25.9994742],[117.7042577,26.0039652],[117.7082165,26.0024214],[117.711707,26.0007662],[117.7148897,25.9991894],[117.7186005,25.9974391],[117.7226651,25.9966713],[117.7251497,25.9932368],[117.7254069,25.9883655],[117.7273496,25.9851537],[117.7313441,25.9852574],[117.7341556,25.9888735],[117.7354446,25.9934731],[117.7391486,25.992832],[117.7419052,25.9961483],[117.7392218,25.9988617],[117.7435884,25.9976503],[117.7470401,25.9964334],[117.7460156,26.0001662],[117.7499004,26.0000073],[117.752724,26.0032796],[117.7574198,26.0027589],[117.7620852,26.0045786],[117.7633417,26.0086584],[117.7639639,26.0121296],[117.7652621,26.0157549],[117.7688455,26.0161599],[117.7674401,26.019438],[117.7715485,26.0190134],[117.7750683,26.019573],[117.779746,26.0202768],[117.7836613,26.0198522],[117.789294,26.0201897],[117.793592,26.0197403],[117.7973621,26.0188013],[117.7986495,26.0229085],[117.8051083,26.0227735],[117.8096259,26.0240079],[117.8121149,26.0214145],[117.8166318,26.0235548],[117.820344,26.0256469],[117.8254294,26.0261386],[117.8289485,26.0272184],[117.8310977,26.028028]]}},{"type":"Feature","properties":{"name":"磨溪","tier":3},"geometry":{"type":"LineString","coordinates":[[119.4086945,26.0321964],[119.4098177,26.0275937],[119.4087088,26.0240697],[119.4075322,26.0177671],[119.4073802,26.016793]]}},{"type":"Feature","properties":{"name":"古田溪","tier":3},"geometry":{"type":"LineString","coordinates":[[118.7660636,26.5314974],[118.7601838,26.5301657],[118.7564073,26.5284763],[118.7517724,26.5232542],[118.7507425,26.519875],[118.7509141,26.5149598],[118.7450776,26.5149598],[118.7418483,26.5103035],[118.7437043,26.5046677],[118.7466226,26.5019025],[118.7447343,26.4983692],[118.7502275,26.4962183],[118.7498949,26.4886038],[118.7543258,26.4854925],[118.7567291,26.4821303],[118.7610421,26.4840809],[118.765162,26.4805469],[118.76554,26.4762627],[118.7611959,26.4765386],[118.757399,26.4767813],[118.7566434,26.4727237],[118.7608669,26.4702167],[118.7644325,26.4680557],[118.7629875,26.4630982],[118.7589822,26.4607242],[118.7586389,26.4542695],[118.7548623,26.4496588],[118.7552057,26.4458164],[118.7596689,26.442435],[118.7607503,26.4381288],[118.7627,26.4348473],[118.7580461,26.4322269],[118.7572656,26.4266026],[118.7577806,26.420146],[118.7593255,26.4147652],[118.7552057,26.4090767],[118.7497125,26.4090767],[118.7495408,26.4027729],[118.7437043,26.3918558],[118.7285981,26.3920096],[118.7244783,26.386935],[118.7323747,26.3781695],[118.7288725,26.375146],[118.7260458,26.3722949]]}},{"type":"Feature","properties":{"name":"闽安溪","tier":3},"geometry":{"type":"LineString","coordinates":[[119.4548018,26.0942262],[119.4564744,26.0909194],[119.4587125,26.088128],[119.4615596,26.0859971],[119.4638452,26.0833264],[119.4655219,26.0801938],[119.4674753,26.0771962],[119.4701642,26.0742198],[119.4723786,26.070881],[119.4750754,26.0683875],[119.4785869,26.0694886],[119.4818794,26.0662086],[119.4831611,26.0622157],[119.4851647,26.0589896],[119.4848738,26.0551296],[119.4894378,26.0544008],[119.4931583,26.0530375],[119.4950298,26.0489962],[119.4983059,26.0514615],[119.5015818,26.0532356],[119.5062856,26.0511407]]}},{"type":"Feature","properties":{"name":"上墘溪","tier":3},"geometry":{"type":"LineString","coordinates":[[118.7460414,26.8458527],[118.7486565,26.8434811],[118.7520683,26.8418705],[118.7544501,26.8392547],[118.7542489,26.8357197],[118.7573977,26.8335298],[118.7599673,26.8310454],[118.757768,26.8282907],[118.7592954,26.8250699],[118.7626845,26.824114],[118.7658695,26.8221401],[118.7693631,26.821469],[118.7727775,26.8202387],[118.7755375,26.8201215]]}},{"type":"Feature","properties":{"name":"岑洋溪","tier":3},"geometry":{"type":"LineString","coordinates":[[118.7755375,26.8201215],[118.7789386,26.821213],[118.7813043,26.8239944],[118.7848703,26.8239712],[118.7889754,26.8246359],[118.7918615,26.8266991],[118.7954664,26.8268475],[118.7983208,26.8246093],[118.80037,26.8214976],[118.8010566,26.8174187],[118.8017969,26.8133589],[118.8011639,26.809816],[118.7979453,26.812545],[118.7934928,26.8104575],[118.7938576,26.8048844],[118.7940722,26.8006805],[118.7912612,26.7973862],[118.7941097,26.7957198]]}},{"type":"Feature","properties":{"name":"长桥溪","tier":3},"geometry":{"type":"LineString","coordinates":[[118.8869285,26.8891475],[118.8874671,26.8930857],[118.8864762,26.8967474],[118.8831479,26.8954694],[118.8794944,26.8954649],[118.8784832,26.8917533],[118.8754954,26.8888891],[118.8708866,26.8893831],[118.8701599,26.88583],[118.8723398,26.8822813],[118.8722128,26.878107],[118.8755106,26.876217],[118.8780259,26.8736107],[118.8749822,26.8715711],[118.8704801,26.8711404],[118.8672178,26.8696537],[118.8703225,26.8664173],[118.8661431,26.8636945],[118.8609074,26.8624503],[118.8614058,26.8589257],[118.862388,26.8543911],[118.8611435,26.8504666],[118.859341,26.8472503],[118.8630961,26.8436127],[118.8601135,26.841545],[118.8566803,26.8403196],[118.8552855,26.8370265],[118.8523458,26.8391326],[118.849449,26.8358394],[118.8498997,26.8314547],[118.8527106,26.8277017],[118.8500284,26.8248295],[118.8467025,26.8253082]]}},{"type":"Feature","properties":{"name":"金溪","tier":2},"geometry":{"type":"LineString","coordinates":[[117.5065083,26.7669797],[117.5225692,26.7609993],[117.5274766,26.7608669],[117.5293317,26.7671126],[117.5302917,26.7711077],[117.5332874,26.7772481],[117.5384817,26.781533],[117.5424479,26.7798965],[117.5470001,26.7802039],[117.5552617,26.7820992],[117.5628776,26.7858683],[117.567497,26.7866]]}},{"type":"Feature","properties":{"name":"民主河","tier":3},"geometry":{"type":"LineString","coordinates":[[115.902432,25.01711],[115.905614,25.0189084],[115.9096276,25.0210685],[115.9132641,25.022475],[115.9168452,25.0216913],[115.9205483,25.0213598],[115.9248834,25.0198629],[115.926236,25.0164972],[115.9299502,25.0163264],[115.9331322,25.011554],[115.936935,25.0106296],[115.9407601,25.0060278],[115.938486,25.002216],[115.9373153,24.998887],[115.9391072,24.9957734],[115.9418499,24.9934358],[115.9452801,24.992201],[115.9461569,24.9887559],[115.9472969,24.9846667],[115.9493392,24.9818053],[115.952836,24.9823266],[115.9560643,24.9807094],[115.9596199,24.9812075],[115.962132,24.9787616],[115.9652806,24.9769889],[115.96884,24.9781383],[115.971468,24.9757774],[115.9724296,24.9723744],[115.9750142,24.9699117],[115.9786164,24.9691498],[115.9813189,24.9667717],[115.9849076,24.966737],[115.9884044,24.9665053],[115.9916583,24.9644869],[115.99504,24.9656108],[115.9966094,24.9622577],[115.9996921,24.9605683],[116.0026342,24.9586171],[116.0001496,24.9557018],[115.9981431,24.9525871],[115.9973449,24.9491527],[115.9963113,24.94572],[115.9926359,24.9450348],[115.9894062,24.9466477],[115.9876166,24.9436319],[115.9847576,24.9412206],[115.9827007,24.9373901],[115.982387,24.933705],[115.9838414,24.9304853],[115.9795208,24.9300973],[115.9739418,24.9277051],[115.9703805,24.9265057],[115.9695606,24.9230983],[115.9693181,24.919568],[115.9727866,24.918607],[115.9756099,24.9164444],[115.9738655,24.91323],[115.9756905,24.9101619],[115.977934,24.9074367],[115.9788213,24.9039204],[115.9763308,24.9013642],[115.9752318,24.8980397],[115.9783474,24.8963477],[115.9761443,24.8930369],[115.97927,24.8913677],[115.9797591,24.8906525]]}},{"type":"Feature","properties":{"name":"差干河","tier":3},"geometry":{"type":"LineString","coordinates":[[116.0235097,24.8820925],[116.0280165,24.881698],[116.0310841,24.8783176],[116.0357671,24.879627],[116.0386586,24.8771771],[116.0355162,24.8751267],[116.0392402,24.8745242],[116.0421467,24.8770929],[116.0425733,24.8713722],[116.0445865,24.8683561],[116.046803,24.8647504],[116.050293,24.8638927],[116.0551227,24.862336],[116.0586262,24.8616548],[116.0614624,24.8576016],[116.0623598,24.8541006],[116.0659647,24.8546847],[116.0693472,24.8568692],[116.0733575,24.8562358],[116.0781524,24.8563448],[116.078935,24.8558307]]}},{"type":"Feature","properties":{"name":"桐山溪","tier":3},"geometry":{"type":"LineString","coordinates":[[120.1990776,27.3829743],[120.2019798,27.3808514],[120.2063981,27.3821798],[120.2096513,27.3802756],[120.2116493,27.3766994],[120.2128314,27.372928],[120.2125908,27.3686455],[120.2094224,27.3669152],[120.2052097,27.3673649],[120.2026009,27.3647623],[120.2044943,27.360814],[120.207235,27.3583149],[120.2110531,27.3543849],[120.2126954,27.3510215],[120.2138983,27.3454932],[120.2129046,27.340234],[120.2137519,27.3338408],[120.2160846,27.328516],[120.2193328,27.3210493],[120.2210494,27.3161307],[120.2254418,27.3124477],[120.2337239,27.310807],[120.2393377,27.3066503],[120.2436416,27.304284],[120.2444836,27.3038982]]}},{"type":"Feature","properties":{"name":"桐山溪","tier":3},"geometry":{"type":"LineString","coordinates":[[120.1079502,27.4417261],[120.1075829,27.4381454],[120.1110692,27.4386714],[120.1146347,27.440573],[120.1158438,27.4440643],[120.1183903,27.4466436],[120.1211942,27.4442725],[120.1241531,27.4461452],[120.1272645,27.4478946],[120.1307981,27.4473087],[120.134183,27.4463607],[120.1350436,27.4429545],[120.1367733,27.4394796],[120.1385108,27.4360359],[120.1425141,27.4353524],[120.1460365,27.4333889],[120.1489579,27.4313436],[120.1542376,27.4298309],[120.1569472,27.4272407],[120.155,27.4241191],[120.15383,27.4204911],[120.1544599,27.4147356],[120.1542561,27.4104269],[120.1563495,27.4051478],[120.1604824,27.4037524],[120.1636811,27.4005024],[120.1670398,27.3981911],[120.1647651,27.3950592],[120.1677988,27.3929159],[120.1704073,27.3906493]]}},{"type":"Feature","properties":{"name":"杨家溪","tier":3},"geometry":{"type":"LineString","coordinates":[[120.0584114,27.1099056],[120.0628816,27.1070804],[120.0665438,27.1071552],[120.070411,27.1041422],[120.0750876,27.1050409],[120.0802987,27.1076663],[120.0847404,27.1051564],[120.0906317,27.1045331],[120.0943385,27.1040734],[120.095053,27.099724],[120.1002866,27.099638],[120.1062733,27.1035061],[120.111333,27.1051736],[120.1161224,27.1084571],[120.1191929,27.1112419],[120.1225919,27.1132187],[120.1262804,27.1133906],[120.1302394,27.1116716],[120.1309539,27.1065833],[120.1301235,27.1030076],[120.1274971,27.0988128],[120.1257397,27.0944288],[120.1217198,27.0901123],[120.1209117,27.0864167],[120.117648,27.0832015],[120.1118351,27.0814304],[120.1093439,27.0769769],[120.1075285,27.0735894],[120.1084362,27.069342],[120.1093439,27.0629791],[120.1100198,27.0585249],[120.1155001,27.0547013],[120.1149897,27.0502136],[120.1150528,27.045656],[120.1102515,27.0436819],[120.1134542,27.0394382],[120.1175754,27.0383866],[120.1219972,27.0368713],[120.1213592,27.0328216],[120.1193935,27.0279565],[120.1204331,27.0253859]]}},{"type":"Feature","properties":{"name":"北渠","tier":3},"geometry":{"type":"LineString","coordinates":[[118.6422057,24.9296193],[118.6448526,24.9320071],[118.6478522,24.9344407],[118.6518483,24.9352378],[118.6570897,24.9336306],[118.660471,24.9317158],[118.6602255,24.9362671],[118.6590598,24.9405773],[118.6604284,24.9439941],[118.6616655,24.9469141]]}},{"type":"Feature","properties":{"name":"古山溪","tier":3},"geometry":{"type":"LineString","coordinates":[[117.5037372,27.3331571],[117.5040179,27.3338372]]}},{"type":"Feature","properties":{"name":"古山溪","tier":3},"geometry":{"type":"LineString","coordinates":[[117.5040179,27.3338372],[117.5058933,27.336918],[117.5063414,27.3373791]]}},{"type":"Feature","properties":{"name":"故县河","tier":3},"geometry":{"type":"LineString","coordinates":[[117.5499989,27.430681],[117.5479696,27.427092],[117.5476339,27.4231055],[117.5502824,27.4205228],[117.5498646,27.4168473],[117.5477682,27.4134167],[117.545433,27.4105027],[117.5434485,27.406456],[117.5422175,27.4011573],[117.5377263,27.3903273],[117.5343765,27.3825635],[117.5328247,27.3789199],[117.5308327,27.3752894],[117.5289974,27.374448]]}},{"type":"Feature","properties":{"name":"故县河","tier":3},"geometry":{"type":"LineString","coordinates":[[117.5289974,27.374448],[117.5285125,27.3705855],[117.5276694,27.366862],[117.5273039,27.3630456],[117.5268711,27.3593483],[117.5240958,27.3565455],[117.5251989,27.3526998],[117.5278783,27.3503034],[117.5299822,27.3474208],[117.5278186,27.3442201],[117.5264534,27.3409596],[117.5249785,27.3374341],[117.5215518,27.3350215],[117.5206789,27.3316017],[117.518876,27.3285132]]}},{"type":"Feature","properties":{"name":"同青河","tier":3},"geometry":{"type":"LineString","coordinates":[[117.5770237,27.3201115],[117.5813108,27.3183795],[117.5782678,27.315371],[117.5789465,27.3117859],[117.5813779,27.3066963],[117.5789987,27.3035284],[117.5776562,27.3080151],[117.5743297,27.309155],[117.5706155,27.3102021],[117.5672666,27.3087574],[117.5636195,27.308585],[117.5599574,27.3072198],[117.5571381,27.3048937],[117.5559648,27.3033316]]}},{"type":"Feature","properties":{"name":"同青河","tier":3},"geometry":{"type":"LineString","coordinates":[[117.5822294,27.3668204],[117.5839227,27.3625079],[117.5849744,27.3590829],[117.58076,27.356254],[117.5825353,27.3528885],[117.5795218,27.3511063],[117.5764784,27.3491651],[117.579474,27.3463179],[117.5802087,27.3440564]]}},{"type":"Feature","properties":{"name":"同青河","tier":3},"geometry":{"type":"LineString","coordinates":[[117.5709324,27.3926062],[117.5689446,27.389149],[117.5707124,27.3859897],[117.5733903,27.3831947],[117.5736364,27.3796312],[117.5754416,27.3761604],[117.5762322,27.3721264],[117.5788877,27.3695629],[117.5822294,27.3668204]]}},{"type":"Feature","properties":{"name":"古山溪","tier":3},"geometry":{"type":"LineString","coordinates":[[117.4096431,27.3065517],[117.4143271,27.3060215],[117.4188396,27.3041658],[117.4233148,27.3032445],[117.4263505,27.3050539],[117.426358,27.3091033],[117.4288119,27.3120259],[117.4327575,27.3136098],[117.4313702,27.3168305],[117.4355396,27.3172016],[117.437725,27.3141068],[117.441059,27.3119596],[117.4466916,27.314903],[117.4504382,27.3170694],[117.454353,27.3170117],[117.4580097,27.3154445],[117.4591792,27.3121176],[117.4594635,27.3083855],[117.4629289,27.3067553],[117.4665436,27.3076334],[117.4698488,27.3104139],[117.4715192,27.3150237],[117.4771714,27.319777],[117.4763238,27.323809],[117.4754355,27.329034],[117.4780351,27.3315318],[117.4853988,27.3295887],[117.4921199,27.3306979],[117.4958008,27.3322794],[117.5006944,27.3332894],[117.5037372,27.3331571]]}},{"type":"Feature","properties":{"name":"古山系","tier":3},"geometry":{"type":"LineString","coordinates":[[117.3924695,27.3022427],[117.3958072,27.3034434],[117.3995291,27.3022968],[117.4021995,27.2991502],[117.4036448,27.2956945],[117.4068834,27.2975909],[117.4082185,27.3015147],[117.4096431,27.3065517]]}},{"type":"Feature","properties":{"name":"富屯溪","tier":2},"geometry":{"type":"LineString","coordinates":[[117.5928539,27.2798692],[117.5961477,27.2748152],[117.5992944,27.2713188],[117.6029498,27.2690077],[117.6109964,27.26752],[117.6155051,27.2652285],[117.6165584,27.2609972],[117.6074045,27.2545962],[117.6079493,27.2503072],[117.6140327,27.2441666],[117.6137321,27.2403211],[117.6086468,27.2354628],[117.6044616,27.2337017],[117.5985248,27.2309447],[117.5943989,27.2279836],[117.5935406,27.2243202],[117.5928539,27.2186722],[117.5902386,27.2147024],[117.5913197,27.2065356],[117.5887341,27.2032532],[117.5820393,27.1982149],[117.581696,27.1947031],[117.5825543,27.1905805],[117.5868458,27.1890536],[117.5921976,27.1890645],[117.595216,27.1870305],[117.5968022,27.1769902],[117.5990337,27.1682854],[117.6091618,27.1643145],[117.6102561,27.1605726],[117.6087218,27.1573044],[117.604122,27.1549288],[117.601385,27.1521999]]}},{"type":"Feature","properties":{"name":"梅溪","tier":3},"geometry":{"type":"LineString","coordinates":[[118.1171729,27.6903248],[118.1135952,27.6893329],[118.1158268,27.6850957],[118.1123185,27.6872998],[118.1091964,27.6854472],[118.1056486,27.6846259],[118.1020617,27.6844592],[118.0978368,27.683912],[118.0942859,27.6833105],[118.09026,27.6812479],[118.0859277,27.6829417],[118.0824923,27.6837086],[118.0818429,27.6791049],[118.0786224,27.6808515],[118.0735308,27.6840477],[118.0712804,27.6878117],[118.0709261,27.6917484],[118.0688998,27.6929663]]}},{"type":"Feature","properties":{"name":"梅溪","tier":3},"geometry":{"type":"LineString","coordinates":[[118.0688998,27.6929663],[118.0650472,27.6924467],[118.0609981,27.6905977],[118.0583785,27.6872111],[118.0552126,27.6846197],[118.0503402,27.6818228],[118.0464857,27.6786481],[118.0430428,27.6776539],[118.0410445,27.6747773],[118.0402586,27.6712179],[118.0362993,27.6681555],[118.0321305,27.6688979],[118.0281937,27.6692359],[118.0238817,27.6710552],[118.0216545,27.6683497],[118.0202601,27.671715],[118.0158742,27.6725435],[118.0112638,27.672232],[118.0060995,27.6709792],[118.0025743,27.6713239],[118.0004338,27.6756721],[117.9978741,27.6781377],[117.99384,27.6800731],[117.9900162,27.6821448]]}},{"type":"Feature","properties":{"name":"西溪","tier":2},"geometry":{"type":"LineString","coordinates":[[117.7710181,25.3554428],[117.7732497,25.3584144],[117.7740169,25.3622439],[117.7730834,25.3661896],[117.7757442,25.3690446],[117.7751058,25.3727671],[117.7776217,25.375239],[117.7808833,25.3769984],[117.7825409,25.3804832],[117.78584,25.3823831],[117.7894986,25.38248],[117.7890962,25.3857417]]}},{"type":"Feature","properties":{"name":"九龙江","tier":1},"geometry":{"type":"LineString","coordinates":[[117.5487244,24.9333339],[117.5464313,24.9306555],[117.5456452,24.9254113]]}},{"type":"Feature","properties":{"name":"高层溪","tier":3},"geometry":{"type":"LineString","coordinates":[[117.6775217,24.8812003],[117.6753759,24.8778715],[117.6715565,24.8727128],[117.6700866,24.868902],[117.6667499,24.8667556],[117.6639658,24.8644291],[117.6596475,24.8630566],[117.656697,24.8611292],[117.6541436,24.8637575],[117.6519656,24.8673007],[117.6540041,24.8702501],[117.6506781,24.8689555],[117.6484465,24.8655681],[117.6441121,24.8653539],[117.6414406,24.8629495],[117.64467,24.8615672],[117.6449811,24.8612752]]}},{"type":"Feature","properties":{"name":"高车溪","tier":3},"geometry":{"type":"LineString","coordinates":[[117.4669582,24.9034279],[117.4672725,24.906941],[117.4694865,24.9101298],[117.4714059,24.9132201],[117.4725262,24.917325],[117.4752555,24.9198861],[117.4748656,24.9240211],[117.478315,24.9251279],[117.481589,24.927348],[117.4852503,24.9260292],[117.4857911,24.9295814],[117.4884366,24.9319141],[117.4921931,24.9318478],[117.4954014,24.9339354],[117.4968715,24.9350092]]}},{"type":"Feature","properties":{"name":"高车溪","tier":3},"geometry":{"type":"LineString","coordinates":[[117.4704977,24.8674114],[117.4693325,24.8708134],[117.4691353,24.8747108],[117.4697344,24.8785352],[117.4695298,24.8820414],[117.4684997,24.8855408],[117.4676376,24.8891925],[117.4669654,24.892811],[117.4662202,24.8965553],[117.4665709,24.9000477],[117.4669582,24.9034279]]}},{"type":"Feature","properties":{"name":"九龙江","tier":1},"geometry":{"type":"LineString","coordinates":[[117.6121806,24.7315194],[117.6163697,24.729888],[117.6207268,24.7306731],[117.6237511,24.7284847],[117.6240962,24.7232536],[117.6240462,24.7154596],[117.6258317,24.7119333],[117.6288579,24.7080448],[117.6309907,24.7042934],[117.6329348,24.7011797],[117.6305509,24.6982891],[117.6288563,24.6941083],[117.6268701,24.6839998],[117.6267139,24.6792949],[117.6284892,24.6754344],[117.6299021,24.6714777],[117.6278839,24.6656459],[117.6263043,24.6623909],[117.6263498,24.6582404],[117.6253428,24.6540968],[117.6281705,24.6506974],[117.6318576,24.6496218],[117.6366841,24.6502757],[117.6407004,24.6474981],[117.6446485,24.645652],[117.6478128,24.6421986],[117.6588636,24.6383611],[117.663709,24.6400094],[117.6719375,24.6436184],[117.680597,24.6448513],[117.684904,24.6421729],[117.6866829,24.6388974],[117.6880492,24.6321538],[117.6876525,24.6214641],[117.6872383,24.6146112],[117.6877862,24.6107931],[117.6896077,24.6075792],[117.6922429,24.6020402],[117.6953651,24.5972712],[117.69893,24.5952127],[117.702112,24.5923928],[117.7053565,24.59022]]}},{"type":"Feature","properties":{"name":"温水溪","tier":3},"geometry":{"type":"LineString","coordinates":[[117.5493419,24.9700195],[117.5466587,24.9723325],[117.543493,24.9750431],[117.5420454,24.9790195],[117.5426084,24.9837844],[117.5418773,24.988284],[117.5378928,24.9895364],[117.5321396,24.9903417],[117.5286964,24.9912685],[117.5250984,24.9918292],[117.524243,24.9874689],[117.5216477,24.9845067],[117.5183067,24.9825718],[117.5183619,24.9787555]]}},{"type":"Feature","properties":{"name":"温水溪","tier":3},"geometry":{"type":"LineString","coordinates":[[117.5975715,24.9803436],[117.5941042,24.9775414],[117.5903539,24.9772166],[117.590025,24.973605],[117.5875321,24.9700462],[117.585624,24.9666862],[117.5821661,24.9644262],[117.5787814,24.9620867],[117.5752431,24.9617222],[117.5716536,24.9623717],[117.5668067,24.9631405],[117.5636193,24.9649763],[117.5600225,24.9660963],[117.556148,24.9663879],[117.5523757,24.9660499],[117.5512938,24.9696221],[117.5493419,24.9700195]]}},{"type":"Feature","properties":{"name":"永丰溪","tier":3},"geometry":{"type":"LineString","coordinates":[[117.3895862,24.7714753],[117.3882414,24.7677704],[117.3884676,24.7638935],[117.3911388,24.7611696],[117.3944815,24.7587241],[117.3973133,24.756464],[117.401021,24.757319],[117.3990942,24.754257],[117.399408,24.7501941],[117.4025901,24.7474169],[117.4029259,24.7436454],[117.3984373,24.7439105],[117.395496,24.7413917],[117.39481,24.736586],[117.3924161,24.7336693],[117.3882705,24.7342261],[117.3913869,24.7322706],[117.3889208,24.7285993],[117.3885442,24.7276798]]}},{"type":"Feature","properties":{"name":"永丰溪","tier":3},"geometry":{"type":"LineString","coordinates":[[117.3606133,24.9036523],[117.3623997,24.9005869],[117.3663479,24.8991758],[117.3667172,24.895109],[117.3681915,24.891709],[117.3713585,24.8900559],[117.3721418,24.8860801],[117.3747229,24.88211],[117.377418,24.879824],[117.378711,24.8756896],[117.3819611,24.8733701],[117.3839039,24.870143],[117.3873951,24.8698117],[117.3895936,24.8667038],[117.3897762,24.8623831],[117.3930919,24.859845],[117.3925071,24.8558501],[117.3955676,24.8536098],[117.3966633,24.8529735]]}},{"type":"Feature","properties":{"name":"永丰溪","tier":3},"geometry":{"type":"LineString","coordinates":[[117.3966633,24.8529735],[117.3941798,24.8494938],[117.3917043,24.8466581],[117.3874321,24.8458098],[117.389214,24.8427415],[117.3907111,24.8392489],[117.3931065,24.8366046],[117.3963406,24.8338605],[117.3949169,24.8303667],[117.3927628,24.8275447],[117.3897986,24.825492],[117.3870365,24.8237002]]}},{"type":"Feature","properties":{"name":"永丰溪","tier":3},"geometry":{"type":"LineString","coordinates":[[117.3870365,24.8237002],[117.3890076,24.8204382],[117.3876714,24.8167201],[117.3867952,24.8131677],[117.3899496,24.8115174],[117.3897962,24.807587],[117.3918116,24.8020591],[117.3919649,24.7980886],[117.3937685,24.7946351],[117.3910668,24.792315],[117.3921693,24.788437],[117.3897086,24.7855865],[117.390614,24.7820663],[117.3895334,24.778599],[117.3882778,24.775113],[117.3895862,24.7714753]]}},{"type":"Feature","properties":{"name":"文川溪","tier":3},"geometry":{"type":"LineString","coordinates":[[117.1725213,25.7885937],[117.1721828,25.7923663],[117.1733093,25.796578],[117.1766567,25.795158],[117.1819353,25.7973411],[117.1791126,25.8001506],[117.1754122,25.7994179],[117.1726656,25.8022287],[117.1777511,25.8049043],[117.1767533,25.8090962],[117.1797895,25.8118779],[117.1848106,25.8121869],[117.1888232,25.8121483],[117.1877396,25.8163207],[117.1892846,25.820657],[117.1882652,25.8243674],[117.1902716,25.8278421],[117.1942842,25.82593],[117.1975243,25.8242593],[117.2017745,25.8241724],[117.2052598,25.8264032],[117.2080707,25.8287982],[117.2111053,25.8266575],[117.2148836,25.8268475],[117.2153865,25.8307047],[117.2193253,25.8349013],[117.2209668,25.8380493],[117.2224581,25.8418345],[117.2248194,25.8453377],[117.2279895,25.843379],[117.2315851,25.8429467],[117.236233,25.8403407],[117.2397423,25.8401253],[117.2411048,25.8440553],[117.2436261,25.8479851],[117.2466624,25.8505535],[117.247864,25.8542996],[117.2477138,25.8578236],[117.2532606,25.8571382],[117.2559224,25.8600664],[117.2566945,25.861043]]}},{"type":"Feature","properties":{"name":"文川溪","tier":3},"geometry":{"type":"LineString","coordinates":[[117.0669185,25.7381231],[117.0662776,25.7422657],[117.0641166,25.7459088],[117.0631237,25.7499661],[117.0640655,25.7534183],[117.0644816,25.757002],[117.0692427,25.7573142],[117.0710478,25.7604142],[117.0764266,25.7602694],[117.078721,25.7539851],[117.0809421,25.7502473],[117.0862902,25.7485363],[117.0898557,25.7481678],[117.091489,25.7449044],[117.0964897,25.7454302],[117.096718,25.7493541],[117.1021993,25.7492275],[117.1056325,25.7503596],[117.1120255,25.7489367],[117.1117726,25.7443901],[117.1140232,25.7405612],[117.1181638,25.736471],[117.1203378,25.7317761],[117.1236112,25.7290597],[117.1218974,25.7341902],[117.1252448,25.7394863],[117.1262625,25.7435217],[117.1300179,25.7483873],[117.1373108,25.7562593],[117.1400724,25.7584111],[117.1441351,25.7600404],[117.1421604,25.7644016],[117.1447692,25.7676544],[117.1448094,25.7721027],[117.1472911,25.7748034],[117.1523244,25.7739249],[117.1543178,25.7770262],[117.1550962,25.7821839],[117.1571095,25.7851317],[117.1615288,25.7838182],[117.16601,25.7832518],[117.1672478,25.7877967],[117.1713245,25.7870181],[117.1725213,25.7885937]]}},{"type":"Feature","properties":{"name":"枫慈溪","tier":3},"geometry":{"type":"LineString","coordinates":[[118.7341319,25.2116556],[118.737718,25.2114023],[118.740322,25.2085877],[118.7440614,25.2075479],[118.7474639,25.20915],[118.7448877,25.2133184],[118.7477104,25.2158973],[118.7512588,25.2169433],[118.7543332,25.2198782],[118.755109,25.2236762],[118.7585706,25.2280159],[118.7585902,25.2320756],[118.7566115,25.2357533],[118.75806,25.2393331],[118.7610551,25.2414116],[118.7628031,25.2444716],[118.7597834,25.2464835],[118.7629341,25.2484628],[118.7680839,25.2464832],[118.77156,25.2473953],[118.7740921,25.2501124],[118.775637,25.2534893],[118.7805723,25.2536057],[118.7842201,25.2523054],[118.7880825,25.2571959],[118.7909149,25.2603979],[118.7968801,25.2604756],[118.8009141,25.2591948],[118.8077377,25.2601845],[118.8120721,25.2609607],[118.8163637,25.2651135],[118.819239,25.2680824],[118.8228439,25.2693243],[118.8261913,25.268063],[118.8302253,25.2634252],[118.8351177,25.2614847],[118.8401817,25.2599904],[118.8448595,25.2578946],[118.8471896,25.2515072],[118.8511287,25.2484107],[118.8535125,25.2447667],[118.8577213,25.2416288],[118.8613689,25.2412237],[118.8653722,25.2435926],[118.8675898,25.2463078],[118.8715004,25.2447833],[118.8729969,25.2448627]]}},{"type":"Feature","properties":{"name":"岭下溪","tier":3},"geometry":{"type":"LineString","coordinates":[[116.9788091,24.1272391],[116.9794914,24.1232364],[116.9809811,24.1184075],[116.9776513,24.1171638],[116.9753621,24.1143854],[116.9720487,24.1126464],[116.9685386,24.1135444],[116.9651365,24.1122467],[116.9616348,24.1126613],[116.9608627,24.1091225],[116.96148,24.1055687],[116.9627208,24.1019752],[116.9622565,24.0977433],[116.9614298,24.0929176],[116.9603872,24.0887525],[116.9588236,24.0850818],[116.9578108,24.0808543],[116.9556371,24.0778029],[116.9572356,24.0741041],[116.9607233,24.0717138],[116.9624974,24.0686048],[116.9629083,24.0649615],[116.9661918,24.0629974],[116.9664938,24.0594372],[116.9661761,24.0556657],[116.9669393,24.0519055],[116.9674459,24.0479921],[116.9690339,24.0441709],[116.97124,24.0412219],[116.9696245,24.0370929],[116.9699142,24.0334782],[116.9708198,24.0300586],[116.9746257,24.0294144],[116.977712,24.031114],[116.9772666,24.0271664],[116.9806764,24.026336],[116.9849002,24.0257597],[116.9935798,24.0204582],[116.996718,24.0214626]]}},{"type":"Feature","properties":{"name":"东湾溪","tier":3},"geometry":{"type":"LineString","coordinates":[[119.7231688,26.5201175],[119.7255971,26.5232176],[119.7289434,26.5250724],[119.7299651,26.528795],[119.7327635,26.5311001],[119.7369242,26.5297886],[119.7404628,26.5320942],[119.7382956,26.5356457],[119.7403769,26.5390628],[119.7435956,26.5410592],[119.7470932,26.5404834],[119.7502904,26.5444378],[119.7538309,26.5435164],[119.7559921,26.5467763],[119.759645,26.5462582]]}},{"type":"Feature","properties":{"name":"东溪","tier":2},"geometry":{"type":"LineString","coordinates":[[118.4527983,25.1025578],[118.4573517,25.1011313],[118.4613099,25.1013632],[118.4664094,25.1006874],[118.4693359,25.0979842],[118.4712316,25.0970652]]}},{"type":"Feature","properties":{"name":"东溪","tier":2},"geometry":{"type":"LineString","coordinates":[[118.4676521,25.1043188],[118.4696866,25.1001742],[118.4740075,25.0954417],[118.4781859,25.0953694],[118.490286,25.0975315],[118.4955103,25.0963181],[118.5028173,25.0891367],[118.5041091,25.0839692],[118.5088254,25.0824515],[118.5122416,25.0792879],[118.5138051,25.0746447],[118.5164207,25.0685889],[118.516781,25.0620181],[118.5137353,25.0563843],[118.5093047,25.0538878],[118.5006476,25.0531317],[118.4968475,25.053183],[118.493543,25.0517928],[118.4879747,25.0504447],[118.4848135,25.0466072],[118.4824297,25.0405976],[118.4809533,25.0373115],[118.4744442,25.033502],[118.4728522,25.0299615],[118.4702149,25.0241847],[118.4636469,25.0193786],[118.4542598,25.0140062],[118.4486945,25.0083174],[118.4461806,25.0052491],[118.4480551,24.9998233],[118.4458173,24.9957934],[118.4382772,24.994567],[118.4343089,24.9930853],[118.4357775,24.988747],[118.4413142,24.9886619],[118.4434162,24.9817551],[118.4469446,24.9796286],[118.450154,24.977604],[118.4555405,24.9769746],[118.4603494,24.9775748],[118.4652953,24.9748574]]}},{"type":"Feature","properties":{"name":"罗东溪","tier":3},"geometry":{"type":"LineString","coordinates":[[118.5210123,25.1919846],[118.5171895,25.1903809],[118.5150144,25.1868686],[118.5121657,25.1836544],[118.5098954,25.1799497],[118.5078929,25.1759011],[118.5064944,25.1722235],[118.502343,25.1702156],[118.4968296,25.1679891],[118.494084,25.165292],[118.4927807,25.1606597],[118.4916092,25.1571075],[118.4897934,25.1517459],[118.4868258,25.1490686],[118.4822372,25.1486309],[118.4776245,25.1485513],[118.4738245,25.1482597],[118.4676888,25.1451976],[118.4663905,25.1418027],[118.4673373,25.1372902],[118.4621608,25.1351426],[118.459093,25.1329353],[118.4609893,25.1296209],[118.4597885,25.1252989],[118.4591003,25.121275],[118.4603148,25.1167597],[118.4633072,25.1112877],[118.4651436,25.1066833],[118.4676521,25.1043188]]}},{"type":"Feature","properties":{"name":"九曲溪","tier":3},"geometry":{"type":"LineString","coordinates":[[117.9603157,27.6436184],[117.9641747,27.6438175],[117.9679448,27.6421402],[117.9695017,27.641293]]}},{"type":"Feature","properties":{"name":"渭田溪","tier":3},"geometry":{"type":"LineString","coordinates":[[118.773164,27.7598256],[118.7746175,27.7563934],[118.7765561,27.7533077],[118.7771286,27.7486444],[118.7784991,27.7451515],[118.7802946,27.74172],[118.7813865,27.7381601],[118.7841772,27.7353427],[118.7850298,27.7319117],[118.7835639,27.7283882],[118.7802396,27.7257551],[118.7775286,27.7231382],[118.7762283,27.71981],[118.7780131,27.7165142],[118.7815767,27.714755],[118.7811105,27.7108075],[118.7826614,27.7088916]]}},{"type":"Feature","properties":{"name":"西溪","tier":2},"geometry":{"type":"LineString","coordinates":[[117.7873375,27.872259],[117.7903461,27.8759297],[117.7925342,27.8793804],[117.7948218,27.8826992],[117.7972834,27.8859299],[117.8006899,27.8883254],[117.8029277,27.8917318],[117.8051656,27.8944789],[117.8071796,27.8975774],[117.8096412,27.9011593],[117.8120583,27.9042686],[117.8154575,27.9023597],[117.8187148,27.9010302],[117.8223327,27.9017224],[117.8255527,27.9001842],[117.8288473,27.8984262],[117.8314457,27.8956903],[117.8350262,27.8938443],[117.8381716,27.8915038],[117.8400365,27.8881963],[117.8419013,27.8850865],[117.843443,27.8816689],[117.8465884,27.879526],[117.8503057,27.8791963],[117.8536997,27.8769325],[117.8570813,27.8755148],[117.8596809,27.8728644],[117.8640211,27.8732817],[117.8664474,27.8763746],[117.8702803,27.877649],[117.8737967,27.8799181],[117.8774714,27.8790944],[117.8803373,27.8765922],[117.8843988,27.8774004],[117.8871202,27.8803087],[117.8909742,27.8807902],[117.8947018,27.877669],[117.8962904,27.8744615],[117.8982097,27.8706171],[117.9019256,27.8686284],[117.9058871,27.8691713],[117.9058269,27.8647643],[117.9094937,27.8647504],[117.910246,27.8611556],[117.9117632,27.8576852],[117.9147132,27.8557264],[117.9183497,27.8556093],[117.9203726,27.852128],[117.9242325,27.852179],[117.9249005,27.8519449]]}},{"type":"Feature","properties":{"name":"金造溪","tier":3},"geometry":{"type":"LineString","coordinates":[[119.1452864,26.90201],[119.1490608,26.9015671],[119.1526795,26.8999857],[119.1559183,26.8980333],[119.1587409,26.8959033],[119.1615816,26.8935312],[119.1654899,26.8952417],[119.1701219,26.8949351],[119.1735958,26.8953708],[119.1758214,26.8959194]]}},{"type":"Feature","properties":{"name":"古田溪","tier":3},"geometry":{"type":"LineString","coordinates":[[118.8096333,26.6109543],[118.7988907,26.59837],[118.7980464,26.5883482],[118.801013,26.579624],[118.7986667,26.5765729],[118.7954719,26.5722615],[118.798747,26.5684616],[118.7988326,26.5644943]]}},{"type":"Feature","properties":{"name":"金造溪","tier":3},"geometry":{"type":"LineString","coordinates":[[119.1758214,26.8959194],[119.1797197,26.8982574],[119.1862857,26.8973867],[119.1904163,26.898822],[119.1941213,26.898147],[119.1976501,26.8970891],[119.2012626,26.8955813],[119.2047033,26.8943694],[119.204672,26.897898],[119.2079663,26.899125],[119.2112203,26.8974672],[119.2153424,26.8977272],[119.2189724,26.8969282],[119.2214371,26.8934475]]}},{"type":"Feature","properties":{"name":"会甲溪","tier":3},"geometry":{"type":"LineString","coordinates":[[120.1271347,27.365877],[120.1318288,27.3640306],[120.1350258,27.3620295],[120.1379011,27.364545],[120.1427291,27.365212],[120.142123,27.3605716],[120.1466505,27.3601456],[120.1507114,27.3616103],[120.1513325,27.3653063],[120.1498692,27.3699598],[120.1474273,27.3735193],[120.1514999,27.373828],[120.1552047,27.3723491],[120.1604403,27.3710915],[120.1578976,27.3751979],[120.1596678,27.3783037],[120.1637877,27.3788277],[120.1669313,27.3812095],[120.1711262,27.3849344],[120.1696694,27.3881346],[120.1704073,27.3906493]]}},{"type":"Feature","properties":{"name":"船场溪","tier":3},"geometry":{"type":"LineString","coordinates":[[117.116427,24.7614462],[117.1164189,24.7586964]]}},{"type":"Feature","properties":{"name":"船场溪","tier":3},"geometry":{"type":"LineString","coordinates":[[117.1164189,24.7586964],[117.1192486,24.7565603],[117.1191655,24.7528263],[117.1154506,24.7506073],[117.1131707,24.747767],[117.1121657,24.7475085]]}},{"type":"Feature","properties":{"name":"适中溪","tier":3},"geometry":{"type":"LineString","coordinates":[[117.106525,24.8972076],[117.1052109,24.8937724],[117.1018846,24.8926132],[117.1021119,24.8889265],[117.0985162,24.8897774],[117.0993713,24.8862096],[117.0982311,24.8825482],[117.0978668,24.8789389],[117.0945234,24.8767879],[117.0926338,24.8737596],[117.0936812,24.8702286],[117.0934239,24.869469]]}},{"type":"Feature","properties":{"name":"适中溪","tier":3},"geometry":{"type":"LineString","coordinates":[[117.130931,24.7965602],[117.1290427,24.7935409],[117.1281254,24.7900345],[117.1271384,24.7862163],[117.1276265,24.7825343],[117.1294665,24.779237],[117.1256202,24.7798312],[117.1239143,24.7762221],[117.1256041,24.7715657],[117.1258563,24.7678638],[117.1223479,24.7679223],[117.1189791,24.7668994],[117.1160662,24.7647659],[117.116427,24.7614462]]}},{"type":"Feature","properties":{"name":"适中溪","tier":3},"geometry":{"type":"LineString","coordinates":[[117.0934239,24.869469],[117.0900051,24.8684587],[117.089564,24.8649856],[117.0880968,24.8616017],[117.0877616,24.8579731],[117.0844906,24.856177],[117.0851156,24.8527101],[117.0853368,24.8490094],[117.0829003,24.8459502],[117.0807918,24.8427237],[117.078976,24.8396946],[117.0801555,24.8361332],[117.0798738,24.8324844],[117.0834868,24.8319294],[117.087215,24.8319245],[117.0897135,24.8293783],[117.0887774,24.8267495]]}},{"type":"Feature","properties":{"name":"路兹溪","tier":3},"geometry":{"type":"LineString","coordinates":[[117.9619646,26.8481191],[117.962898,26.8444384],[117.9676348,26.8430552],[117.9664868,26.8393696],[117.9631019,26.8383788],[117.9637134,26.8347361],[117.9604411,26.832247],[117.9580218,26.8251],[117.9590785,26.8212559],[117.9555273,26.8196186],[117.9539582,26.8159012],[117.9488593,26.8153099],[117.9496479,26.8104408],[117.948626,26.8065435],[117.9453939,26.802694],[117.9451364,26.7991124],[117.9430529,26.7939533]]}},{"type":"Feature","properties":{"name":"路兹溪","tier":3},"geometry":{"type":"LineString","coordinates":[[118.0056256,26.8861771],[118.0020207,26.8837321],[117.9993117,26.8806699],[117.9973644,26.8770765],[117.9950416,26.881024],[117.9911685,26.8825216],[117.9875261,26.8825695],[117.983669,26.8834929],[117.9819524,26.8804211],[117.9808795,26.8767846],[117.9800856,26.8731145],[117.9788303,26.8695399],[117.9820168,26.8654532],[117.9850852,26.8613473],[117.9848438,26.8576766],[117.9815715,26.8534794],[117.9788196,26.8510194],[117.9745603,26.8514502],[117.9755098,26.847717],[117.9722214,26.8461041],[117.9689598,26.8479276],[117.9651618,26.848971],[117.9619646,26.8481191]]}},{"type":"Feature","properties":{"name":"金溪","tier":2},"geometry":{"type":"LineString","coordinates":[[117.567497,26.7866],[117.5683705,26.7868688]]}},{"type":"Feature","properties":{"name":"金溪","tier":2},"geometry":{"type":"LineString","coordinates":[[117.5683705,26.7868688],[117.5749555,26.7879792],[117.5794808,26.7912219],[117.5814372,26.7945499],[117.5844339,26.8012427],[117.5862636,26.8043328],[117.5899357,26.8066689],[117.5943717,26.8076485],[117.599831,26.8072903],[117.6037651,26.8064662],[117.6082216,26.8048739],[117.611726,26.8050123],[117.6159716,26.807877],[117.6209604,26.8089134],[117.6245035,26.8063419],[117.6280694,26.8060678],[117.6325219,26.8064588],[117.6356421,26.8083249],[117.6407077,26.8106195],[117.6458992,26.8146973],[117.6523781,26.8139772],[117.6567955,26.8120184],[117.6642421,26.8143751],[117.666275,26.8173298],[117.6687318,26.8214791],[117.6807446,26.8184657],[117.6858944,26.8193849],[117.6963498,26.8246234],[117.7016873,26.8247467],[117.7044021,26.8207335],[117.7065586,26.8178754],[117.7093041,26.8150763],[117.7118869,26.8073417],[117.7137029,26.8027839],[117.7156991,26.7998316],[117.7188534,26.7965564],[117.7221092,26.7941591],[117.7290028,26.7944878],[117.7331764,26.7960776],[117.737359,26.7986312],[117.7403969,26.801833],[117.7452892,26.8057496],[117.7506805,26.8067468],[117.7559322,26.8062093],[117.7667548,26.8009112],[117.7696652,26.7979354],[117.7739567,26.7982419],[117.7859686,26.7993031],[117.792937,26.7971951],[117.7973332,26.7948963]]}},{"type":"Feature","properties":{"name":"当溪","tier":3},"geometry":{"type":"LineString","coordinates":[[117.4042369,26.780455],[117.4080118,26.7791781],[117.4103047,26.776282],[117.4123469,26.7725103],[117.4137846,26.7689163],[117.4167779,26.7655592],[117.4182672,26.7623796],[117.4225876,26.7601677],[117.4264951,26.7593844],[117.425603,26.7558426],[117.4274978,26.7525904],[117.4309335,26.7506351],[117.4328946,26.7476197],[117.4370086,26.7462371],[117.4369643,26.7497924],[117.4394489,26.7523007],[117.4469186,26.7504342],[117.4483185,26.7452688],[117.4484571,26.74175],[117.4537873,26.7413013],[117.4560518,26.7381535],[117.4563559,26.7342068],[117.4594372,26.7358858],[117.4628613,26.7372782],[117.4659394,26.7393856],[117.468219,26.7405296]]}},{"type":"Feature","properties":{"name":"金溪","tier":2},"geometry":{"type":"LineString","coordinates":[[117.4313699,26.7002592],[117.4322835,26.700891]]}},{"type":"Feature","properties":{"name":"金溪","tier":2},"geometry":{"type":"LineString","coordinates":[[117.4322835,26.700891],[117.4372442,26.7031185],[117.4451354,26.7049993],[117.4551815,26.7002889],[117.4587361,26.7000177],[117.4614552,26.7032717],[117.4603314,26.7097967],[117.461018,26.7145502],[117.4637646,26.7199169],[117.4692577,26.7268166],[117.4749226,26.7332559],[117.4793858,26.7389283],[117.4798579,26.7432441],[117.4834186,26.7517038],[117.4917454,26.7539512],[117.4968952,26.7568636],[117.5022104,26.764747],[117.5065083,26.7669797]]}},{"type":"Feature","properties":{"name":"罗坊溪","tier":3},"geometry":{"type":"LineString","coordinates":[[117.0485492,25.9394377],[117.0485126,25.9431958],[117.0499764,25.9465393],[117.0513744,25.9502051],[117.0472756,25.9520412],[117.0500789,25.9545354],[117.054002,25.9561609],[117.0532042,25.9605503],[117.0504082,25.9632154],[117.0542142,25.9654593],[117.055034,25.9661503]]}},{"type":"Feature","properties":{"name":"罗坊溪","tier":3},"geometry":{"type":"LineString","coordinates":[[117.055034,25.9661503],[117.0532115,25.9691969],[117.0558317,25.9717961],[117.0525454,25.9734345],[117.0493909,25.9752571],[117.050174,25.9786786],[117.0529041,25.9762375],[117.0545363,25.9796326],[117.0514256,25.9830408],[117.0501594,25.9867054],[117.0502431,25.990156]]}},{"type":"Feature","properties":{"name":"九龙溪","tier":3},"geometry":{"type":"LineString","coordinates":[[117.1126168,26.0277983],[117.1136914,26.0277285]]}},{"type":"Feature","properties":{"name":"九龙溪","tier":3},"geometry":{"type":"LineString","coordinates":[[117.1136914,26.0277285],[117.1181566,26.0286688],[117.1230519,26.0287787],[117.1273278,26.0282505],[117.1309327,26.02719],[117.1340226,26.0253197],[117.1335076,26.021309],[117.1335076,26.0177609],[117.1390351,26.0170513],[117.142949,26.0148299],[117.1439103,26.0105565],[117.1408189,25.9975698],[117.142434,25.9935388],[117.1467694,25.994273],[117.1510309,25.9974496],[117.1558196,25.9973669],[117.1597474,25.9977216],[117.1644783,25.9982013],[117.1695216,25.9982247],[117.1720402,25.9935878],[117.1742936,25.9901139],[117.1782307,25.9901192],[117.1813959,25.9938558],[117.180885,25.998066],[117.1771096,26.0024877],[117.1800107,26.0063448],[117.1851777,26.0071162],[117.1994255,26.0088287],[117.2021206,26.0112507],[117.2039746,26.0144287],[117.2014855,26.0226973],[117.2020005,26.0264766],[117.2078885,26.0246255],[117.2153558,26.0279574],[117.2217657,26.0321407],[117.2258614,26.0362713],[117.2294848,26.0436394],[117.2344445,26.0470676],[117.2406243,26.0422865],[117.2474508,26.035997],[117.2536706,26.0339576],[117.2573189,26.0314071],[117.2669995,26.0296777],[117.2736197,26.030142],[117.2780864,26.0301506],[117.2819947,26.0293302],[117.2897195,26.0274792],[117.2965859,26.018378],[117.2977876,26.0146756],[117.2983274,25.9977018],[117.3020791,25.9923045],[117.3097587,25.9890832],[117.3103188,25.9847436],[117.3104905,25.979497],[117.3123895,25.9757741]]}},{"type":"Feature","properties":{"name":"小苔溪","tier":3},"geometry":{"type":"LineString","coordinates":[[117.1446158,25.9732742],[117.1481526,25.9735178],[117.149932,25.969851],[117.1524875,25.9727344],[117.1561268,25.9735638],[117.1579647,25.9766183],[117.1614942,25.9765985],[117.1624168,25.9800807],[117.1626584,25.983859],[117.165441,25.9862484],[117.167484,25.9895657],[117.1709841,25.9900528],[117.1742936,25.9901139]]}},{"type":"Feature","properties":{"name":"小苔溪","tier":3},"geometry":{"type":"LineString","coordinates":[[117.1385309,25.9511536],[117.1419431,25.9536292],[117.1403761,25.9569475],[117.1429536,25.9595217],[117.1425143,25.9631295],[117.1427413,25.9677905],[117.1448648,25.970799],[117.1446158,25.9732742]]}},{"type":"Feature","properties":{"name":"瀛洲河","tier":3},"geometry":{"type":"LineString","coordinates":[[119.3152101,26.0623889],[119.3120534,26.0600086],[119.3112061,26.0584156]]}},{"type":"Feature","properties":{"name":"闽江","tier":1},"geometry":{"type":"LineString","coordinates":[[119.4383315,25.9803904],[119.4485775,25.9794913],[119.4568083,25.9803778],[119.4744894,25.9916422],[119.4893647,26.0150386],[119.4924657,26.0186285],[119.5048735,26.0308276],[119.5058528,26.0505288],[119.5245636,26.0769966]]}},{"type":"Feature","properties":{"name":"乌龙江","tier":3},"geometry":{"type":"LineString","coordinates":[[119.2145154,26.1035366],[119.2169983,26.0969051],[119.2183617,26.089995],[119.2202589,26.0790972],[119.222321,26.0686883],[119.2268947,26.0455977],[119.2331128,26.0327377],[119.2360238,26.0274823],[119.2387512,26.0225843],[119.2412323,26.0176106],[119.2457812,26.0126222],[119.261851,25.9956145],[119.2749402,25.9880566],[119.2834947,25.9831169],[119.2924426,25.9805128],[119.2987863,25.98136],[119.3085956,25.9821316],[119.3210871,25.9807503],[119.3275757,25.9791697],[119.3397721,25.9783814],[119.3462584,25.9774458],[119.3570545,25.9765244],[119.3655787,25.9741723],[119.3703451,25.971286],[119.3893454,25.9618586]]}},{"type":"Feature","properties":{"name":"白龙江","tier":3},"geometry":{"type":"LineString","coordinates":[[119.2145154,26.1035366],[119.2218947,26.1038857],[119.2282676,26.1071421],[119.2336576,26.1078618],[119.2364783,26.1034457],[119.2400907,26.0970867],[119.2423981,26.0926777],[119.2435751,26.0889755],[119.2464138,26.0847143],[119.248337,26.0792476],[119.2514205,26.0767519],[119.2565339,26.0729073],[119.2620779,26.0667899],[119.2647886,26.0626236],[119.2676854,26.058672],[119.2729998,26.0575182],[119.2776418,26.0564166],[119.2812186,26.0549169],[119.2854839,26.0522557],[119.2901324,26.0491916],[119.2942405,26.0479371],[119.3008914,26.0479811],[119.3044853,26.0485707],[119.3075949,26.0517998],[119.3136617,26.0534903],[119.3192267,26.0543347],[119.3264884,26.0536217],[119.335313,26.052436],[119.3393483,26.0514086],[119.3437743,26.0500744],[119.3496966,26.0478189],[119.3547497,26.0452416],[119.3591365,26.0426954],[119.3629166,26.0399495],[119.3659711,26.0374589],[119.3722486,26.030795],[119.375081,26.0272859],[119.3805313,26.0217326],[119.3845651,26.0192769],[119.3886637,26.0169698],[119.3940485,26.0150756],[119.4013881,26.0136916],[119.4060611,26.0121221],[119.4142842,26.0094683],[119.419713,26.0062285],[119.4234455,26.0039938],[119.427309,26.00106],[119.4326542,25.9960207],[119.4350552,25.9932683],[119.4378932,25.9875897],[119.4383315,25.9803904]]}},{"type":"Feature","properties":{"name":"白马河","tier":3},"geometry":{"type":"LineString","coordinates":[[119.2840788,26.1040369],[119.2846826,26.1001503],[119.2833358,26.0961946],[119.2837293,26.092676],[119.2838478,26.0889574],[119.2851926,26.0853688],[119.2855289,26.0814684],[119.2855772,26.0778494],[119.286985,26.0729548],[119.2888345,26.0689433],[119.2902502,26.0650075],[119.2921684,26.0616724],[119.2935882,26.0582743],[119.2923563,26.0546658],[119.294011,26.0513422],[119.2956087,26.0500871]]}},{"type":"Feature","properties":{"name":"磨洋河","tier":3},"geometry":{"type":"LineString","coordinates":[[119.3603681,26.0962401],[119.3588201,26.0958668]]}},{"type":"Feature","properties":{"name":"磨洋河","tier":3},"geometry":{"type":"LineString","coordinates":[[119.3588201,26.0958668],[119.3593374,26.0922036],[119.3601688,26.0882056],[119.3608065,26.0846777],[119.3616716,26.0805763],[119.3626195,26.0756318],[119.3634933,26.070881],[119.3643541,26.0662234],[119.360542,26.0637439],[119.3584124,26.0600404],[119.3574328,26.0591944]]}},{"type":"Feature","properties":{"name":"磨洋河","tier":3},"geometry":{"type":"LineString","coordinates":[[119.372413,26.1091588],[119.3688386,26.1080058],[119.3657443,26.1056946],[119.3637636,26.1037917]]}},{"type":"Feature","properties":{"name":"汀江","tier":1},"geometry":{"type":"LineString","coordinates":[[116.5956113,24.6615663],[116.596704,24.6610095]]}},{"type":"Feature","properties":{"name":"古田溪","tier":3},"geometry":{"type":"LineString","coordinates":[[118.7988326,26.5644943],[118.7988183,26.5636396]]}},{"type":"Feature","properties":{"name":"古田溪","tier":3},"geometry":{"type":"LineString","coordinates":[[118.7988183,26.5636396],[118.8016114,26.5600278],[118.8044446,26.5574831],[118.807382,26.5543713],[118.8085954,26.5494142],[118.8094511,26.5459347],[118.8075612,26.5397433],[118.8026977,26.5394881],[118.8020416,26.5438646],[118.7958894,26.5458303],[118.7933145,26.5499765],[118.7896332,26.5533953],[118.7852968,26.5569356],[118.7792383,26.5575006],[118.7760242,26.5591008],[118.772091,26.5605132],[118.7680601,26.5604516],[118.7662457,26.5524803],[118.769736,26.5396521],[118.7686526,26.5337167],[118.7663236,26.5315635]]}},{"type":"Feature","properties":{"name":"古田溪","tier":3},"geometry":{"type":"LineString","coordinates":[[118.7663236,26.5315635],[118.7660636,26.5314974]]}},{"type":"Feature","properties":{"name":"罗家溪","tier":3},"geometry":{"type":"LineString","coordinates":[[117.1147456,25.4695891],[117.1156058,25.4657257],[117.1143158,25.4624555],[117.1142138,25.4582841],[117.1191764,25.4559352],[117.1241157,25.4518421],[117.1274824,25.4497497],[117.1301641,25.4467492],[117.1332784,25.4444905]]}},{"type":"Feature","properties":{"name":"万安溪","tier":3},"geometry":{"type":"LineString","coordinates":[[117.2264967,25.4045616],[117.2266216,25.4037035]]}},{"type":"Feature","properties":{"name":"万安溪","tier":3},"geometry":{"type":"LineString","coordinates":[[117.0583159,25.3976704],[117.0587739,25.3960429]]}},{"type":"Feature","properties":{"name":"万安溪","tier":3},"geometry":{"type":"LineString","coordinates":[[117.2266216,25.4037035],[117.2241266,25.4010414],[117.2231099,25.3963927],[117.2259925,25.3913679],[117.224896,25.3863431],[117.2262438,25.3802085],[117.2292963,25.376826],[117.2349584,25.3774145],[117.2370128,25.3737927],[117.2411216,25.3759205],[117.244579,25.3765996],[117.2472848,25.3790443],[117.2513435,25.3774145],[117.2559533,25.3742907],[117.2625174,25.372027],[117.2683298,25.3685861],[117.2753949,25.3652357],[117.2809568,25.3636963],[117.2822767,25.359093],[117.2836018,25.3553119],[117.287271,25.3576],[117.2907793,25.3577018],[117.2944719,25.3567011],[117.2940034,25.3517004],[117.2939765,25.3479239],[117.293483,25.3440212],[117.2894061,25.3412044],[117.2893221,25.3369989],[117.292412,25.3345165],[117.2984309,25.3313989],[117.30254,25.3314134],[117.3071748,25.3293964],[117.3081307,25.3291163]]}},{"type":"Feature","properties":{"name":"万安溪","tier":3},"geometry":{"type":"LineString","coordinates":[[117.0587739,25.3960429],[117.0598001,25.3915022],[117.0609442,25.3866365],[117.0645476,25.3862406],[117.067381,25.3915739],[117.071587,25.3960799],[117.0686669,25.3987034],[117.0669918,25.4023908],[117.0632721,25.4038456],[117.0609593,25.4069712],[117.0606994,25.4112915],[117.0653871,25.4130956],[117.0688628,25.4145277],[117.0705943,25.4190137],[117.0746448,25.4193182],[117.0810257,25.4180493],[117.0851755,25.4163888],[117.0889335,25.4188779],[117.0955978,25.4193305],[117.099907,25.4181991],[117.104567,25.4177465],[117.1084225,25.4164711],[117.1121833,25.4183349],[117.1090547,25.4209836],[117.1083751,25.4246254],[117.1115646,25.4275618],[117.1145383,25.4296938],[117.1171885,25.4273965],[117.1191482,25.4315944],[117.1217037,25.434219],[117.1249606,25.4367077],[117.1306227,25.436934],[117.131224,25.4421376],[117.1370374,25.4449339],[117.141496,25.443495],[117.1440365,25.4407187],[117.1508991,25.4412989],[117.1547303,25.4470227],[117.1556823,25.4510043],[117.1589894,25.4544429],[117.162998,25.4559359],[117.1674101,25.4502588],[117.1697095,25.4488904]]}},{"type":"Feature","properties":{"name":"尤溪","tier":2},"geometry":{"type":"LineString","coordinates":[[118.1992505,26.1725523],[118.1985456,26.1728726]]}},{"type":"Feature","properties":{"name":"尤溪","tier":2},"geometry":{"type":"LineString","coordinates":[[118.1985456,26.1728726],[118.1947127,26.1743964],[118.1942015,26.1780562],[118.1944381,26.1807421]]}},{"type":"Feature","properties":{"name":"黄坑溪","tier":3},"geometry":{"type":"LineString","coordinates":[[117.6631365,27.6016205],[117.6591647,27.5975512],[117.6569867,27.5938524],[117.6522503,27.5906617],[117.6520836,27.586873],[117.6505338,27.5835603],[117.6472221,27.5823418],[117.6498953,27.5797367],[117.651113,27.5761979],[117.6495516,27.5730079],[117.6462268,27.5709745],[117.6445255,27.5677051],[117.6453541,27.5635251],[117.6426852,27.5608721],[117.6445682,27.5575409],[117.6471863,27.5543512],[117.6471433,27.5508128],[117.6430449,27.5492338],[117.6436829,27.54532],[117.6428032,27.5412295],[117.6431166,27.5389365]]}},{"type":"Feature","properties":{"name":"凤坂河","tier":3},"geometry":{"type":"LineString","coordinates":[[119.3398712,26.0807181],[119.3397705,26.0771633],[119.3394147,26.067807],[119.3393393,26.0635243],[119.339366,26.0632309]]}},{"type":"Feature","properties":{"name":"淌洋河","tier":3},"geometry":{"type":"LineString","coordinates":[[119.3573745,26.0676618],[119.3535262,26.0677351],[119.3501089,26.0693849],[119.3475552,26.0692028]]}},{"type":"Feature","properties":{"name":"浦东河","tier":3},"geometry":{"type":"LineString","coordinates":[[119.3518236,26.0851427],[119.3519048,26.0808711],[119.3501146,26.076855],[119.34853,26.0736813],[119.3475552,26.0692028],[119.3468191,26.0656186],[119.3442572,26.0649956]]}},{"type":"Feature","properties":{"name":"新厝河","tier":3},"geometry":{"type":"LineString","coordinates":[[119.3557872,26.0759652],[119.3514532,26.076604],[119.3501146,26.076855]]}},{"type":"Feature","properties":{"name":"清溪","tier":3},"geometry":{"type":"LineString","coordinates":[[117.4811556,27.6967973],[117.4784391,27.6942859],[117.4745676,27.6955978],[117.4762767,27.6920318],[117.4762958,27.6877381],[117.479622,27.6854302],[117.4791215,27.6808615],[117.4743277,27.6805188],[117.4697835,27.6793126],[117.4660225,27.6771364],[117.4616796,27.6746674],[117.4566508,27.6742044],[117.4543298,27.6706312],[117.4524507,27.6671358],[117.4530529,27.6632177],[117.4497828,27.6652858],[117.446166,27.6659007],[117.4434339,27.6634772],[117.4431479,27.6670815],[117.4411288,27.6708393],[117.4376104,27.6712259],[117.4339211,27.6682217],[117.4294298,27.6670099],[117.4275901,27.663996],[117.4228228,27.6621023],[117.4187168,27.6624219],[117.4140171,27.6645896],[117.4080511,27.6667702],[117.4039662,27.6653436],[117.399978,27.6656535],[117.3954501,27.6670899],[117.3880926,27.6637851],[117.3850531,27.6618413],[117.3829701,27.6613775]]}},{"type":"Feature","properties":{"name":"高阳溪","tier":3},"geometry":{"type":"LineString","coordinates":[[118.1362867,27.0194129],[118.1376627,27.0160987],[118.1392372,27.0126888],[118.1427669,27.013334],[118.1461546,27.0121535],[118.1485981,27.0093194],[118.1501994,27.0061818],[118.1519347,27.0030488],[118.1543246,26.9991868],[118.1541532,26.9954871],[118.1542211,26.9906326],[118.1551718,26.9861503],[118.1580916,26.9834738],[118.1600138,26.9803877],[118.1587184,26.9768825],[118.1596613,26.9733403],[118.1586495,26.9697927],[118.1574753,26.9663108],[118.1604071,26.9634147],[118.162017,26.960025],[118.1611973,26.9559705],[118.1595653,26.9526727],[118.1624748,26.9504281],[118.1637006,26.9452805],[118.1633314,26.9416599],[118.1591223,26.940284],[118.1581846,26.9367628],[118.1556524,26.9326557],[118.1539387,26.9316368]]}},{"type":"Feature","properties":{"name":"高阳溪","tier":3},"geometry":{"type":"LineString","coordinates":[[118.1539387,26.9316368],[118.1542277,26.9281316],[118.1494041,26.9283364],[118.1449459,26.9280013],[118.1457449,26.9239347],[118.1486242,26.9216242],[118.1471772,26.918346],[118.1474947,26.9144422],[118.1427106,26.9126187],[118.1403186,26.9097945],[118.142116,26.906118],[118.1457121,26.9046239],[118.1477055,26.9009077],[118.1465615,26.8965767],[118.1434691,26.8934172],[118.140539,26.891245],[118.1383913,26.8877431],[118.1414026,26.8851298],[118.1438676,26.8821609],[118.1401848,26.8806007],[118.1430632,26.8784612],[118.1477266,26.876796],[118.1501321,26.8758351]]}},{"type":"Feature","properties":{"name":"高阳溪","tier":3},"geometry":{"type":"LineString","coordinates":[[118.1501321,26.8758351],[118.1470109,26.8724783],[118.143624,26.8751703],[118.1424138,26.8714054],[118.1463099,26.8695821],[118.1496968,26.8711355],[118.1502797,26.8676403],[118.1457343,26.8667583],[118.1477488,26.8630589],[118.1472027,26.8589447],[118.1486711,26.8552517],[118.1525745,26.8536388],[118.1562418,26.8536256],[118.1586916,26.8508739],[118.1615448,26.8535668],[118.1629849,26.8570766],[118.1671381,26.8574117],[118.1714271,26.856909],[118.1746724,26.8531106],[118.1777926,26.8504292],[118.1813615,26.8495261],[118.1853269,26.8478223],[118.1875287,26.8468727]]}},{"type":"Feature","properties":{"name":"大樟溪","tier":2},"geometry":{"type":"LineString","coordinates":[[118.3917006,25.6390996],[118.3958809,25.6398583],[118.3994077,25.6408034],[118.4020732,25.643341],[118.4059024,25.6449326],[118.4027369,25.6507967],[118.3985556,25.6521158],[118.3957069,25.654267],[118.398569,25.6582724],[118.4016854,25.662395],[118.4034923,25.6665612],[118.4066163,25.6682129],[118.4098394,25.6700547],[118.4081848,25.6734943],[118.4077663,25.677734],[118.4101574,25.6808191],[118.4135737,25.6832019],[118.4187814,25.6826647],[118.4223036,25.6836257],[118.4262053,25.6842226],[118.4273677,25.6894287],[118.4291251,25.6952921],[118.4314749,25.6985366],[118.4356875,25.6999281],[118.4393933,25.7016845],[118.4371366,25.7043852],[118.4304414,25.7090604],[118.4279307,25.7120766],[118.4293255,25.7177569],[118.4312655,25.7214921]]}},{"type":"Feature","properties":{"name":"曲江溪","tier":3},"geometry":{"type":"LineString","coordinates":[[117.0454161,24.6122066],[117.0459419,24.6159162],[117.0467184,24.6194531],[117.0437157,24.6217878],[117.0444345,24.625455],[117.0450193,24.6290392],[117.0437533,24.632755],[117.0447242,24.6362024],[117.0454216,24.6402885],[117.0468271,24.6443648],[117.0494449,24.6468465],[117.0500833,24.6507519],[117.0540261,24.6523901],[117.0531839,24.6560223],[117.0520198,24.6595861],[117.0530498,24.6634374],[117.0557642,24.6658652],[117.0592725,24.6660748],[117.0605814,24.6696871],[117.0601952,24.6743375],[117.0576846,24.6774085],[117.0549595,24.6798555],[117.0587361,24.6825754],[117.061547,24.6849248],[117.062974,24.6883269],[117.0648301,24.6916997],[117.06792,24.6942342],[117.0658386,24.6972559],[117.0639084,24.6999438]]}},{"type":"Feature","properties":{"name":"洋下河","tier":3},"geometry":{"type":"LineString","coordinates":[[119.328026,26.1281895],[119.3242273,26.1273814],[119.3209841,26.1253328],[119.3206384,26.1215278],[119.3207663,26.1188596]]}},{"type":"Feature","properties":{"name":"举溪","tier":3},"geometry":{"type":"LineString","coordinates":[[119.1800415,27.5137049],[119.1779494,27.5108645],[119.1752371,27.5083374],[119.1757715,27.5048171],[119.1774466,27.5013829],[119.1755021,27.4983125],[119.1738031,27.4951839],[119.177193,27.4932139],[119.1779843,27.4894819],[119.1806638,27.4871465],[119.1826084,27.4842174],[119.186157,27.4844387],[119.1882357,27.4813001],[119.1912183,27.479306],[119.1924146,27.4758151],[119.1953543,27.4729975],[119.1987124,27.4714912],[119.2007375,27.4686283],[119.2006516,27.4650704],[119.2041036,27.464285],[119.2055118,27.4595489],[119.20681,27.4559883],[119.2095029,27.4520849],[119.2111981,27.4484384],[119.2163587,27.449638],[119.2195451,27.4532464],[119.2196256,27.4494904],[119.2220342,27.4467341],[119.2244804,27.4495237],[119.2270231,27.4521705],[119.228155,27.4555456],[119.232865,27.4527799],[119.2377627,27.4525609],[119.2415982,27.4535177],[119.2424594,27.4498407],[119.2469251,27.4489382],[119.2453533,27.4456344],[119.2466623,27.4419448],[119.2491782,27.4389169],[119.2499667,27.4424114],[119.25421,27.4406689],[119.2553258,27.4441395],[119.2562646,27.4483431],[119.2597729,27.4492286],[119.2622979,27.446696],[119.2644936,27.4438253],[119.2660026,27.4401574],[119.2702067,27.4409974],[119.2674816,27.4375457],[119.2702979,27.4352938],[119.2729855,27.4377695],[119.2769658,27.4420876],[119.2792189,27.4378028],[119.2820728,27.435089],[119.2804742,27.4309944],[119.2796802,27.4257474],[119.2821768,27.4231123],[119.2836821,27.4262902],[119.287169,27.4252522],[119.2882526,27.4290613],[119.2923725,27.4289756],[119.2950225,27.4264997],[119.2984986,27.4241475],[119.302758,27.423738],[119.3047857,27.4208524],[119.3071353,27.4181477],[119.3076932,27.4143668],[119.3085837,27.4106333],[119.3106222,27.407376],[119.3135962,27.4094003],[119.3163299,27.411881],[119.3177225,27.4166926],[119.3215312,27.4185474],[119.325782,27.4194715],[119.3296122,27.4207858],[119.3324017,27.4180239],[119.3338072,27.4139858],[119.3382704,27.4124048],[119.339987,27.4088713],[119.3377551,27.4059535],[119.3414998,27.4032136],[119.3452227,27.4038328],[119.3487847,27.4024421],[119.3518639,27.3994988],[119.3554044,27.401842],[119.3596423,27.3994131],[119.358108,27.3945932],[119.3627214,27.3932215],[119.3670022,27.3932786],[119.3686984,27.3892053],[119.3700278,27.3878012]]}},{"type":"Feature","properties":{"name":"上清溪","tier":3},"geometry":{"type":"LineString","coordinates":[[117.1837459,27.0040236],[117.1850555,27.0017702]]}},{"type":"Feature","properties":{"name":"新桥河","tier":3},"geometry":{"type":"LineString","coordinates":[[117.4635297,25.5035834],[117.4619633,25.5004072],[117.463266,25.4970281],[117.4599161,25.4926452],[117.4590418,25.4855421],[117.4581674,25.4819013],[117.4573777,25.4783622],[117.4557137,25.4741101],[117.4522445,25.4730407],[117.4465473,25.4738555],[117.4452725,25.4693225],[117.4475652,25.4659563],[117.4508432,25.4637002],[117.449331,25.4598476],[117.4489873,25.4548466],[117.4468852,25.4513778],[117.4506369,25.4509117],[117.4546701,25.4513192],[117.4572165,25.4497421]]}},{"type":"Feature","properties":{"name":"沧溪","tier":3},"geometry":{"type":"LineString","coordinates":[[118.8210098,25.3025409],[118.8245846,25.30164],[118.8274984,25.2994589],[118.829191,25.2960745],[118.8329685,25.2955189],[118.8322312,25.2919681],[118.8357796,25.2893774],[118.8396065,25.2874015],[118.8434692,25.2863977],[118.8481346,25.2824928],[118.8521446,25.2836975],[118.856214,25.2836483],[118.8599409,25.2815636],[118.8629622,25.2793093],[118.8662821,25.2805864],[118.8668049,25.2764283],[118.8666242,25.2718682],[118.868212,25.268162],[118.869407,25.2639103],[118.8708662,25.260495],[118.8744281,25.2590201],[118.8778184,25.25739],[118.8809942,25.2543626],[118.8830112,25.2497048],[118.8872598,25.2490256],[118.8870263,25.2452588]]}},{"type":"Feature","properties":{"name":"永兴溪","tier":3},"geometry":{"type":"LineString","coordinates":[[118.3260262,27.9355739],[118.3296955,27.9338535],[118.3333486,27.9309625],[118.3369106,27.9302421],[118.3401024,27.9278012],[118.3439702,27.9289482],[118.3478272,27.9305027],[118.3524406,27.9293084],[118.3575482,27.9259284],[118.3632989,27.9271417],[118.3667622,27.9299703],[118.3726544,27.9301372],[118.3781905,27.925625],[118.3805165,27.9222446],[118.3845413,27.9189945],[118.3876976,27.9165618],[118.3896776,27.913409],[118.3878565,27.9101682],[118.3843459,27.907021],[118.3834946,27.9022664],[118.3810444,27.8995788],[118.3804497,27.8961252],[118.3838495,27.8914364],[118.3866515,27.8885801],[118.3909105,27.8873749],[118.3957486,27.8808199],[118.3971123,27.87547],[118.4011098,27.8728445],[118.4060787,27.8693602],[118.4115706,27.8669988],[118.4145407,27.8622923],[118.4182196,27.8599949],[118.4217325,27.8592205],[118.4256553,27.8583783],[118.428999,27.8540182],[118.4334288,27.8516697],[118.4337008,27.8478229],[118.4380775,27.8431668],[118.4426541,27.8399128],[118.4445338,27.8366452],[118.4484262,27.8327934],[118.4516765,27.8286305],[118.4540302,27.825277],[118.456476,27.8214721]]}},{"type":"Feature","properties":{"name":"永富溪","tier":3},"geometry":{"type":"LineString","coordinates":[[117.3062051,25.0636516],[117.3094797,25.0668828],[117.314198,25.0677431],[117.3172826,25.0658334],[117.3217457,25.0674419],[117.3226064,25.0709353],[117.3261792,25.0702794],[117.3295158,25.0713484],[117.3298216,25.0750897],[117.331919,25.07852],[117.330181,25.0820425],[117.3339629,25.0818287],[117.3385495,25.0835729],[117.3393005,25.0873431],[117.342959,25.0878046],[117.3455286,25.0903018],[117.3459846,25.0939405],[117.3484093,25.0966465],[117.3522272,25.0977698],[117.3538649,25.1013635],[117.3542833,25.1052885],[117.3540795,25.1063863]]}},{"type":"Feature","properties":{"name":"九龙江","tier":1},"geometry":{"type":"LineString","coordinates":[[117.5494845,25.1139988],[117.5543672,25.1070061],[117.5529939,25.1032754],[117.5527324,25.0969667],[117.5501237,25.0883979],[117.5430044,25.0819602],[117.5408421,25.0766186]]}},{"type":"Feature","properties":{"name":"南溪","tier":3},"geometry":{"type":"LineString","coordinates":[[116.9923031,24.5758362],[116.9886929,24.5783535],[116.9872928,24.5816463],[116.9851738,24.5845098],[116.9823253,24.586666],[116.9809735,24.5899927],[116.9788263,24.593058],[116.9751424,24.5956412],[116.972369,24.5982849],[116.9709152,24.6025966],[116.9708109,24.606621],[116.9691209,24.6085519]]}},{"type":"Feature","properties":{"name":"九溪","tier":3},"geometry":{"type":"LineString","coordinates":[[118.2669857,24.6301122],[118.2624576,24.6246068],[118.2601941,24.6213006],[118.2579529,24.6181856],[118.2592996,24.6134295],[118.2612161,24.6077236],[118.2633053,24.6047724],[118.2707554,24.6000001],[118.2742345,24.5965699],[118.2778517,24.5950628],[118.2812962,24.5957535],[118.2863896,24.5958791],[118.2888499,24.5931317],[118.2924585,24.5917659],[118.29241,24.5872772],[118.2899722,24.5845674],[118.2900578,24.5838171]]}},{"type":"Feature","properties":{"name":"三河","tier":3},"geometry":{"type":"LineString","coordinates":[[119.9911961,26.8797181],[119.9964104,26.8796754],[120.0004115,26.8796148],[120.0041269,26.8800046],[120.008833,26.8826495],[120.0135303,26.8833243],[120.0175371,26.8835256],[120.0215458,26.8826162],[120.0263001,26.8818678],[120.0323255,26.8808824],[120.0361049,26.8795331],[120.0394236,26.8783345],[120.0403283,26.8743723],[120.0425243,26.87097],[120.0449247,26.8675103],[120.0467526,26.8660592]]}},{"type":"Feature","properties":{"name":"中沙溪","tier":3},"geometry":{"type":"LineString","coordinates":[[116.6952538,26.3605348],[116.6967592,26.3564766],[116.6998297,26.3519258],[116.699127,26.3468496],[116.6974854,26.3432633],[116.6973745,26.339649],[116.6969705,26.33598],[116.6985959,26.3316819],[116.6961229,26.3285568],[116.6939342,26.3244796],[116.6936231,26.3205849],[116.6970992,26.3188251],[116.6985959,26.3149062],[116.6983998,26.3141443]]}},{"type":"Feature","properties":{"name":"中沙溪","tier":3},"geometry":{"type":"LineString","coordinates":[[116.6739428,26.3959453],[116.6759898,26.3922357],[116.6818392,26.387411],[116.6861307,26.3826439],[116.6876793,26.3794521],[116.6916007,26.3788177],[116.6952324,26.3775153],[116.6954523,26.3758188]]}},{"type":"Feature","properties":{"name":"路兹溪","tier":3},"geometry":{"type":"LineString","coordinates":[[117.9841948,26.9659936],[117.9864961,26.9631535],[117.9892454,26.9606433],[117.9916406,26.9578175],[117.9891166,26.9552211],[117.9894036,26.9515105],[117.9874027,26.9480867],[117.987113,26.9437254],[117.9875475,26.9396558],[117.9880142,26.9360116],[117.9897791,26.9329699],[117.9904497,26.9291582],[117.9928529,26.9294308]]}},{"type":"Feature","properties":{"name":"官田溪","tier":3},"geometry":{"type":"LineString","coordinates":[[118.6046058,28.04405],[118.602283,28.0410293],[118.6048043,28.0366354],[118.6057162,28.0324592],[118.6042678,28.0285385],[118.5979164,28.027904],[118.5935926,28.0271842],[118.5898912,28.0252143],[118.5867262,28.0276293],[118.5826278,28.0289552],[118.5767484,28.029798],[118.574034,28.0256973],[118.5706758,28.0241062],[118.566792,28.0255363],[118.5661161,28.0292109],[118.5630798,28.0328995],[118.5616422,28.0363513],[118.5619801,28.0400208],[118.557537,28.0404742],[118.5538999,28.0386702],[118.5516735,28.0375736]]}},{"type":"Feature","properties":{"name":"金溪","tier":2},"geometry":{"type":"LineString","coordinates":[[117.1267515,23.8976287],[117.1263117,23.8938522],[117.1230447,23.8925083],[117.1219772,23.8888346],[117.1164679,23.8880057],[117.1147352,23.8843907],[117.1140003,23.8800203],[117.1087217,23.8811092],[117.1089363,23.8774401],[117.1045803,23.8755172],[117.1011686,23.8721276],[117.0952892,23.8719461],[117.0912659,23.8714752],[117.0933838,23.8684425],[117.0978802,23.8680903],[117.1011686,23.8628412],[117.1051168,23.8605256],[117.1041727,23.855855],[117.1062326,23.8523618],[117.1040439,23.848476],[117.1012973,23.8460817],[117.1027938,23.8445433]]}},{"type":"Feature","properties":{"name":"小蓝溪","tier":3},"geometry":{"type":"LineString","coordinates":[[118.0490762,25.0186846],[118.0523382,25.0154566],[118.0558526,25.0178149],[118.0581385,25.0194912]]}},{"type":"Feature","properties":{"name":"棠口溪","tier":3},"geometry":{"type":"LineString","coordinates":[[119.0122962,26.9586542],[119.0156596,26.9596535],[119.0180898,26.9565886],[119.0209007,26.9537483],[119.0240228,26.9518739],[119.0274882,26.9512427],[119.0309214,26.9498464],[119.0342605,26.9483256],[119.0369173,26.9459036],[119.0377664,26.9417839],[119.0418327,26.9409518],[119.0439141,26.9380441],[119.0477443,26.9383215],[119.0509736,26.9407988],[119.0533447,26.9434481],[119.0561573,26.9457324],[119.0600181,26.94604],[119.06358,26.9453514],[119.0681076,26.9445862],[119.0717661,26.9441558],[119.0753817,26.9421856],[119.0762095,26.9456122],[119.0795493,26.9440651],[119.08198,26.9410953],[119.0808213,26.9374224],[119.0817976,26.9338452],[119.0848982,26.9315495],[119.0880525,26.9330704],[119.0893292,26.9297991],[119.0931487,26.9282399],[119.097687,26.9282973],[119.1007662,26.9256954],[119.1021668,26.9224187],[119.1014635,26.9179947],[119.0991139,26.915096],[119.0975582,26.9112597],[119.0995216,26.9079973],[119.1025901,26.9061221],[119.1058516,26.9046775],[119.1093424,26.9059068],[119.110577,26.9096611],[119.1147747,26.9098064],[119.1189724,26.9102258],[119.1222112,26.9121942],[119.1261737,26.9137431],[119.1302267,26.9127589],[119.1338997,26.912162],[119.1347502,26.9158082],[119.138387,26.9156469],[119.1392134,26.9120205],[119.1425629,26.910894],[119.1448453,26.9078052],[119.1450817,26.9036751],[119.1452864,26.90201]]}},{"type":"Feature","properties":{"name":"金造溪","tier":3},"geometry":{"type":"LineString","coordinates":[[119.1161267,26.8942831],[119.1189408,26.8965639],[119.1241658,26.8984871],[119.1288006,26.89798],[119.132402,26.8988578],[119.1362685,26.899663],[119.140302,26.900701],[119.1445735,26.9018414],[119.1452864,26.90201]]}},{"type":"Feature","properties":{"name":"湖前河","tier":3},"geometry":{"type":"LineString","coordinates":[[119.2937952,26.1235991],[119.2933451,26.120066],[119.2928027,26.1165138]]}},{"type":"Feature","properties":{"name":"湖前河","tier":3},"geometry":{"type":"LineString","coordinates":[[119.3015659,26.1112968],[119.3052176,26.1104935],[119.3055126,26.1105128]]}},{"type":"Feature","properties":{"name":"湖前河","tier":3},"geometry":{"type":"LineString","coordinates":[[119.3007066,26.1115448],[119.3015659,26.1112968]]}},{"type":"Feature","properties":{"name":"湖前河","tier":3},"geometry":{"type":"LineString","coordinates":[[119.2925893,26.1131098],[119.2930444,26.1130052]]}},{"type":"Feature","properties":{"name":"湖前河","tier":3},"geometry":{"type":"LineString","coordinates":[[119.2930444,26.1130052],[119.2967048,26.1119885],[119.298957,26.1120141]]}},{"type":"Feature","properties":{"name":"浦东河","tier":3},"geometry":{"type":"LineString","coordinates":[[119.3518061,26.0855496],[119.3518236,26.0851427]]}},{"type":"Feature","properties":{"name":"浦东河","tier":3},"geometry":{"type":"LineString","coordinates":[[119.3512944,26.0913307],[119.3516402,26.0872434],[119.3518061,26.0855496]]}},{"type":"Feature","properties":{"name":"福兴河","tier":3},"geometry":{"type":"LineString","coordinates":[[119.357816,26.084746],[119.3542177,26.0835811]]}},{"type":"Feature","properties":{"name":"西溪","tier":2},"geometry":{"type":"LineString","coordinates":[[119.4302361,27.3653563],[119.4343578,27.3654789],[119.4400012,27.3657838],[119.4437134,27.3630587],[119.4431448,27.3587994],[119.4464493,27.3571604],[119.4508803,27.3563791],[119.454571,27.3565601],[119.4598067,27.3539682],[119.4640124,27.3564648],[119.4667482,27.3612292],[119.4693231,27.3637257],[119.4727564,27.3626013],[119.4764471,27.3612864],[119.4812965,27.3598952],[119.484086,27.357513],[119.4841751,27.3561821]]}},{"type":"Feature","properties":{"name":"九龙江（南港）","tier":3},"geometry":{"type":"LineString","coordinates":[[117.7867407,24.4983114],[117.7856147,24.4946274],[117.785148,24.4902632],[117.7839732,24.483575],[117.7835655,24.4791615],[117.7871704,24.4737129],[117.7903225,24.4711113],[117.8000245,24.4642675],[117.807877,24.4593381],[117.8149366,24.4559005],[117.822361,24.4484584],[117.8245556,24.4456659],[117.8308582,24.437646],[117.835021,24.433651],[117.8417372,24.431463],[117.8458959,24.4308363],[117.8501272,24.4308964],[117.8635168,24.4322249],[117.8709411,24.4322249],[117.8791379,24.4304666],[117.8890943,24.4308573],[117.8981494,24.4316779],[117.9081916,24.4330063],[117.9219049,24.4340105],[117.9298208,24.4357415],[117.9368598,24.4395341],[117.9504202,24.4423053],[117.9639815,24.4396485],[117.9828642,24.4319906],[117.9934341,24.4289966],[118.0060385,24.4254262],[118.0314307,24.423503],[118.0685232,24.4226128],[118.0882643,24.414016],[118.1316667,24.3822222]]}},{"type":"Feature","properties":{"name":"畔溪","tier":3},"geometry":{"type":"LineString","coordinates":[[117.7998224,26.415044],[117.8032913,26.4164526],[117.8070024,26.4155491],[117.809453,26.4142575]]}},{"type":"Feature","properties":{"name":"周公源","tier":3},"geometry":{"type":"LineString","coordinates":[[118.7113989,28.2785034],[118.7076069,28.2779852],[118.7048609,28.2804199],[118.7038242,28.283932],[118.7068273,28.2860932],[118.7088926,28.2889275],[118.7088229,28.2924891],[118.7112744,28.2953893],[118.7147559,28.2965938],[118.7183769,28.2978644],[118.7206407,28.3007409],[118.723043,28.3033983],[118.7265999,28.3051122],[118.7279185,28.3085039],[118.7313229,28.3093714],[118.7348348,28.3100827],[118.7364459,28.3133101],[118.739841,28.314194],[118.7424361,28.3166435],[118.7454686,28.3207604],[118.7484504,28.3232388],[118.7505261,28.3196413],[118.753998,28.3206384],[118.7556342,28.3240132],[118.7586285,28.3264534],[118.7573994,28.3298258],[118.7609952,28.3308271],[118.7622897,28.3341879],[118.7667682,28.3426435],[118.7703751,28.3439345],[118.7748502,28.343609],[118.773001,28.349419],[118.7792513,28.3536014],[118.7833565,28.3546592],[118.7842441,28.3582556],[118.7844475,28.3632512],[118.7803613,28.3645458]]}},{"type":"Feature","properties":{"name":"牛溪","tier":3},"geometry":{"type":"LineString","coordinates":[[119.452554,26.3294222],[119.4534016,26.3253354],[119.4560301,26.3223351],[119.4591093,26.3255951],[119.4625425,26.3227294],[119.4658041,26.3202003],[119.4694304,26.318854],[119.4736254,26.3184981],[119.4725585,26.3138557],[119.4759361,26.3122515],[119.4785407,26.3094197],[119.4797338,26.3061207],[119.4835147,26.3032887],[119.4808177,26.3007428],[119.4806706,26.2972069],[119.4829098,26.2942122],[119.485342,26.2894705],[119.4822594,26.2867562],[119.4824716,26.2826215],[119.4840717,26.2768092],[119.4866154,26.2736454],[119.483128,26.2720635],[119.4795177,26.2711438],[119.4751688,26.2725785],[119.4720097,26.2702608],[119.4725223,26.2663815],[119.4689345,26.2651922],[119.4654864,26.2629762],[119.4625961,26.2595038],[119.4603432,26.25604],[119.4606006,26.2525375],[119.4619525,26.2491889],[119.4607508,26.2453784],[119.4619846,26.241789],[119.4644093,26.2391812],[119.4660021,26.2373296]]}},{"type":"Feature","properties":{"name":"湖前河","tier":3},"geometry":{"type":"LineString","coordinates":[[119.2928027,26.1165138],[119.2927063,26.1160616]]}},{"type":"Feature","properties":{"name":"湖前河","tier":3},"geometry":{"type":"LineString","coordinates":[[119.2927063,26.1160616],[119.2925893,26.1131098]]}},{"type":"Feature","properties":{"name":"湖前河","tier":3},"geometry":{"type":"LineString","coordinates":[[119.298957,26.1120141],[119.2995674,26.1115329]]}},{"type":"Feature","properties":{"name":"湖前河","tier":3},"geometry":{"type":"LineString","coordinates":[[119.2995674,26.1115329],[119.3007066,26.1115448]]}},{"type":"Feature","properties":{"name":"湖前河","tier":3},"geometry":{"type":"LineString","coordinates":[[119.3055126,26.1105128],[119.3056729,26.1105196]]}},{"type":"Feature","properties":{"name":"闽江","tier":1},"geometry":{"type":"LineString","coordinates":[[119.4166396,25.9644824],[119.4382953,25.963138],[119.4482516,25.9647585],[119.4521141,25.9672278],[119.4534015,25.9713946],[119.4568083,25.9803778]]}},{"type":"Feature","properties":{"name":"台屿河","tier":3},"geometry":{"type":"LineString","coordinates":[[119.2823806,26.0114983],[119.2822453,26.0079397],[119.2806692,26.0064001]]}},{"type":"Feature","properties":{"name":"上清溪","tier":3},"geometry":{"type":"LineString","coordinates":[[117.1994119,26.9698074],[117.2001046,26.9686309]]}},{"type":"Feature","properties":{"name":"上清溪","tier":3},"geometry":{"type":"LineString","coordinates":[[117.1850555,27.0017702],[117.188573,27.001035],[117.189125,26.997567],[117.189057,26.993785],[117.191714,26.991485],[117.193538,26.988494],[117.197039,26.988942],[117.2000404,26.9861205],[117.196513,26.985547],[117.197149,26.98198],[117.198157,26.978513],[117.197328,26.974907],[117.198724,26.971623],[117.1994119,26.9698074]]}},{"type":"Feature","properties":{"name":"九龙江（北港）","tier":3},"geometry":{"type":"LineString","coordinates":[[117.7867407,24.4983114],[117.7895613,24.4952779],[117.7922469,24.488236],[117.7943863,24.4847425],[117.7969353,24.4820084],[117.8007133,24.478791],[117.8036197,24.4767486],[117.8070536,24.4759108],[117.8115811,24.4756178],[117.815186,24.4771802],[117.8203788,24.4783324],[117.8253999,24.4794065],[117.8288975,24.4809102],[117.834611,24.4827436],[117.8391963,24.4837724],[117.8450992,24.4849029],[117.8489764,24.4857199],[117.8537854,24.4854809],[117.860641,24.4843419],[117.8643096,24.4835254],[117.870424,24.4819566],[117.8771239,24.4821786],[117.8829457,24.4825782],[117.8869298,24.4810242],[117.892963,24.4799586],[117.8991488,24.4780598],[117.90267,24.476292],[117.9059463,24.473664],[117.9097087,24.4693645],[117.9122374,24.4662743],[117.9160102,24.4617906],[117.9202589,24.4576889],[117.9254199,24.4552542],[117.929078,24.4535285],[117.9362582,24.4503532],[117.9397344,24.4485561],[117.9456138,24.4446493],[117.9504202,24.4423053]]}},{"type":"Feature","properties":{"name":"水茜溪","tier":3},"geometry":{"type":"LineString","coordinates":[[116.7462925,26.4705707],[116.7455227,26.4669353],[116.7418063,26.4639076],[116.7377055,26.4624369],[116.7344299,26.4597026],[116.7367852,26.4558299],[116.7333582,26.4513483],[116.7308124,26.4488586],[116.7314958,26.4443414],[116.729361,26.4414869],[116.729511,26.4377897],[116.726905,26.4327924],[116.7242217,26.4299311],[116.72226,26.4269838],[116.7241681,26.4238014],[116.7279417,26.4227421],[116.7314589,26.4212514],[116.7359765,26.4215722],[116.7386392,26.4227371]]}},{"type":"Feature","properties":{"name":"永丰溪","tier":3},"geometry":{"type":"LineString","coordinates":[[117.4387427,24.6092669],[117.4372596,24.6059104],[117.4350595,24.6028617],[117.4360502,24.5966869],[117.4375093,24.5937359]]}},{"type":"Feature","properties":{"name":"龙山溪","tier":3},"geometry":{"type":"LineString","coordinates":[[117.2630991,24.8434699],[117.2678625,24.8430312],[117.2683496,24.8382136],[117.27185,24.8388943],[117.2726001,24.834621],[117.275392,24.8298937],[117.2772672,24.8266791],[117.2804342,24.8249772],[117.2843699,24.8242888],[117.2877422,24.8195141],[117.2908491,24.8176468],[117.2902766,24.8141031],[117.2939618,24.8118938],[117.2964271,24.8075176],[117.2963191,24.8035353],[117.2994421,24.8009498],[117.3014107,24.7972207],[117.2999881,24.7963778]]}},{"type":"Feature","properties":{"name":"龙山溪","tier":3},"geometry":{"type":"LineString","coordinates":[[117.3019797,24.7903516],[117.3033349,24.7863586],[117.3018234,24.7818976],[117.3007483,24.7775905],[117.3022293,24.7709388],[117.3064606,24.769266],[117.3093322,24.7719922],[117.312197,24.7742356],[117.3158251,24.7735665],[117.3193793,24.771923],[117.3215674,24.7672729],[117.3238081,24.7640354],[117.3267607,24.7612098],[117.3299892,24.7591353],[117.3331926,24.7577144],[117.3359044,24.7551939],[117.33851,24.7520468],[117.3435588,24.7529885],[117.3474762,24.7532269]]}},{"type":"Feature","properties":{"name":"龙山溪","tier":3},"geometry":{"type":"LineString","coordinates":[[117.2999881,24.7963778],[117.2964978,24.7954422],[117.2987401,24.7921063],[117.3019797,24.7903516]]}},{"type":"Feature","properties":{"name":"龙山溪","tier":3},"geometry":{"type":"LineString","coordinates":[[117.3474762,24.7532269],[117.3474742,24.749252],[117.3463787,24.7455608],[117.3457285,24.7416211],[117.3458422,24.7378795],[117.3446724,24.7339262],[117.3409863,24.730343],[117.3385121,24.7266498],[117.3376822,24.7226181],[117.3421312,24.7214116],[117.3445492,24.7174105],[117.3458346,24.7115051],[117.3480797,24.7043072],[117.3510492,24.7015259],[117.3531816,24.6970676],[117.3534036,24.6920994],[117.3549056,24.6888387],[117.3536074,24.6851782],[117.3547138,24.6815543],[117.3585956,24.6806303],[117.3622266,24.6793873],[117.3611873,24.6760046],[117.3621214,24.6724161],[117.364119,24.6686507],[117.3657471,24.6652314],[117.3653591,24.6611373],[117.3695943,24.6610465],[117.3724526,24.658143],[117.3716016,24.6540042],[117.3707306,24.6502107],[117.3708904,24.648991]]}},{"type":"Feature","properties":{"name":"九龙江（中港）","tier":3},"geometry":{"type":"LineString","coordinates":[[117.8000245,24.4642675],[117.805068,24.4672046],[117.8086488,24.4676466],[117.8121082,24.4660998],[117.8156738,24.4627162],[117.8196491,24.4606584],[117.8242313,24.4637934],[117.8279639,24.4660815],[117.8318535,24.4657381],[117.835419,24.4642629],[117.8394048,24.4616157],[117.8421181,24.4592859],[117.8448121,24.4536856],[117.8497688,24.4503845],[117.8556053,24.449779],[117.8641026,24.453588],[117.8693597,24.4553459],[117.8730075,24.4552873],[117.8767626,24.4540958],[117.8800241,24.4511659],[117.8829057,24.4443219],[117.8850023,24.4368081],[117.8867683,24.4330832],[117.8890943,24.4308573]]}},{"type":"Feature","properties":{"name":"九龙江（中港）","tier":3},"geometry":{"type":"LineString","coordinates":[[117.8021142,24.4779018],[117.8027162,24.4734605],[117.8047948,24.469649],[117.805068,24.4672046]]}},{"type":"Feature","properties":{"name":"旧县河","tier":3},"geometry":{"type":"LineString","coordinates":[[116.3884021,25.1176759],[116.3876188,25.1129837],[116.3864601,25.106397],[116.3843573,25.101481],[116.3832629,25.0977697],[116.3826406,25.0938638],[116.3831342,25.0890639]]}},{"type":"Feature","properties":{"name":"旧县河","tier":3},"geometry":{"type":"LineString","coordinates":[[116.4468789,25.1719958],[116.4399755,25.1658201],[116.4356852,25.1638808],[116.4288605,25.1593625],[116.4281309,25.1554974],[116.4327765,25.1515838],[116.4333563,25.1506245]]}},{"type":"Feature","properties":{"name":"旧县河","tier":3},"geometry":{"type":"LineString","coordinates":[[116.5105424,25.2260468],[116.5074043,25.2222245],[116.5015392,25.2200549],[116.5004611,25.21591],[116.5005255,25.2121341],[116.4985816,25.208365],[116.4935946,25.2085911],[116.4894921,25.2070372],[116.490425,25.2000764],[116.48704,25.1968459],[116.4809801,25.1955545],[116.4755761,25.1875283],[116.4690559,25.1854021],[116.4661211,25.1829892],[116.4615372,25.1824253],[116.4577049,25.1802344],[116.4542574,25.1769618],[116.4498,25.1746536],[116.4468789,25.1719958]]}},{"type":"Feature","properties":{"name":"旧县河","tier":3},"geometry":{"type":"LineString","coordinates":[[116.52095,25.2443393],[116.5219164,25.2408092],[116.5198213,25.237175],[116.5171541,25.233024],[116.511491,25.2296954],[116.5105424,25.2260468]]}},{"type":"Feature","properties":{"name":"旧县河","tier":3},"geometry":{"type":"LineString","coordinates":[[116.5514834,25.2618817],[116.5466031,25.2613923],[116.5420836,25.2626134],[116.538071,25.2624315],[116.5345922,25.2614757],[116.5307269,25.2637825],[116.5312958,25.2598432],[116.5311163,25.2559059],[116.5283936,25.2521194],[116.5245654,25.2532103],[116.5197702,25.2527332],[116.5196944,25.2479165],[116.52095,25.2443393]]}},{"type":"Feature","properties":{"name":"旧县河","tier":3},"geometry":{"type":"LineString","coordinates":[[116.5645015,25.2756677],[116.564437,25.2717787],[116.560444,25.272225],[116.5571865,25.2704735],[116.5536211,25.2680517],[116.5524369,25.2641197],[116.5514834,25.2618817]]}},{"type":"Feature","properties":{"name":"古城河","tier":3},"geometry":{"type":"LineString","coordinates":[[116.1545473,25.875973],[116.157369,25.8783284],[116.1608559,25.8804086],[116.1596695,25.8839946],[116.1561612,25.884347],[116.1526539,25.8840536],[116.1506315,25.8870989],[116.1469406,25.8877734],[116.1455458,25.8898197]]}},{"type":"Feature","properties":{"name":"磨洋河","tier":3},"geometry":{"type":"LineString","coordinates":[[119.3630934,26.1033712],[119.3594082,26.1019706],[119.3596189,26.0978523],[119.3603681,26.0962401]]}},{"type":"Feature","properties":{"name":"磨洋河","tier":3},"geometry":{"type":"LineString","coordinates":[[119.3632906,26.1034827],[119.3630934,26.1033712]]}},{"type":"Feature","properties":{"name":"磨洋河","tier":3},"geometry":{"type":"LineString","coordinates":[[119.3635974,26.1036817],[119.3632906,26.1034827]]}},{"type":"Feature","properties":{"name":"磨洋河","tier":3},"geometry":{"type":"LineString","coordinates":[[119.3637636,26.1037917],[119.3635974,26.1036817]]}},{"type":"Feature","properties":{"name":"福兴河","tier":3},"geometry":{"type":"LineString","coordinates":[[119.3538088,26.0834761],[119.3519537,26.0833658]]}},{"type":"Feature","properties":{"name":"福兴河","tier":3},"geometry":{"type":"LineString","coordinates":[[119.3542177,26.0835811],[119.3538088,26.0834761]]}},{"type":"Feature","properties":{"name":"敖江","tier":3},"geometry":{"type":"LineString","coordinates":[[119.3109191,26.3700485],[119.3170567,26.3682965],[119.3193755,26.3645071],[119.321531,26.3598104],[119.326136,26.3597958],[119.3320473,26.3556549],[119.3312798,26.3517773],[119.3307573,26.3445631],[119.3315908,26.3390193],[119.3330781,26.335227],[119.3342526,26.3302192],[119.3380586,26.3265522],[119.3420046,26.3241756],[119.3436129,26.3202991],[119.3462958,26.3159516],[119.3503023,26.3126993],[119.352879,26.3080943],[119.3572376,26.2997209],[119.3608015,26.2965939],[119.3666091,26.2948938],[119.3667176,26.2867562],[119.3637646,26.2821421],[119.363877,26.2775083],[119.3687448,26.2731576],[119.3733537,26.2702699],[119.3767006,26.2673918],[119.3743093,26.2636448],[119.3713893,26.2603458],[119.3768528,26.2547587],[119.3833257,26.25447],[119.3879767,26.25419],[119.3897362,26.2510579],[119.389275,26.2450751],[119.3904332,26.2406414],[119.3947687,26.2383753],[119.3999746,26.2379913]]}},{"type":"Feature","properties":{"name":"敖江","tier":3},"geometry":{"type":"LineString","coordinates":[[119.2893429,26.4211004],[119.28527,26.4189711],[119.284306,26.4140911],[119.283803,26.4045368],[119.2901532,26.3955261],[119.2941562,26.3926726],[119.2989765,26.3889741],[119.3026022,26.387322],[119.3085543,26.3850315],[119.311153,26.3824406],[119.310189,26.3760381],[119.3109191,26.3700485]]}},{"type":"Feature","properties":{"name":"白龙江","tier":3},"geometry":{"type":"LineString","coordinates":[[119.3057942,26.0494961],[119.309477,26.0500716],[119.3136617,26.0534903]]}},{"type":"Feature","properties":{"name":"白龙江","tier":3},"geometry":{"type":"LineString","coordinates":[[119.2942405,26.0479371],[119.2979227,26.0454419],[119.3012945,26.0467905],[119.3044853,26.0485707]]}},{"type":"Feature","properties":{"name":"金丰溪","tier":3},"geometry":{"type":"LineString","coordinates":[[116.8378948,24.604113],[116.8369218,24.6027081]]}},{"type":"Feature","properties":{"name":"金丰溪","tier":3},"geometry":{"type":"LineString","coordinates":[[116.8368914,24.6026021],[116.8334843,24.5997875],[116.8294679,24.5998804],[116.826075,24.5963494],[116.8226923,24.5945188],[116.8230267,24.5902961],[116.8225772,24.5860882],[116.8188895,24.5849456],[116.8212798,24.5806539],[116.8158249,24.5801058],[116.8120963,24.5799479],[116.8106559,24.5767151],[116.8136081,24.5737237],[116.8158657,24.5707416],[116.8155695,24.5667188],[116.8118818,24.566375],[116.8074074,24.5661335],[116.8041794,24.5634763],[116.8025347,24.5600665],[116.7991433,24.5585521],[116.8029638,24.5558019],[116.8060897,24.554213],[116.8048945,24.5508309],[116.8045472,24.5465566],[116.8022487,24.5428211],[116.7981217,24.5425795],[116.7950163,24.5403772],[116.7914307,24.537608],[116.7881311,24.5349874],[116.7848316,24.5335748],[116.7813686,24.5316512]]}},{"type":"Feature","properties":{"name":"金丰溪","tier":3},"geometry":{"type":"LineString","coordinates":[[116.8383271,24.6046502],[116.8378948,24.604113]]}},{"type":"Feature","properties":{"name":"漳溪河","tier":3},"geometry":{"type":"LineString","coordinates":[[116.8369218,24.6027081],[116.8368914,24.6026021]]}},{"type":"Feature","properties":{"name":"龙山溪","tier":3},"geometry":{"type":"LineString","coordinates":[[117.2320229,24.9001246],[117.2350538,24.8977258],[117.2318298,24.8958378],[117.2311377,24.8920472],[117.2317332,24.8884463],[117.2323877,24.8850058],[117.2302043,24.8820811],[117.2293023,24.8784889],[117.2271672,24.8755932],[117.2296103,24.8729849],[117.2332988,24.8718312],[117.2353748,24.8685752],[117.2388509,24.8659226],[117.2418443,24.86309],[117.2459695,24.86144],[117.248185,24.8581545],[117.250937,24.8558084],[117.2523961,24.8525471],[117.2558615,24.8531458],[117.2573796,24.8498991],[117.2602496,24.8469735],[117.2626368,24.8439506],[117.2630991,24.8434699]]}},{"type":"Feature","properties":{"name":"龙江","tier":3},"geometry":{"type":"LineString","coordinates":[[119.3022404,25.701977],[119.3054564,25.6995045],[119.3092273,25.6995237],[119.3140906,25.6981154],[119.3193461,25.6952647],[119.3240673,25.6956249],[119.3281711,25.6978416],[119.3305423,25.7015242],[119.3338762,25.7026288],[119.338044,25.702014],[119.3409133,25.704333],[119.3441597,25.7057667],[119.3475698,25.7068114],[119.3502012,25.7096158],[119.3565574,25.7093728],[119.3591518,25.7122157],[119.362068,25.7159993],[119.3660115,25.719191],[119.3699545,25.7196998],[119.3712516,25.7194577]]}},{"type":"Feature","properties":{"name":"龙江","tier":3},"geometry":{"type":"LineString","coordinates":[[119.3019085,25.7023538],[119.3022404,25.701977]]}},{"type":"Feature","properties":{"name":"龙江","tier":3},"geometry":{"type":"LineString","coordinates":[[119.2859967,25.7033727],[119.2896748,25.703058],[119.292904,25.7013765],[119.2965342,25.7021319],[119.2998071,25.7037476],[119.3019085,25.7023538]]}},{"type":"Feature","properties":{"name":"沙溪","tier":2},"geometry":{"type":"LineString","coordinates":[[117.3895775,26.0186823],[117.394874,26.0206069],[117.4009342,26.02004],[117.4050369,26.0262127],[117.4103974,26.0276335],[117.4136967,26.0262773],[117.4181229,26.0260874],[117.4206254,26.0333689],[117.4224137,26.0370425],[117.4246453,26.0401272],[117.425332,26.0445999],[117.4184655,26.0499979],[117.4164056,26.0543932],[117.4225854,26.0555497],[117.4313401,26.0578629],[117.4351167,26.0590966],[117.4373483,26.0674237],[117.4352883,26.0728206]]}},{"type":"Feature","properties":{"name":"南溪","tier":3},"geometry":{"type":"LineString","coordinates":[[117.3722754,25.9142873],[117.3725,25.919301],[117.3700834,25.9230663],[117.3662942,25.9247076],[117.363841,25.9277716],[117.3625869,25.931439],[117.3634628,25.9351602],[117.3625361,25.9395419],[117.3631479,25.9442833],[117.3638772,25.9483212],[117.3592186,25.9500668],[117.3555892,25.9538007],[117.3529523,25.9574809],[117.3573695,25.9647024],[117.3535382,25.9677899],[117.3550364,25.9717043],[117.3548034,25.9766696],[117.3553752,25.9792824]]}},{"type":"Feature","properties":{"name":"富屯溪","tier":2},"geometry":{"type":"LineString","coordinates":[[117.982524,26.7735582],[117.9883864,26.772116],[117.9964862,26.7694264],[118.0009373,26.7667393],[118.003807,26.7536582],[118.0024337,26.7423145],[118.003807,26.7328095],[118.0032491,26.72821],[118.0038528,26.7234283],[118.0062145,26.7206836],[118.0131824,26.7169274],[118.0161709,26.7142436],[118.02019,26.7070189],[118.0206621,26.7021595]]}},{"type":"Feature","properties":{"name":"富屯溪","tier":2},"geometry":{"type":"LineString","coordinates":[[117.8899998,26.7937659],[117.8956646,26.7954838],[117.9087196,26.7959579],[117.9154087,26.7947055],[117.9236743,26.7941945],[117.9323258,26.7946524],[117.9369516,26.7956553],[117.9415312,26.7953334],[117.9434079,26.7917871],[117.9413265,26.7823053],[117.9466409,26.7771136],[117.9566864,26.7768045],[117.9699884,26.7741475],[117.982524,26.7735582]]}},{"type":"Feature","properties":{"name":"乌龙江","tier":3},"geometry":{"type":"LineString","coordinates":[[119.3893454,25.9618586],[119.4039366,25.9612413],[119.4166396,25.9644824],[119.4299746,25.9767593],[119.4383315,25.9803904]]}},{"type":"Feature","properties":{"name":"闽江","tier":1},"geometry":{"type":"LineString","coordinates":[[119.6001291,26.1345964],[119.6081113,26.1367539],[119.6115446,26.1436885],[119.6084547,26.1489856],[119.5994854,26.156401],[119.5993566,26.161293],[119.6015024,26.1728867],[119.6069955,26.1771232],[119.6304464,26.1813622]]}},{"type":"Feature","properties":{"name":"沙溪","tier":2},"geometry":{"type":"LineString","coordinates":[[117.6273774,26.2730989],[117.629478,26.2778067],[117.6322578,26.2821955],[117.6409499,26.286502],[117.6474618,26.2903375],[117.6502476,26.2938622],[117.6563882,26.2932617],[117.6597477,26.2920161],[117.6629816,26.2935477],[117.6646279,26.2971091],[117.6674617,26.3000337],[117.6677489,26.3049122],[117.6727298,26.3077983],[117.6775025,26.3103434],[117.6782857,26.3140461]]}},{"type":"Feature","properties":{"name":"沙溪","tier":2},"geometry":{"type":"LineString","coordinates":[[117.6782857,26.3140461],[117.682309,26.3166523],[117.6887494,26.3146273]]}},{"type":"Feature","properties":{"name":"沙溪","tier":2},"geometry":{"type":"LineString","coordinates":[[117.6887494,26.3146273],[117.6971608,26.3177961],[117.7054833,26.3189603],[117.7100784,26.3220995],[117.7140319,26.3251719],[117.7160382,26.328802],[117.7175062,26.3331627],[117.7205895,26.3360383],[117.7263755,26.3380953],[117.7293581,26.340302],[117.7339125,26.340927],[117.7405751,26.3410231],[117.748847,26.3495368],[117.7487612,26.355382],[117.7485703,26.3617274],[117.7482325,26.3642701]]}},{"type":"Feature","properties":{"name":"沙溪","tier":2},"geometry":{"type":"LineString","coordinates":[[117.8653039,26.4139473],[117.868944,26.4148247],[117.8732351,26.418557],[117.8795546,26.4209417],[117.8840112,26.4216977],[117.8862774,26.4219683]]}},{"type":"Feature","properties":{"name":"沙溪","tier":2},"geometry":{"type":"LineString","coordinates":[[117.8862774,26.4219683],[117.8904614,26.4228103],[117.8944543,26.4225451],[117.8991276,26.4227217],[117.9025263,26.425548],[117.9039323,26.4307477],[117.9031029,26.4346105],[117.8985357,26.4365792],[117.8967333,26.4375447]]}},{"type":"Feature","properties":{"name":"沙溪","tier":2},"geometry":{"type":"LineString","coordinates":[[117.7482325,26.3642701],[117.747712,26.3681872],[117.749257,26.3715708],[117.7512543,26.3747766]]}},{"type":"Feature","properties":{"name":"沙溪","tier":2},"geometry":{"type":"LineString","coordinates":[[117.7512543,26.3747766],[117.7540635,26.3778763],[117.7655648,26.3843353],[117.7748345,26.3887948],[117.7791261,26.3921778],[117.7926904,26.398669],[117.8000557,26.4035556]]}},{"type":"Feature","properties":{"name":"沙溪","tier":2},"geometry":{"type":"LineString","coordinates":[[117.8967333,26.4375447],[117.8936242,26.4421421],[117.8926467,26.4459179]]}},{"type":"Feature","properties":{"name":"沙溪","tier":2},"geometry":{"type":"LineString","coordinates":[[117.8000557,26.4035556],[117.8026437,26.40617],[117.8064202,26.4086299],[117.8098534,26.4093987],[117.8119134,26.40617],[117.8119134,26.3994047],[117.8145106,26.3956825],[117.825303,26.3855655],[117.8330277,26.3843353],[117.8373729,26.3866996],[117.8392075,26.3921778],[117.8373193,26.3989434],[117.835431,26.4038637],[117.8363621,26.4081105],[117.844529,26.4110899],[117.859131,26.4131173],[117.8653039,26.4139473]]}},{"type":"Feature","properties":{"name":"沙溪","tier":2},"geometry":{"type":"LineString","coordinates":[[118.0731117,26.5885499],[118.0828243,26.5872688],[118.0888602,26.584127]]}},{"type":"Feature","properties":{"name":"沙溪","tier":2},"geometry":{"type":"LineString","coordinates":[[118.0325841,26.5780887],[118.0431413,26.5773211],[118.0472611,26.5790099],[118.0560159,26.5826943],[118.0632256,26.5888347],[118.0699204,26.5891417],[118.0731117,26.5885499]]}},{"type":"Feature","properties":{"name":"畔溪","tier":3},"geometry":{"type":"LineString","coordinates":[[117.7853539,26.41464],[117.78862,26.4117756],[117.7924519,26.4133528],[117.7955535,26.4149916],[117.7986767,26.415203]]}},{"type":"Feature","properties":{"name":"瀛洲河","tier":3},"geometry":{"type":"LineString","coordinates":[[119.3105614,26.0539871],[119.3108562,26.0530019]]}},{"type":"Feature","properties":{"name":"瀛洲河","tier":3},"geometry":{"type":"LineString","coordinates":[[119.3104479,26.0544094],[119.3105614,26.0539871]]}},{"type":"Feature","properties":{"name":"瀛洲河","tier":3},"geometry":{"type":"LineString","coordinates":[[119.310751,26.0571925],[119.3104479,26.0544094]]}},{"type":"Feature","properties":{"name":"瀛洲河","tier":3},"geometry":{"type":"LineString","coordinates":[[119.3108958,26.0574287],[119.310751,26.0571925]]}},{"type":"Feature","properties":{"name":"瀛洲河","tier":3},"geometry":{"type":"LineString","coordinates":[[119.3111511,26.0582521],[119.3108958,26.0574287]]}},{"type":"Feature","properties":{"name":"瀛洲河","tier":3},"geometry":{"type":"LineString","coordinates":[[119.3112061,26.0584156],[119.3111511,26.0582521]]}},{"type":"Feature","properties":{"name":"朱坊河","tier":3},"geometry":{"type":"LineString","coordinates":[[117.7284598,27.1737907],[117.7247038,27.1689255],[117.7226439,27.1649547],[117.7208724,27.1602487],[117.7177498,27.1572935],[117.7143341,27.1540862],[117.7104559,27.1501393],[117.7095976,27.146626],[117.7080245,27.1427816],[117.7037611,27.1417379],[117.6996412,27.1351691],[117.6986113,27.1316554],[117.7011862,27.1267666],[117.6955214,27.1214192],[117.6901999,27.1200441],[117.6905432,27.1154604],[117.68608,27.1151548],[117.68505,27.1110293],[117.6782486,27.1089768],[117.6735679,27.1100528],[117.6697214,27.1100077],[117.6658678,27.1078208],[117.6638883,27.1041953],[117.6619757,27.102004]]}},{"type":"Feature","properties":{"name":"北溪","tier":3},"geometry":{"type":"LineString","coordinates":[[117.343932,27.5797721],[117.344888,27.5735342],[117.3454814,27.5682892],[117.3431402,27.5646533],[117.3390381,27.5606331],[117.3364359,27.5574695],[117.3356849,27.5534187],[117.3410131,27.5495404],[117.3440652,27.5467235],[117.3459103,27.545572]]}},{"type":"Feature","properties":{"name":"北溪","tier":3},"geometry":{"type":"LineString","coordinates":[[117.3572613,27.623668],[117.352507,27.6195095],[117.3501359,27.6167147],[117.3486982,27.6120469],[117.346016,27.6091377],[117.3463436,27.6042575],[117.3455275,27.600087],[117.3470811,27.5955384],[117.3457046,27.5913969],[117.3439541,27.5850526],[117.343723,27.581379],[117.343932,27.5797721]]}},{"type":"Feature","properties":{"name":"邱阳河","tier":3},"geometry":{"type":"LineString","coordinates":[[119.1596496,26.0788424],[119.1625915,26.0810869],[119.1678352,26.0810534],[119.1715912,26.0825941],[119.175688,26.0837415],[119.1792013,26.0854286],[119.1790253,26.0893382],[119.1775734,26.092815],[119.1798714,26.0956922],[119.1825389,26.0983219],[119.1849834,26.1014575],[119.1866159,26.1047653],[119.1890646,26.1067941]]}},{"type":"Feature","properties":{"name":"湖前河","tier":3},"geometry":{"type":"LineString","coordinates":[[119.3056729,26.1105196],[119.3058888,26.1105386]]}},{"type":"Feature","properties":{"name":"船场溪","tier":3},"geometry":{"type":"LineString","coordinates":[[117.1791566,24.728464],[117.1803378,24.7317802],[117.1811307,24.7355387]]}},{"type":"Feature","properties":{"name":"船场溪","tier":3},"geometry":{"type":"LineString","coordinates":[[117.1781695,24.7279663],[117.1791566,24.728464]]}},{"type":"Feature","properties":{"name":"坂场溪","tier":3},"geometry":{"type":"LineString","coordinates":[[117.2516674,24.9367827],[117.2491676,24.9332511],[117.2499669,24.9287855],[117.2481644,24.9255651],[117.2472149,24.9215516],[117.2468716,24.9175477],[117.244243,24.9148329],[117.2429395,24.9115586],[117.2393936,24.9124052],[117.2372854,24.9095006],[117.2356868,24.9062651],[117.23544,24.9027229],[117.232039,24.9009615],[117.2320229,24.9001246]]}},{"type":"Feature","properties":{"name":"船场溪","tier":3},"geometry":{"type":"LineString","coordinates":[[117.3302775,24.5436074],[117.3335552,24.5423216],[117.335403,24.5381951],[117.3386061,24.5365969],[117.3422625,24.5368283],[117.3503053,24.534984],[117.3562008,24.5339251],[117.3599076,24.5335884],[117.3630672,24.5316948],[117.3629308,24.5280182],[117.3591282,24.5255961],[117.3568003,24.5228511],[117.3563969,24.5189844],[117.3594442,24.5167399],[117.3644766,24.5169891],[117.3690057,24.5148474],[117.3724174,24.5106693],[117.3740832,24.5075656],[117.3771495,24.5048859],[117.3810496,24.5060055],[117.3851418,24.503289],[117.3906242,24.5024788],[117.3932636,24.4995303],[117.3942506,24.4987103]]}},{"type":"Feature","properties":{"name":"船场溪","tier":3},"geometry":{"type":"LineString","coordinates":[[117.3297318,24.5436757],[117.3302775,24.5436074]]}},{"type":"Feature","properties":{"name":"象溪","tier":3},"geometry":{"type":"LineString","coordinates":[[117.346394,24.5087092],[117.3485327,24.5122781],[117.3526633,24.5124636],[117.3558497,24.5139865],[117.3584211,24.5171901]]}},{"type":"Feature","properties":{"name":"长乐水","tier":3},"geometry":{"type":"LineString","coordinates":[[116.9530572,24.3975289],[116.9475778,24.3965788],[116.9437199,24.3968165],[116.9444063,24.3928475],[116.9410245,24.3918035],[116.9429368,24.3882749],[116.9429237,24.3846356],[116.9456381,24.3816258],[116.949715,24.382603],[116.9499618,24.3790656],[116.9542104,24.3748341],[116.9565278,24.3710228],[116.9535774,24.3684232],[116.9555944,24.3648658],[116.9556374,24.3608196],[116.9549078,24.3561672],[116.9509167,24.3537824],[116.9519681,24.3502636],[116.9481272,24.3475072],[116.9424623,24.3461387],[116.9401878,24.3410753],[116.9412393,24.3373021],[116.939351,24.334213],[116.9438404,24.3330222],[116.9474001,24.3330338],[116.9494616,24.3299362],[116.9463829,24.3269556],[116.9460052,24.3227027],[116.9503395,24.3189748],[116.9540655,24.3176679],[116.9574779,24.3164427],[116.9578043,24.3156388]]}},{"type":"Feature","properties":{"name":"长乐水","tier":3},"geometry":{"type":"LineString","coordinates":[[116.9578043,24.3156388],[116.9555257,24.3128503],[116.9532215,24.3092809],[116.9524783,24.3053194],[116.949932,24.301857],[116.9464344,24.3002954],[116.9433077,24.3021227],[116.9398543,24.3038936],[116.9363037,24.3038855],[116.9356413,24.300078],[116.9339536,24.2968849],[116.9303594,24.2972172],[116.9271954,24.2995361],[116.9241991,24.2972969],[116.9257446,24.2937021],[116.9214069,24.2941938],[116.9173899,24.2958085],[116.9142405,24.2922469],[116.9161068,24.2889244],[116.9198759,24.2888779],[116.9209403,24.2854889],[116.9223692,24.2820267],[116.9235138,24.2767634],[116.9266632,24.2740985],[116.9270278,24.2733342]]}},{"type":"Feature","properties":{"name":"漳江","tier":2},"geometry":{"type":"LineString","coordinates":[[117.2773471,24.0558391],[117.2779643,24.0551697]]}},{"type":"Feature","properties":{"name":"漳江","tier":2},"geometry":{"type":"LineString","coordinates":[[117.2803282,24.0614262],[117.2755393,24.0597701],[117.2773471,24.0558391]]}},{"type":"Feature","properties":{"name":"漳江","tier":2},"geometry":{"type":"LineString","coordinates":[[117.2714973,24.037166],[117.2710524,24.0369419]]}},{"type":"Feature","properties":{"name":"漳江","tier":2},"geometry":{"type":"LineString","coordinates":[[117.2779643,24.0551697],[117.2813475,24.0507394],[117.2776565,24.0427722],[117.2771609,24.0392462],[117.2736802,24.038418],[117.2714973,24.037166]]}},{"type":"Feature","properties":{"name":"岭下溪","tier":3},"geometry":{"type":"LineString","coordinates":[[116.996718,24.0214626],[116.9974208,24.0215214]]}},{"type":"Feature","properties":{"name":"永定河","tier":3},"geometry":{"type":"LineString","coordinates":[[116.6588134,24.700877],[116.6557629,24.7042589],[116.6545827,24.7076118],[116.64939,24.7067736],[116.645313,24.703986],[116.6393049,24.7013738],[116.6381774,24.6976983],[116.636142,24.6943778],[116.6309572,24.692304],[116.6259918,24.6937945],[116.6245468,24.6904667],[116.6294298,24.6888673],[116.6261299,24.6861594],[116.6224909,24.6843399],[116.6244562,24.6783684],[116.6233189,24.6731039],[116.6200359,24.6667277],[116.6172781,24.6640282],[116.6117935,24.663636],[116.6092253,24.6604876],[116.6044256,24.6588337],[116.6015799,24.6562533],[116.5991458,24.6556815]]}},{"type":"Feature","properties":{"name":"黄潭河","tier":3},"geometry":{"type":"LineString","coordinates":[[116.6418135,24.9937209],[116.6389171,24.9915566],[116.6361312,24.9876589],[116.6324562,24.9841792],[116.6278807,24.984075],[116.6243628,24.9823035],[116.6202741,24.9801005],[116.6161246,24.979075],[116.612629,24.9819985],[116.610982,24.978436],[116.60544,24.9771347],[116.6005361,24.978987],[116.5987891,24.9757504],[116.5948141,24.9730126],[116.5939021,24.9695502],[116.5918823,24.9667082]]}},{"type":"Feature","properties":{"name":"黄潭河","tier":3},"geometry":{"type":"LineString","coordinates":[[116.6418711,24.9940871],[116.6418135,24.9937209]]}},{"type":"Feature","properties":{"name":"黄潭河","tier":3},"geometry":{"type":"LineString","coordinates":[[116.5918225,24.9665146],[116.5880925,24.9620998],[116.5830553,24.9637777],[116.5792251,24.9642932],[116.5789103,24.9607663],[116.579547,24.9568228],[116.5793449,24.9559709]]}},{"type":"Feature","properties":{"name":"黄潭河","tier":3},"geometry":{"type":"LineString","coordinates":[[116.5918823,24.9667082],[116.5918225,24.9665146]]}},{"type":"Feature","properties":{"name":"中赤溪","tier":3},"geometry":{"type":"LineString","coordinates":[[116.12869,24.9165217],[116.1282885,24.9164287]]}},{"type":"Feature","properties":{"name":"中赤溪","tier":3},"geometry":{"type":"LineString","coordinates":[[116.1495423,24.9315778],[116.1445212,24.9286736],[116.1372355,24.9298174],[116.1335555,24.9277548],[116.1326757,24.9233424],[116.1321232,24.9192316],[116.1310941,24.9157135],[116.12869,24.9165217]]}},{"type":"Feature","properties":{"name":"石窑河","tier":3},"geometry":{"type":"LineString","coordinates":[[116.0715383,24.9104518],[116.075593,24.909939],[116.0776207,24.9058716],[116.0810709,24.9084983],[116.083763,24.9045043],[116.0866973,24.9017454],[116.089063,24.9060807],[116.0936388,24.905818],[116.0963104,24.904913]]}},{"type":"Feature","properties":{"name":"石窑河","tier":3},"geometry":{"type":"LineString","coordinates":[[116.0710368,24.9103082],[116.0715383,24.9104518]]}},{"type":"Feature","properties":{"name":"石窑河","tier":3},"geometry":{"type":"LineString","coordinates":[[116.0889929,24.8792399],[116.0891685,24.8787497]]}},{"type":"Feature","properties":{"name":"石窑河","tier":3},"geometry":{"type":"LineString","coordinates":[[116.0963104,24.904913],[116.1003927,24.9020326],[116.101251,24.8979842],[116.0962996,24.894111],[116.091123,24.892223],[116.0895565,24.8883982],[116.0883182,24.8839109],[116.0889929,24.8792399]]}},{"type":"Feature","properties":{"name":"中赤溪","tier":3},"geometry":{"type":"LineString","coordinates":[[116.1495745,24.9318842],[116.1495423,24.9315778]]}},{"type":"Feature","properties":{"name":"中赤溪","tier":3},"geometry":{"type":"LineString","coordinates":[[116.1791834,24.9491374],[116.1750448,24.9498767],[116.1690581,24.951044],[116.1653513,24.9509467],[116.1652332,24.9467492],[116.166982,24.9423765],[116.169911,24.9395553],[116.1673093,24.9370599],[116.1630607,24.9368848],[116.1604965,24.9339711],[116.1585116,24.9310427],[116.1540699,24.932716],[116.1504596,24.9329301],[116.1495745,24.9318842]]}},{"type":"Feature","properties":{"name":"中赤溪","tier":3},"geometry":{"type":"LineString","coordinates":[[116.2058848,24.937308],[116.2055254,24.9375172]]}},{"type":"Feature","properties":{"name":"中赤溪","tier":3},"geometry":{"type":"LineString","coordinates":[[116.226806,24.9284741],[116.2252074,24.9325458],[116.2215865,24.9344137],[116.2199557,24.9310621],[116.2165493,24.9320837],[116.2118018,24.9326382],[116.210407,24.9362379],[116.2066358,24.9369724],[116.2058848,24.937308]]}},{"type":"Feature","properties":{"name":"中赤溪","tier":3},"geometry":{"type":"LineString","coordinates":[[116.1974198,24.9477269],[116.1973286,24.9479409]]}},{"type":"Feature","properties":{"name":"中赤溪","tier":3},"geometry":{"type":"LineString","coordinates":[[116.2055254,24.9375172],[116.2035888,24.9404941],[116.2006277,24.9424446],[116.1985409,24.9462094],[116.1974198,24.9477269]]}},{"type":"Feature","properties":{"name":"中赤溪","tier":3},"geometry":{"type":"LineString","coordinates":[[116.1973286,24.9479409],[116.1935413,24.9496919],[116.191138,24.9533202],[116.1878765,24.9551879],[116.1842072,24.9555089],[116.1824155,24.9522794],[116.1798996,24.9495022],[116.1794704,24.9492274]]}},{"type":"Feature","properties":{"name":"中赤溪","tier":3},"geometry":{"type":"LineString","coordinates":[[116.1794704,24.9492274],[116.1791834,24.9491374]]}},{"type":"Feature","properties":{"name":"石窑河","tier":3},"geometry":{"type":"LineString","coordinates":[[116.051175,24.9392537],[116.0489801,24.9361266],[116.0450533,24.9351148],[116.0415029,24.9340976],[116.0370183,24.9340003],[116.0349897,24.9311065],[116.0389709,24.9290774],[116.0434011,24.929433],[116.0470838,24.9284991],[116.0506324,24.9295887],[116.0548067,24.9296028],[116.0548595,24.9246072],[116.056619,24.9196256],[116.0578206,24.9149551],[116.0612225,24.9185304],[116.0655454,24.9146438],[116.067777,24.9112186],[116.0710368,24.9103082]]}},{"type":"Feature","properties":{"name":"石窑河","tier":3},"geometry":{"type":"LineString","coordinates":[[116.0516462,24.9397942],[116.051175,24.9392537]]}},{"type":"Feature","properties":{"name":"九龙江","tier":1},"geometry":{"type":"LineString","coordinates":[[117.3238456,25.334887],[117.3244411,25.3346397]]}},{"type":"Feature","properties":{"name":"九龙江","tier":1},"geometry":{"type":"LineString","coordinates":[[117.3081307,25.3291163],[117.3140283,25.3313303],[117.3167444,25.334498],[117.3219758,25.3358388],[117.3238456,25.334887]]}},{"type":"Feature","properties":{"name":"九龙江","tier":1},"geometry":{"type":"LineString","coordinates":[[117.3680058,25.2846493],[117.3687773,25.2847758]]}},{"type":"Feature","properties":{"name":"九龙江","tier":1},"geometry":{"type":"LineString","coordinates":[[117.3635798,25.3331881],[117.3645097,25.3278448],[117.365132,25.3238881],[117.366398,25.3171382],[117.3672563,25.3137243],[117.3664839,25.3100581],[117.363866,25.3061203],[117.3599178,25.3023957],[117.3586732,25.2989815],[117.3580296,25.2954119],[117.354768,25.2915706],[117.3545319,25.287962],[117.3583729,25.2868755],[117.365883,25.2849208],[117.3680058,25.2846493]]}},{"type":"Feature","properties":{"name":"溪南溪","tier":3},"geometry":{"type":"LineString","coordinates":[[117.5373008,25.3118387],[117.5353271,25.3089448],[117.5324877,25.3043541],[117.5303205,25.3000281],[117.5265439,25.2985925],[117.5248702,25.2952169],[117.5245483,25.2899011],[117.5210293,25.2874566],[117.5235629,25.2843408],[117.5219018,25.2797549]]}},{"type":"Feature","properties":{"name":"溪南溪","tier":3},"geometry":{"type":"LineString","coordinates":[[117.5374943,25.3124558],[117.5373008,25.3118387]]}},{"type":"Feature","properties":{"name":"九龙江","tier":1},"geometry":{"type":"LineString","coordinates":[[117.5219018,25.2797549],[117.5221378,25.2787848]]}},{"type":"Feature","properties":{"name":"溪南溪","tier":3},"geometry":{"type":"LineString","coordinates":[[117.6623773,25.4410611],[117.6594275,25.4390117],[117.6593256,25.4350926],[117.6557529,25.4340171],[117.6554525,25.4375633],[117.6515311,25.4375972],[117.6478189,25.4384062],[117.6441818,25.4382512],[117.641269,25.4360857],[117.6415533,25.4320599],[117.6402497,25.4282811],[117.6367146,25.427036],[117.6355934,25.4232037],[117.6324606,25.4208878],[117.6319188,25.4172055],[117.6281959,25.4174236],[117.6246661,25.4184362],[117.6205409,25.4166968],[117.6179713,25.4142063],[117.6137173,25.4136249],[117.6117861,25.4136976]]}},{"type":"Feature","properties":{"name":"溪南溪","tier":3},"geometry":{"type":"LineString","coordinates":[[117.6117861,25.4136976],[117.6133257,25.4168422],[117.6093614,25.4184217],[117.6056921,25.4196329],[117.6026827,25.4170747],[117.5981659,25.4133003],[117.5940514,25.4129466],[117.5893897,25.4104027],[117.5888103,25.4063179],[117.5851303,25.4042925],[117.5815737,25.4034881],[117.5784516,25.4011912],[117.5759947,25.3983709],[117.5736397,25.3948478],[117.5733608,25.3905977],[117.5720358,25.3869048],[117.5727975,25.382417],[117.5705123,25.3791988],[117.56805,25.3759176],[117.5705874,25.373276],[117.5736022,25.371376],[117.5748789,25.3688749]]}},{"type":"Feature","properties":{"name":"溪南溪","tier":3},"geometry":{"type":"LineString","coordinates":[[117.6689815,25.4515965],[117.6685148,25.4475955],[117.6666588,25.4444324],[117.6640999,25.4413224],[117.6623773,25.4410611]]}},{"type":"Feature","properties":{"name":"溪南溪","tier":3},"geometry":{"type":"LineString","coordinates":[[117.6690298,25.4521003],[117.6689815,25.4515965]]}},{"type":"Feature","properties":{"name":"双洋溪","tier":3},"geometry":{"type":"LineString","coordinates":[[117.3463225,25.4549387],[117.3460436,25.4546384]]}},{"type":"Feature","properties":{"name":"双洋溪","tier":3},"geometry":{"type":"LineString","coordinates":[[117.3397036,25.497158],[117.340137,25.493058],[117.3457809,25.4902318],[117.344751,25.4858809],[117.3453033,25.4814984],[117.3478777,25.4786496],[117.351421,25.4774316],[117.3574559,25.4758955],[117.3539822,25.4745497],[117.3501091,25.4727079],[117.3521664,25.4665788],[117.3508069,25.4627105],[117.3476095,25.4607725],[117.3470012,25.4559284],[117.3463225,25.4549387]]}},{"type":"Feature","properties":{"name":"双洋溪","tier":3},"geometry":{"type":"LineString","coordinates":[[117.3770839,25.3749219],[117.3772056,25.3701739],[117.3776789,25.3663269]]}},{"type":"Feature","properties":{"name":"双洋溪","tier":3},"geometry":{"type":"LineString","coordinates":[[117.3771626,25.3756946],[117.3770839,25.3749219]]}},{"type":"Feature","properties":{"name":"双洋溪","tier":3},"geometry":{"type":"LineString","coordinates":[[117.3713422,25.5326253],[117.3708486,25.532635]]}},{"type":"Feature","properties":{"name":"双洋溪","tier":3},"geometry":{"type":"LineString","coordinates":[[117.3702156,25.5084008],[117.370044,25.5079651]]}},{"type":"Feature","properties":{"name":"双洋溪","tier":3},"geometry":{"type":"LineString","coordinates":[[117.3708486,25.532635],[117.3739171,25.5297887],[117.3773503,25.5278331],[117.3794961,25.5242509],[117.3796408,25.5205749],[117.3748827,25.5193906],[117.3711812,25.5174154],[117.3693788,25.5134553],[117.3680645,25.5098872],[117.3702156,25.5084008]]}},{"type":"Feature","properties":{"name":"双洋溪","tier":3},"geometry":{"type":"LineString","coordinates":[[117.3603076,25.609207],[117.3581994,25.6061062],[117.3549968,25.6043743],[117.3541224,25.6002865],[117.3511076,25.5978482],[117.3502064,25.5942391],[117.3487043,25.5910169],[117.3500133,25.5866092],[117.3502546,25.5830917],[117.3462367,25.5827046],[117.3487097,25.5802079],[117.3520517,25.5783789],[117.3556888,25.5777789],[117.3592025,25.5772128],[117.3618096,25.5740531],[117.3633277,25.5701432],[117.3655647,25.5667074],[117.3644435,25.5623908],[117.3646688,25.5577837],[117.3669326,25.5546961],[117.3697436,25.5501758],[117.373842,25.5481237],[117.374872,25.543303],[117.3751402,25.5391695],[117.374078,25.5352391],[117.3713422,25.5326253]]}},{"type":"Feature","properties":{"name":"东溪","tier":2},"geometry":{"type":"LineString","coordinates":[[116.7996025,26.3454122],[116.7993075,26.345393]]}},{"type":"Feature","properties":{"name":"东溪","tier":2},"geometry":{"type":"LineString","coordinates":[[116.8189466,26.3578815],[116.8144834,26.35767],[116.8096393,26.354834],[116.8068981,26.3522671],[116.8037224,26.3506039],[116.8012977,26.3470851],[116.7996025,26.3454122]]}},{"type":"Feature","properties":{"name":"东溪","tier":2},"geometry":{"type":"LineString","coordinates":[[116.8562824,26.394796],[116.853252,26.3966268],[116.8496901,26.3955937],[116.8490018,26.3917754],[116.8450435,26.389335],[116.8415201,26.3909086],[116.8374002,26.3914612],[116.8336397,26.3921003],[116.8313706,26.3892652],[116.8322074,26.3868096]]}},{"type":"Feature","properties":{"name":"东溪","tier":2},"geometry":{"type":"LineString","coordinates":[[116.8805339,26.4024939],[116.879206,26.3991238],[116.8778338,26.3952382],[116.8754878,26.3906784],[116.8707073,26.389251],[116.867653,26.3919869],[116.8632266,26.3921455],[116.8581927,26.3934026],[116.8562824,26.394796]]}},{"type":"Feature","properties":{"name":"水茜溪","tier":3},"geometry":{"type":"LineString","coordinates":[[116.7386392,26.4227371],[116.7360378,26.4177809],[116.7343841,26.414057],[116.736211,26.4106789],[116.7395586,26.4119589],[116.7434555,26.4126815],[116.7429542,26.408812],[116.7419197,26.4052559],[116.7453468,26.403767],[116.7428653,26.4001822],[116.7392099,26.399481],[116.7379975,26.3956082],[116.7375737,26.3913165],[116.741465,26.3899071],[116.7436797,26.3865544],[116.7404327,26.3850433],[116.7405583,26.3799024],[116.739521,26.3762706],[116.7426346,26.3724962],[116.7469883,26.3703976],[116.751014,26.3701456],[116.7552472,26.3676519],[116.7595276,26.3663612],[116.7603498,26.3648434]]}},{"type":"Feature","properties":{"name":"中沙溪","tier":3},"geometry":{"type":"LineString","coordinates":[[116.6954523,26.3758188],[116.6939449,26.371205],[116.696675,26.3640155],[116.6952538,26.3605348]]}},{"type":"Feature","properties":{"name":"九龙溪","tier":3},"geometry":{"type":"LineString","coordinates":[[116.838161,26.1600032],[116.8417637,26.1609517],[116.8453794,26.1601958],[116.8485659,26.1567434],[116.8527018,26.1580097],[116.8574761,26.1577498],[116.8609094,26.1535895],[116.8643426,26.1498914],[116.873784,26.1457309],[116.8769811,26.1497566],[116.8803048,26.150642]]}},{"type":"Feature","properties":{"name":"九龙溪","tier":3},"geometry":{"type":"LineString","coordinates":[[116.8371688,26.1599514],[116.838161,26.1600032]]}},{"type":"Feature","properties":{"name":"九龙溪","tier":3},"geometry":{"type":"LineString","coordinates":[[116.8808542,26.1502959],[116.8853335,26.1450952]]}},{"type":"Feature","properties":{"name":"九龙溪","tier":3},"geometry":{"type":"LineString","coordinates":[[116.8803048,26.150642],[116.8808542,26.1502959]]}},{"type":"Feature","properties":{"name":"文江溪","tier":3},"geometry":{"type":"LineString","coordinates":[[117.9232989,25.9996923],[117.9237567,25.9994308]]}},{"type":"Feature","properties":{"name":"文江溪","tier":3},"geometry":{"type":"LineString","coordinates":[[117.8831714,25.9857694],[117.8831346,25.9861938]]}},{"type":"Feature","properties":{"name":"文江溪","tier":3},"geometry":{"type":"LineString","coordinates":[[117.8520108,25.9988193],[117.8554304,25.9974467],[117.8596976,25.9981691],[117.8627957,25.9963499],[117.8629053,25.9911614],[117.8664272,25.9884029],[117.8703578,25.9865613],[117.8735376,25.9890039],[117.8778369,25.9867279],[117.8805522,25.9835461],[117.8831714,25.9857694]]}},{"type":"Feature","properties":{"name":"沙溪","tier":2},"geometry":{"type":"LineString","coordinates":[[117.4349235,26.0768199],[117.43505,26.0776866]]}},{"type":"Feature","properties":{"name":"沙溪","tier":2},"geometry":{"type":"LineString","coordinates":[[117.43505,26.0776866],[117.4373912,26.0796723]]}},{"type":"Feature","properties":{"name":"沙溪","tier":2},"geometry":{"type":"LineString","coordinates":[[117.4352883,26.0728206],[117.4349235,26.0768199]]}},{"type":"Feature","properties":{"name":"西溪","tier":2},"geometry":{"type":"LineString","coordinates":[[117.215666,27.4526066],[117.2197837,27.452938],[117.2259346,27.4502903],[117.2288599,27.4528983],[117.2285885,27.4570126],[117.2334902,27.4601421],[117.240382,27.4664327],[117.243463,27.4689773],[117.2456703,27.4720743],[117.2503802,27.4719357],[117.2538227,27.472701],[117.2538448,27.4766925],[117.2575847,27.4779632],[117.2615223,27.4846568],[117.2642661,27.4875649],[117.2685822,27.4875965],[117.2672534,27.4912961],[117.266869,27.4969145],[117.2695608,27.5016155],[117.271575,27.5051847],[117.2746588,27.5103024],[117.2789494,27.5134804],[117.282516,27.5136941],[117.2876224,27.5118974],[117.2895778,27.5153544],[117.2926264,27.5180643],[117.2958972,27.5202848],[117.298587,27.5231211],[117.3019935,27.5252684],[117.3051282,27.5208433],[117.3073032,27.5175338],[117.3111842,27.5190089],[117.314191,27.5241716],[117.3123328,27.5282044],[117.3159,27.5300215],[117.3200447,27.5297305],[117.3220735,27.5329963],[117.3216286,27.5369477],[117.3230613,27.5405276],[117.3259172,27.5455868],[117.3298723,27.5480977],[117.3357255,27.546366],[117.3398251,27.5447168],[117.344171,27.5447444],[117.3459103,27.545572]]}},{"type":"Feature","properties":{"name":"豆土溪","tier":3},"geometry":{"type":"LineString","coordinates":[[117.8334492,26.3457776],[117.829324,26.3470947],[117.8265721,26.3501953],[117.823112,26.3515317],[117.8224683,26.3551849],[117.8238094,26.3587804],[117.8203654,26.3596936],[117.8176296,26.3623036],[117.8145289,26.364082],[117.8128713,26.3682828],[117.8146845,26.3718154],[117.8112084,26.373387],[117.8098834,26.377251],[117.8067774,26.3797549],[117.8050017,26.3828546],[117.8037572,26.3866606],[117.8078395,26.3883906],[117.812646,26.3884482],[117.8112405,26.3923838],[117.8145106,26.3956825]]}},{"type":"Feature","properties":{"name":"沙溪","tier":2},"geometry":{"type":"LineString","coordinates":[[117.5890142,26.2236866],[117.5904162,26.2283414],[117.5916063,26.2346158],[117.5942683,26.2382755],[117.6016684,26.2404123],[117.6112129,26.2416558],[117.6208543,26.2503153],[117.6263529,26.252135],[117.6270848,26.2567801],[117.6265382,26.2629443],[117.6267131,26.267295],[117.6273774,26.2730989]]}},{"type":"Feature","properties":{"name":"沙溪","tier":2},"geometry":{"type":"LineString","coordinates":[[117.5889659,26.2227963],[117.5890142,26.2236866]]}},{"type":"Feature","properties":{"name":"东溪","tier":2},"geometry":{"type":"LineString","coordinates":[[118.0590797,27.782795],[118.058439,27.7826239]]}},{"type":"Feature","properties":{"name":"东溪","tier":2},"geometry":{"type":"LineString","coordinates":[[118.0756903,27.784279],[118.0706609,27.7801407],[118.0664956,27.7799268],[118.0633956,27.7837517],[118.0590797,27.782795]]}},{"type":"Feature","properties":{"name":"东溪","tier":2},"geometry":{"type":"LineString","coordinates":[[118.058439,27.7826239],[118.0540824,27.7812463],[118.0490304,27.7794524],[118.0450564,27.7778329],[118.0447226,27.7743458],[118.0378765,27.7720357],[118.032888,27.7718608],[118.031801,27.7682557],[118.0324662,27.7663105]]}},{"type":"Feature","properties":{"name":"东溪","tier":2},"geometry":{"type":"LineString","coordinates":[[118.0761355,27.7847108],[118.0756903,27.784279]]}},{"type":"Feature","properties":{"name":"富岭溪","tier":3},"geometry":{"type":"LineString","coordinates":[[118.6493237,27.8936979],[118.6448203,27.8955185],[118.64211,27.899153],[118.6360923,27.8966235],[118.6324354,27.8958719],[118.6270024,27.8950866]]}},{"type":"Feature","properties":{"name":"南浦溪","tier":2},"geometry":{"type":"LineString","coordinates":[[118.5516735,28.0375736],[118.5504547,28.0307553],[118.5500542,28.0269274],[118.5526083,28.0242393],[118.5571219,28.0234611],[118.5542808,28.0195017],[118.550787,28.0170883],[118.547916,28.0139501],[118.5438331,28.0108769],[118.5404723,28.0092285],[118.5366855,28.0060137],[118.5385064,28.0021107],[118.5477061,27.9983654],[118.55162,27.9985113],[118.5553022,27.9982517],[118.5568137,27.9925058],[118.5586591,27.9891331],[118.5596461,27.9857225],[118.561387,27.9825012],[118.5562987,27.9801136],[118.5513206,27.9801136],[118.5488744,27.9753003],[118.5468574,27.9690086],[118.5459132,27.9640053],[118.5471312,27.9603652],[118.5510631,27.9597599],[118.5546895,27.9603285],[118.5584016,27.9617025],[118.5585625,27.9563767],[118.5590453,27.952711],[118.5620612,27.947587],[118.563561,27.9430609]]}},{"type":"Feature","properties":{"name":"永兴溪","tier":3},"geometry":{"type":"LineString","coordinates":[[118.3115798,27.976713],[118.3115315,27.9730745],[118.3128995,27.969597],[118.3138919,27.9660198],[118.3148467,27.9617129],[118.3141494,27.9582208],[118.3147556,27.9543495],[118.3145893,27.950516],[118.3185106,27.949355],[118.3177489,27.9450474],[118.3147877,27.941915],[118.3180064,27.9387777],[118.3176094,27.9348204],[118.3189559,27.93128],[118.3226412,27.9326497],[118.325538,27.9349483],[118.3260262,27.9355739]]}},{"type":"Feature","properties":{"name":"永兴溪","tier":3},"geometry":{"type":"LineString","coordinates":[[118.285085,27.9923362],[118.2874078,27.9882435],[118.2899344,27.9907114],[118.2924932,27.9878598],[118.2962751,27.9859034],[118.2962108,27.9822984],[118.2999337,27.9822794],[118.3006686,27.9787122],[118.2976752,27.976694],[118.2973641,27.9728471],[118.3010495,27.9728565],[118.3054912,27.9743868],[118.309139,27.9742494],[118.3115798,27.976713]]}},{"type":"Feature","properties":{"name":"南浦溪","tier":2},"geometry":{"type":"LineString","coordinates":[[118.4090458,27.6486467],[118.4068893,27.6433089],[118.4068893,27.6381385],[118.4091209,27.6322075],[118.4132408,27.6288616],[118.4213089,27.6221696],[118.4238838,27.613804],[118.4222208,27.6070445],[118.4185838,27.6052571],[118.4147857,27.6058941],[118.4110092,27.6042208],[118.4123825,27.6008741],[118.4170173,27.5988964],[118.4178951,27.5946672],[118.4151764,27.5900889],[118.4122431,27.5878429],[118.4078781,27.5863154],[118.4044228,27.5871047],[118.40064,27.5854114],[118.4001945,27.5818567],[118.4015678,27.5754661],[118.4034561,27.56801],[118.405516,27.5598114],[118.4036277,27.5558356],[118.3998512,27.5512699],[118.3986496,27.5473127],[118.4032844,27.5454102],[118.4090994,27.5455243],[118.4138845,27.5441546],[118.4133052,27.537191],[118.4072326,27.5304172],[118.4005379,27.5213074],[118.4006237,27.5168305],[118.4063101,27.5081382],[118.4078012,27.5046695],[118.4079193,27.499207],[118.4101509,27.4915934],[118.4096452,27.4878674],[118.4075597,27.4866309]]}},{"type":"Feature","properties":{"name":"石波溪","tier":3},"geometry":{"type":"LineString","coordinates":[[118.3957261,27.7367664],[118.3944386,27.7334047],[118.3940256,27.7296061],[118.3933765,27.725513],[118.3915418,27.7217426],[118.3893156,27.7176349],[118.3873898,27.7145624],[118.3844715,27.7116322],[118.3813226,27.7096186],[118.3778572,27.708816],[118.3752394,27.7069115]]}},{"type":"Feature","properties":{"name":"石波溪","tier":3},"geometry":{"type":"LineString","coordinates":[[118.3752394,27.7069115],[118.3725196,27.7044751],[118.3739251,27.7010364],[118.3713609,27.6975359],[118.367461,27.6960065],[118.3638453,27.6923159],[118.3611149,27.6886868],[118.3586097,27.6861027],[118.3606642,27.6832526],[118.3640277,27.682103],[118.3629817,27.6782361],[118.3604336,27.6754],[118.3619893,27.6721029],[118.3655566,27.672578],[118.3690649,27.6732716],[118.3663398,27.6705826],[118.3694565,27.6681074],[118.3722798,27.6647824],[118.3760172,27.6631947],[118.3790857,27.6607906],[118.3836186,27.6625628],[118.3876902,27.6656939],[118.391397,27.6650145],[118.3929151,27.6615081],[118.3950019,27.6583817],[118.3987892,27.657189],[118.4025442,27.6565333],[118.4060955,27.655621],[118.407222,27.6519053],[118.4090458,27.6486467]]}},{"type":"Feature","properties":{"name":"渭田溪","tier":3},"geometry":{"type":"LineString","coordinates":[[118.8518411,27.6114987],[118.8538155,27.6068132],[118.8543602,27.6035131]]}},{"type":"Feature","properties":{"name":"渭田溪","tier":3},"geometry":{"type":"LineString","coordinates":[[118.8517284,27.6117507],[118.8518411,27.6114987]]}},{"type":"Feature","properties":{"name":"后崇溪","tier":3},"geometry":{"type":"LineString","coordinates":[[118.1971514,27.4993071],[118.1950754,27.4961047],[118.1925487,27.4930259],[118.1899095,27.4900993],[118.1861329,27.4885052],[118.1809831,27.4847932],[118.1783062,27.4811478],[118.1760317,27.4779449],[118.1737196,27.475037],[118.1699538,27.4746752],[118.1663114,27.4752035],[118.1638008,27.4725573],[118.159799,27.4743468],[118.1559795,27.4748894],[118.1526053,27.4774261],[118.1491452,27.478773],[118.1459963,27.4803864],[118.1413132,27.4791347],[118.1364208,27.4771263],[118.1342268,27.4743278],[118.1331539,27.4707963],[118.1302786,27.468207],[118.1282133,27.4693208]]}},{"type":"Feature","properties":{"name":"后崇溪","tier":3},"geometry":{"type":"LineString","coordinates":[[118.1282133,27.4693208],[118.1263035,27.4663698],[118.1228006,27.4645658],[118.1187987,27.4644611],[118.1160629,27.4622382],[118.1136274,27.4595393],[118.1098133,27.4612053],[118.1055057,27.4614243],[118.101668,27.4599613],[118.0984235,27.4615506],[118.0993259,27.4578352],[118.0953616,27.4574259],[118.0913973,27.4567452],[118.0889404,27.4539699],[118.0868818,27.4510305],[118.0836108,27.4494342]]}},{"type":"Feature","properties":{"name":"蛟龙溪","tier":3},"geometry":{"type":"LineString","coordinates":[[119.202497,27.2455779],[119.202497,27.2449484]]}},{"type":"Feature","properties":{"name":"蛟龙溪","tier":3},"geometry":{"type":"LineString","coordinates":[[119.1492069,27.2514869],[119.1526508,27.2502898],[119.1569102,27.251029],[119.1582727,27.246837],[119.1619313,27.2476764],[119.1658902,27.2488591],[119.1729069,27.2505188],[119.1765118,27.2515489],[119.1803741,27.2539333],[119.1839254,27.2531131],[119.1899013,27.2488782],[119.1991818,27.248449],[119.202497,27.2469896],[119.202497,27.2455779]]}},{"type":"Feature","properties":{"name":"蛟龙溪","tier":3},"geometry":{"type":"LineString","coordinates":[[119.202497,27.2449484],[119.2027652,27.2412283],[119.1992891,27.2395303],[119.1960919,27.2360676],[119.195534,27.2313551],[119.1981733,27.2278444],[119.2014134,27.2296856],[119.2016601,27.2337019],[119.2055011,27.2353617],[119.2090738,27.2349706],[119.2115307,27.2315745],[119.215554,27.2315745],[119.2213261,27.2292754],[119.2249524,27.2282737],[119.2297482,27.2283691],[119.2303061,27.224658],[119.2322373,27.2211853],[119.2308426,27.2165294],[119.2336965,27.2121691],[119.2375052,27.2128465],[119.2412925,27.211797],[119.2428267,27.2080376],[119.2439639,27.2030663],[119.2466354,27.2061483],[119.250648,27.2081426],[119.2567205,27.2073411],[119.2584371,27.2017017],[119.2618811,27.2060243],[119.2647672,27.2093448],[119.2662907,27.2138006],[119.2638123,27.2197256],[119.2653143,27.2237994],[119.2683506,27.2255834],[119.2721808,27.2275296],[119.2770215,27.2234251]]}},{"type":"Feature","properties":{"name":"路兹溪","tier":3},"geometry":{"type":"LineString","coordinates":[[117.9928529,26.9294308],[117.993207,26.9255495],[117.9945561,26.9221201],[117.9973215,26.9196975],[117.9991347,26.9163014],[118.0005455,26.9122308],[118.0034262,26.9101452],[118.0029648,26.9066244],[118.0025142,26.9028931],[118.0051509,26.9004987],[118.0083561,26.9023334],[118.0109364,26.8998075],[118.0094451,26.8962577],[118.0072349,26.8933345],[118.0074334,26.8894497],[118.0056256,26.8861771]]}},{"type":"Feature","properties":{"name":"长溪","tier":3},"geometry":{"type":"LineString","coordinates":[[119.6342844,27.3038524],[119.6344625,27.3038443]]}},{"type":"Feature","properties":{"name":"长溪","tier":3},"geometry":{"type":"LineString","coordinates":[[119.6051569,27.3145405],[119.6073979,27.3178086],[119.611727,27.3161738],[119.6135938,27.3127277],[119.6161312,27.3101682],[119.6198916,27.3069317],[119.6226329,27.3035998],[119.6272623,27.3024271],[119.6307117,27.3031422],[119.6342844,27.3038524]]}},{"type":"Feature","properties":{"name":"长溪","tier":3},"geometry":{"type":"LineString","coordinates":[[119.6344625,27.3038443],[119.6385115,27.3044244],[119.6363336,27.3014118],[119.6373475,27.2977842],[119.6395361,27.2950336],[119.6404374,27.2913342],[119.6436989,27.2894321],[119.6466976,27.2873058],[119.6482426,27.2837111],[119.6484196,27.2799303],[119.6524912,27.2780136],[119.6502001,27.2748244]]}},{"type":"Feature","properties":{"name":"长溪","tier":3},"geometry":{"type":"LineString","coordinates":[[119.6053182,27.3141335],[119.6051569,27.3145405]]}},{"type":"Feature","properties":{"name":"长溪","tier":3},"geometry":{"type":"LineString","coordinates":[[119.5807099,27.3476264],[119.5812303,27.343762],[119.5796049,27.3388253],[119.5776683,27.3356278],[119.5808762,27.3336882],[119.5826411,27.3301713],[119.5812571,27.3265398],[119.5787573,27.3238328],[119.5753723,27.3247431],[119.5717621,27.3242665],[119.5717192,27.3202679],[119.5752221,27.3193004],[119.5789397,27.3201726],[119.5831829,27.3188285],[119.5852643,27.3216738],[119.5893466,27.3220361],[119.5929301,27.3225889],[119.59683,27.3226938],[119.5998985,27.3203632],[119.6005207,27.3167219],[119.603498,27.3130137],[119.6053182,27.3141335]]}},{"type":"Feature","properties":{"name":"棠口溪","tier":3},"geometry":{"type":"LineString","coordinates":[[118.9963662,27.0314111],[118.9983272,27.0273815],[118.9990997,27.0239218],[119.0013099,27.0201561],[119.0041208,27.0172314],[119.0053224,27.0133507],[119.0079832,27.0109038],[119.0105152,27.0073097],[119.0107298,27.0036964],[119.0140342,27.0002933],[119.0172529,26.9979225],[119.0141201,26.99624],[119.0160942,26.9927602],[119.0157294,26.9886493],[119.013884,26.9843662],[119.0135622,26.9803506],[119.0112018,26.9769659],[119.0093136,26.9739827],[119.0066743,26.9709229],[119.0054083,26.9673275],[119.0088415,26.9653768],[119.0105527,26.9621255],[119.0122962,26.9586542]]}},{"type":"Feature","properties":{"name":"长桥溪","tier":3},"geometry":{"type":"LineString","coordinates":[[118.8467025,26.8253082],[118.8441705,26.821938],[118.8451468,26.8183666],[118.8492559,26.815542],[118.8489984,26.8111757],[118.8466166,26.807288],[118.8439988,26.8027873],[118.8417672,26.7989567],[118.8445138,26.795988],[118.8475822,26.798861],[118.8513588,26.7979033],[118.8500713,26.7943982],[118.847196,26.7898779],[118.8466381,26.785932],[118.8437628,26.7837099],[118.8409089,26.7811047],[118.8404368,26.7775608],[118.8371109,26.7758559],[118.8385915,26.7713539],[118.8419818,26.7686718],[118.8391708,26.7654724],[118.8429903,26.7640546],[118.8440392,26.7618764]]}},{"type":"Feature","properties":{"name":"长桥溪","tier":3},"geometry":{"type":"LineString","coordinates":[[118.8440392,26.7618764],[118.8459085,26.7579045],[118.8489126,26.7559884],[118.8471102,26.7521563],[118.8436555,26.7515815],[118.8408231,26.7462163],[118.8412308,26.7417323],[118.8378404,26.7397777],[118.8336991,26.7393178],[118.8308238,26.7416365],[118.8272618,26.7398735],[118.8240002,26.7380674],[118.8202452,26.7404484],[118.8191723,26.7367499],[118.8160823,26.7337891],[118.8136881,26.7367132],[118.809173,26.7398927],[118.8073759,26.7400748]]}},{"type":"Feature","properties":{"name":"长桥溪","tier":3},"geometry":{"type":"LineString","coordinates":[[118.8073759,26.7400748],[118.8064854,26.7360026],[118.810498,26.7332334],[118.8129549,26.7305887],[118.8093071,26.7301958],[118.8061421,26.7269761],[118.8033741,26.7243792],[118.8053267,26.7212648],[118.8040822,26.7175848],[118.7985675,26.7165594],[118.7936259,26.7144168],[118.7914709,26.7096495],[118.7858186,26.7061]]}},{"type":"Feature","properties":{"name":"穆阳溪","tier":2},"geometry":{"type":"LineString","coordinates":[[119.4401655,27.098553],[119.4438476,27.101516],[119.4472224,27.1032086],[119.4501523,27.0992338],[119.4535856,27.0980113],[119.4491224,27.0944964],[119.4463758,27.0891475],[119.4489507,27.085021],[119.4441442,27.0845625],[119.4429426,27.0807416],[119.4462905,27.0781875],[119.4491119,27.0753161],[119.4532406,27.0752334],[119.4550757,27.0718296],[119.4576382,27.0687474],[119.4614432,27.0667486],[119.4649152,27.0643863],[119.4690351,27.0643863],[119.473155,27.0622462],[119.4772871,27.0653054],[119.4810618,27.0661122],[119.4863729,27.0653035],[119.4916944,27.0683607],[119.4963292,27.0683607],[119.5014791,27.0671378],[119.5069722,27.0671378],[119.5107758,27.0695217],[119.5140025,27.0680416],[119.5162495,27.0621201],[119.5200185,27.0570486],[119.5235202,27.0554796],[119.5260882,27.0599803],[119.5283981,27.0640958],[119.5327602,27.0627984],[119.5356196,27.0600012],[119.5420127,27.0574308],[119.5465912,27.0585469],[119.5483303,27.0620924],[119.5516044,27.0636284]]}},{"type":"Feature","properties":{"name":"交溪","tier":1},"geometry":{"type":"LineString","coordinates":[[119.841735,27.3273175],[119.8368112,27.324522],[119.8337482,27.3201103],[119.8310407,27.3171846],[119.8332569,27.3126891],[119.8365185,27.3105063],[119.8403446,27.3100233],[119.8390484,27.3048587],[119.8359435,27.3025736],[119.831072,27.3046543],[119.8274654,27.3039762],[119.8238275,27.3032145],[119.8181197,27.3055368],[119.8175029,27.3020441],[119.8146385,27.2993594],[119.8109274,27.3012452],[119.8077599,27.3030845],[119.8059409,27.3071717],[119.8005362,27.3096239],[119.7961874,27.3120018],[119.7908141,27.3138316],[119.7875734,27.3102927],[119.785974,27.3061963],[119.7784373,27.3065461],[119.7728712,27.3081291],[119.7689613,27.3098661],[119.7659608,27.3089468]]}},{"type":"Feature","properties":{"name":"白马河","tier":3},"geometry":{"type":"LineString","coordinates":[[119.7659608,27.3089468],[119.7667382,27.3049046],[119.7696117,27.3023143],[119.7743414,27.3006857],[119.7793521,27.2984659],[119.7784504,27.2940133],[119.7739424,27.2883125],[119.7715467,27.2831443],[119.7661422,27.2803995],[119.7627826,27.2814567],[119.7622609,27.2857221],[119.7592978,27.2880403],[119.7552705,27.2867977],[119.7507215,27.2859076],[119.7450248,27.2862785],[119.7455882,27.2801399],[119.7501372,27.2714229],[119.7502196,27.2692658]]}},{"type":"Feature","properties":{"name":"白马河","tier":3},"geometry":{"type":"LineString","coordinates":[[119.6783151,27.1797536],[119.6813962,27.1769461],[119.678993,27.1742621],[119.674218,27.1715997],[119.6683752,27.1743101],[119.6650782,27.1789509],[119.6604458,27.1775772],[119.6571071,27.173419],[119.6508052,27.1712285],[119.6440908,27.1709633],[119.6384535,27.1690673],[119.6375898,27.1641288],[119.6387628,27.1619416]]}},{"type":"Feature","properties":{"name":"白马河","tier":3},"geometry":{"type":"LineString","coordinates":[[119.6776209,27.1801369],[119.6783151,27.1797536]]}},{"type":"Feature","properties":{"name":"白马河","tier":3},"geometry":{"type":"LineString","coordinates":[[119.6643852,27.207627],[119.6632002,27.2035627],[119.6642018,27.1957305],[119.6650782,27.1913874],[119.6664137,27.1858932],[119.6691682,27.1832203],[119.6746771,27.1824407],[119.6776209,27.1801369]]}},{"type":"Feature","properties":{"name":"龙溪","tier":3},"geometry":{"type":"LineString","coordinates":[[119.9071837,27.2467468],[119.9033056,27.2455187],[119.9008162,27.2430297],[119.8971376,27.2402057],[119.8969973,27.236646],[119.8947221,27.2332176],[119.8908467,27.234388],[119.8874166,27.2327972],[119.8873796,27.2289352],[119.8911026,27.2276609],[119.8908367,27.2239103],[119.8905855,27.2197984],[119.8858801,27.2197458],[119.883043,27.2199109]]}},{"type":"Feature","properties":{"name":"杨家溪","tier":3},"geometry":{"type":"LineString","coordinates":[[120.0580115,27.1101483],[120.0584114,27.1099056]]}},{"type":"Feature","properties":{"name":"罗汉溪","tier":3},"geometry":{"type":"LineString","coordinates":[[119.9604839,27.0131452],[119.9586546,27.0099049],[119.9603605,27.0064542],[119.9597329,27.0029747],[119.9560744,27.0022912],[119.9567556,26.9987255],[119.9604517,26.9963643],[119.963429,26.9937114],[119.9667066,26.9954896],[119.968949,26.9986108],[119.9705207,26.9952362],[119.9742597,26.9932382],[119.9748337,26.9893998],[119.9778163,26.9874973],[119.9777144,26.9836443],[119.9810296,26.9799107],[119.9842268,26.9776208]]}},{"type":"Feature","properties":{"name":"罗汉溪","tier":3},"geometry":{"type":"LineString","coordinates":[[119.9608701,27.0140294],[119.9604839,27.0131452]]}},{"type":"Feature","properties":{"name":"涌溪","tier":3},"geometry":{"type":"LineString","coordinates":[[118.1867184,25.7918185],[118.1848121,25.7950522],[118.1844135,25.7986722],[118.1864345,25.8020931],[118.1868864,25.8058077],[118.1896325,25.8079861],[118.1921116,25.8052029],[118.1916274,25.8015944],[118.195314,25.8011545],[118.1987622,25.8017566],[118.2024769,25.8041745],[118.2046661,25.8069685],[118.2083419,25.8078353],[118.2110836,25.8100271],[118.2145373,25.810903],[118.2159938,25.8141183],[118.2179507,25.8163795]]}},{"type":"Feature","properties":{"name":"国宝溪","tier":3},"geometry":{"type":"LineString","coordinates":[[118.2733242,25.4965724],[118.2733262,25.4969507]]}},{"type":"Feature","properties":{"name":"国宝溪","tier":3},"geometry":{"type":"LineString","coordinates":[[118.2666522,25.4960191],[118.2704277,25.495051],[118.2733242,25.4965724]]}},{"type":"Feature","properties":{"name":"国宝溪","tier":3},"geometry":{"type":"LineString","coordinates":[[118.2733262,25.4969507],[118.2738911,25.501131],[118.2773665,25.4991215],[118.2780286,25.4953679],[118.2814169,25.4937904],[118.2867011,25.4928784],[118.2909466,25.4929769],[118.2956399,25.4916151],[118.2950501,25.4873024],[118.2993568,25.4819538],[118.3035546,25.4788301],[118.3042028,25.4781207]]}},{"type":"Feature","properties":{"name":"国宝溪","tier":3},"geometry":{"type":"LineString","coordinates":[[118.2662667,25.4960246],[118.2666522,25.4960191]]}},{"type":"Feature","properties":{"name":"西溪","tier":2},"geometry":{"type":"LineString","coordinates":[[117.8187701,25.4106482],[117.8188473,25.4108533]]}},{"type":"Feature","properties":{"name":"西溪","tier":2},"geometry":{"type":"LineString","coordinates":[[117.7348351,25.357503],[117.7381396,25.3593257],[117.7419376,25.3594324],[117.745682,25.3587149],[117.7497375,25.3579878],[117.7540719,25.359665],[117.7590608,25.3610611],[117.7629447,25.3599074],[117.7656006,25.3569729],[117.7692991,25.3575403],[117.7710181,25.3554428]]}},{"type":"Feature","properties":{"name":"西溪","tier":2},"geometry":{"type":"LineString","coordinates":[[117.7890962,25.3857417],[117.7925241,25.3840454],[117.7945948,25.3868952],[117.7973842,25.3898417],[117.8001308,25.3920128],[117.8042936,25.393079],[117.8074959,25.3952592],[117.806375,25.399185],[117.8078985,25.4023445],[117.8116322,25.4038564],[117.8136921,25.4009101],[117.8136867,25.4045736],[117.8168313,25.4070044],[117.8199808,25.408599],[117.8187701,25.4106482]]}},{"type":"Feature","properties":{"name":"西溪","tier":2},"geometry":{"type":"LineString","coordinates":[[117.8188473,25.4108533],[117.8232239,25.4129837],[117.8228314,25.4169298],[117.8257027,25.4210997],[117.8296888,25.4205923],[117.8320813,25.4237221],[117.83589,25.4251465],[117.8393581,25.4225375],[117.8401923,25.4185864],[117.8415549,25.4152965],[117.8441352,25.4124766],[117.8451275,25.4094592]]}},{"type":"Feature","properties":{"name":"湖洋溪","tier":3},"geometry":{"type":"LineString","coordinates":[[118.3918506,25.3189619],[118.3953989,25.3192444],[118.4005992,25.3185718],[118.4046364,25.3175524],[118.4071718,25.3146251],[118.4063327,25.3103423],[118.4027529,25.3106319],[118.3991517,25.3119245],[118.4005501,25.3060399],[118.3987093,25.3027857],[118.3953289,25.3006833],[118.393375,25.2971719],[118.3894884,25.295605],[118.3847203,25.2929343],[118.3842408,25.2882197],[118.3857871,25.2849573],[118.3819512,25.286117],[118.3759671,25.2851048]]}},{"type":"Feature","properties":{"name":"湖洋溪","tier":3},"geometry":{"type":"LineString","coordinates":[[118.3913219,25.319977],[118.3918506,25.3189619]]}},{"type":"Feature","properties":{"name":"小蓝溪","tier":3},"geometry":{"type":"LineString","coordinates":[[117.9905807,25.0056889],[117.9935288,25.0099203],[117.9945044,25.0141777],[118.0009486,25.0178142],[118.0032062,25.0210281],[118.0075085,25.020124],[118.0109567,25.0187407],[118.0141067,25.0212274],[118.0177277,25.0206198],[118.0205461,25.0182005],[118.0226114,25.0213504],[118.0267044,25.0228865],[118.0296441,25.0250447],[118.0331696,25.0256376],[118.0370342,25.0244988],[118.0408108,25.0219808],[118.0453689,25.0202262],[118.0490762,25.0186846],[118.0531228,25.0183288],[118.0581385,25.0194912],[118.0621535,25.0224375],[118.0665807,25.0223457],[118.0695057,25.0203323],[118.0715985,25.0169469],[118.0754172,25.0176284],[118.0798264,25.0164296],[118.0837265,25.0211729],[118.0853858,25.0231575]]}},{"type":"Feature","properties":{"name":"小蓝溪","tier":3},"geometry":{"type":"LineString","coordinates":[[117.9212218,25.0296415],[117.9251593,25.030249],[117.9288876,25.031158],[117.9323208,25.0296026],[117.9349011,25.0269146],[117.9387366,25.0265355],[117.941333,25.0236093],[117.9449647,25.0228558],[117.9488378,25.0241148],[117.9524374,25.0244307],[117.956568,25.0233176],[117.9602533,25.0233127],[117.9636651,25.0206878],[117.9670018,25.0195601],[117.9705155,25.0190934],[117.9743564,25.0191566],[117.977626,25.0167528],[117.9806623,25.0141569],[117.9820865,25.0102849],[117.9844361,25.0076864],[117.9881134,25.0060894],[117.9905807,25.0056889]]}},{"type":"Feature","properties":{"name":"Daxi River","tier":3},"geometry":{"type":"LineString","coordinates":[[117.7054489,25.0674708],[117.7079348,25.0639836],[117.7066692,25.0594748],[117.7074231,25.055092],[117.7064848,25.0512935],[117.7030301,25.0482066],[117.7015172,25.0450033],[117.6962288,25.0446471],[117.6921071,25.0423999],[117.6893355,25.0382865],[117.6851385,25.0338534],[117.6818736,25.0321882],[117.6797457,25.029001],[117.6769895,25.0254299],[117.6734903,25.0270074],[117.6716,25.0307498],[117.6665582,25.0285783],[117.6642179,25.025398],[117.6614499,25.0225009],[117.6585424,25.0198857],[117.6543205,25.0208302],[117.6502065,25.0220258],[117.6466332,25.0228081],[117.6410184,25.0240537],[117.6391431,25.0181591],[117.6368291,25.0123401],[117.6328468,25.0102119],[117.6304919,25.006856],[117.6282851,25.0038187],[117.623899,25.0038919],[117.6204443,25.002025],[117.6191425,24.9971895],[117.6149726,24.9978536],[117.6121466,24.9949885]]}},{"type":"Feature","properties":{"name":"高层溪","tier":3},"geometry":{"type":"LineString","coordinates":[[117.6449811,24.8612752],[117.642653,24.8581698],[117.6398325,24.8559079],[117.6396721,24.8523945],[117.6385127,24.8489669],[117.6352896,24.8469157],[117.6310091,24.8450165],[117.6344728,24.8421844],[117.6355958,24.8374264],[117.6345093,24.8337735],[117.6327957,24.8300277],[117.6295872,24.8271224],[117.6271297,24.8239258],[117.623316,24.8224565],[117.619721,24.8218079],[117.6159583,24.8204048],[117.6120862,24.8220793],[117.6082797,24.8216623],[117.6049673,24.8211919]]}},{"type":"Feature","properties":{"name":"高层溪","tier":3},"geometry":{"type":"LineString","coordinates":[[117.6970696,24.9103374],[117.6931965,24.9096758],[117.6921773,24.905871],[117.6912975,24.9024456],[117.6877034,24.9010832],[117.6868021,24.8972587],[117.6858258,24.8938428],[117.6869094,24.8904657],[117.6844847,24.8877504],[117.6821136,24.8849961],[117.6796245,24.8814144],[117.6775217,24.8812003]]}},{"type":"Feature","properties":{"name":"高层溪","tier":3},"geometry":{"type":"LineString","coordinates":[[117.7230188,24.9472094],[117.719391,24.9467833],[117.7156037,24.9450955],[117.7122134,24.9433785],[117.7132702,24.9394969],[117.7098477,24.9403628],[117.7060926,24.9410146],[117.7033782,24.9387187],[117.7003956,24.9359168],[117.6992369,24.932181],[117.6983678,24.9286882],[117.6950204,24.9271315],[117.6942694,24.9233467],[117.6947951,24.9196007],[117.6963079,24.916312],[117.6958144,24.9126825],[117.6970696,24.9103374]]}},{"type":"Feature","properties":{"name":"高层溪","tier":3},"geometry":{"type":"LineString","coordinates":[[117.7328718,24.9693206],[117.7335423,24.9657414],[117.732743,24.9622836],[117.7295297,24.9605523],[117.7280062,24.9568755],[117.7245247,24.9557374],[117.7234948,24.9522989],[117.7238649,24.9486753],[117.7230188,24.9472094]]}},{"type":"Feature","properties":{"name":"高层溪","tier":3},"geometry":{"type":"LineString","coordinates":[[117.7553916,25.0075381],[117.7573469,25.0045093],[117.7599728,25.0011499],[117.7628481,24.9989378],[117.7609652,24.9959525],[117.7608848,24.9917955],[117.7573711,24.9908911],[117.7538037,24.9901132],[117.752924,24.9862331],[117.7517438,24.9828391],[117.7482923,24.9812555],[117.7467293,24.9779624],[117.7436905,24.9747829],[117.7421093,24.9714798],[117.7385101,24.9699752],[117.7350926,24.9692136],[117.7328718,24.9693206]]}},{"type":"Feature","properties":{"name":"梅溪","tier":3},"geometry":{"type":"LineString","coordinates":[[118.72464,25.9902257],[118.7281376,25.9892324],[118.7323862,25.988186],[118.7359589,25.9872553],[118.7394297,25.9843139],[118.7426001,25.9826984],[118.7469506,25.9808949]]}},{"type":"Feature","properties":{"name":"梅溪","tier":3},"geometry":{"type":"LineString","coordinates":[[118.7469506,25.9808949],[118.7480342,25.9852686],[118.749606,25.9886151],[118.7526154,25.9905777],[118.7528729,25.9949366],[118.7568372,25.9983166],[118.7535596,26.0021111],[118.7557054,26.005486],[118.7594873,26.0063442],[118.7609196,26.0096901],[118.762899,26.0125972],[118.767153,26.0130938],[118.7681776,26.0138121]]}},{"type":"Feature","properties":{"name":"芝溪","tier":3},"geometry":{"type":"LineString","coordinates":[[118.6747274,26.088801],[118.6779149,26.0907248],[118.6803541,26.0937255],[118.6837773,26.0972507],[118.6850072,26.1020736],[118.6851815,26.1055802],[118.6838183,26.1091419],[118.6863461,26.1121132],[118.6895886,26.1136238],[118.6927393,26.1154743],[118.6962891,26.117325],[118.6972697,26.1214329],[118.7004885,26.1232958],[118.7046943,26.1253601],[118.7079917,26.1267396],[118.7113003,26.1283306],[118.714721,26.1294584],[118.7182953,26.1311062],[118.7218989,26.1340197],[118.7259028,26.1323986],[118.7295254,26.1298611],[118.7333546,26.1275511],[118.7362484,26.1249065],[118.7391089,26.1251502]]}},{"type":"Feature","properties":{"name":"梅溪","tier":3},"geometry":{"type":"LineString","coordinates":[[118.7853386,26.1803507],[118.7890667,26.1818928],[118.7929961,26.1811626],[118.7985085,26.1833526],[118.8044719,26.1838278],[118.8087757,26.1851955],[118.81293,26.1844559],[118.8149016,26.1875372],[118.8192062,26.1881705],[118.8214401,26.1910812],[118.8245493,26.1928797],[118.8287331,26.1914182],[118.8320868,26.1903578],[118.8351017,26.1927079],[118.83613,26.1963841],[118.8398244,26.1967927],[118.8432437,26.1991271],[118.8442423,26.2026382],[118.8489244,26.2066052],[118.8514063,26.211742],[118.8526123,26.2160289],[118.8528106,26.2195516],[118.8523837,26.2232802],[118.8540741,26.2263545],[118.8576234,26.2259882],[118.8608275,26.228002],[118.8637448,26.229939],[118.8658569,26.2270319],[118.8675958,26.2238336],[118.8697863,26.2200438],[118.8739933,26.2162424],[118.8782188,26.2148472],[118.8812277,26.2134685]]}},{"type":"Feature","properties":{"name":"梅溪","tier":3},"geometry":{"type":"LineString","coordinates":[[118.7681776,26.0138121],[118.765431,26.0159911],[118.7612522,26.0176398],[118.7634194,26.0211445],[118.7664765,26.0228989],[118.7682417,26.0260087],[118.7695834,26.0295677],[118.7729893,26.0321876],[118.7753115,26.0356652],[118.7750922,26.0395136],[118.7735182,26.0439647],[118.771854,26.047384],[118.7714025,26.0518464],[118.7741762,26.0546512],[118.7774015,26.0563317],[118.7747309,26.0595421],[118.7758791,26.0639692],[118.7733763,26.0668317],[118.7727571,26.0711195],[118.7717508,26.0749783],[118.7726797,26.078756],[118.7749761,26.0818846],[118.7716089,26.0841441],[118.7684223,26.0878983],[118.7698027,26.0923475],[118.771725,26.0952904],[118.7700866,26.098546],[118.7650422,26.0999942],[118.7658163,26.1046746],[118.7666221,26.1067172]]}},{"type":"Feature","properties":{"name":"青印溪","tier":3},"geometry":{"type":"LineString","coordinates":[[118.047924,26.2323099],[118.0474895,26.2324446]]}},{"type":"Feature","properties":{"name":"青印溪","tier":3},"geometry":{"type":"LineString","coordinates":[[118.0184251,26.2416976],[118.0198628,26.2384498],[118.0225879,26.2415052],[118.0260426,26.2395998],[118.0241489,26.2365058],[118.0275661,26.2372853],[118.0312192,26.2352307],[118.0345452,26.2375211],[118.0312031,26.2388588],[118.033011,26.2424626],[118.0363905,26.2399654],[118.0395931,26.237218],[118.0429298,26.2400569],[118.0456549,26.2378435],[118.0480421,26.2343935],[118.047924,26.2323099]]}},{"type":"Feature","properties":{"name":"青印溪","tier":3},"geometry":{"type":"LineString","coordinates":[[118.0912846,26.1968021],[118.0914885,26.1967828]]}},{"type":"Feature","properties":{"name":"青印溪","tier":3},"geometry":{"type":"LineString","coordinates":[[118.0474895,26.2324446],[118.0464596,26.2288549],[118.0501717,26.2292014],[118.0500752,26.2254431],[118.0537552,26.2266076],[118.056137,26.2235374],[118.0600637,26.2217424],[118.0608523,26.2175989],[118.0602944,26.2139124],[118.0637276,26.2124397],[118.0678207,26.2136333],[118.069489,26.210221],[118.0714041,26.2134937],[118.0749983,26.2123002],[118.0737001,26.2088783],[118.0775034,26.2080649],[118.0802232,26.2047968],[118.0811083,26.2013651],[118.0819344,26.1977984],[118.0856681,26.1989969],[118.0888545,26.2007249],[118.0904049,26.1973171],[118.0912846,26.1968021]]}},{"type":"Feature","properties":{"name":"青印溪","tier":3},"geometry":{"type":"LineString","coordinates":[[118.1408626,26.1733007],[118.141454,26.1730811]]}},{"type":"Feature","properties":{"name":"青印溪","tier":3},"geometry":{"type":"LineString","coordinates":[[118.1137244,26.1999698],[118.1136165,26.1953357],[118.1178107,26.1946358],[118.1216045,26.1916971],[118.1189289,26.1872756],[118.1228128,26.1878875],[118.1251149,26.1844783],[118.1266817,26.1799116],[118.1294571,26.1776349],[118.1331383,26.1792811],[118.1366596,26.1767983],[118.1408626,26.1733007]]}},{"type":"Feature","properties":{"name":"会甲溪","tier":3},"geometry":{"type":"LineString","coordinates":[[120.1265018,27.3656359],[120.1271347,27.365877]]}},{"type":"Feature","properties":{"name":"会甲溪","tier":3},"geometry":{"type":"LineString","coordinates":[[120.1203488,27.3565981],[120.1259707,27.3580465],[120.1252626,27.3642401],[120.1265018,27.3656359]]}},{"type":"Feature","properties":{"name":"桐山溪","tier":3},"geometry":{"type":"LineString","coordinates":[[120.1704073,27.3906493],[120.1737517,27.3924452],[120.1770979,27.3895369],[120.1772223,27.3852608],[120.1788395,27.3803455],[120.1811761,27.37761],[120.183531,27.3749209],[120.1836276,27.3709431],[120.1875972,27.370381],[120.1903975,27.373568],[120.1945174,27.3749019],[120.1974283,27.3774834],[120.1960177,27.3815628],[120.1990776,27.3829743]]}},{"type":"Feature","properties":{"name":"会甲溪","tier":3},"geometry":{"type":"LineString","coordinates":[[120.0631159,27.4076966],[120.0670741,27.4039885],[120.0701921,27.4016087],[120.0737106,27.3994696],[120.0768595,27.3973251],[120.0799836,27.3950546],[120.0833297,27.3932054],[120.0862813,27.3910059],[120.0902928,27.3879584],[120.0934786,27.3851242],[120.0972067,27.3820382],[120.1006293,27.3787651],[120.1041967,27.3769312],[120.1074743,27.3747542],[120.1062673,27.3710384],[120.1069164,27.3675227],[120.1067662,27.3637828],[120.1073885,27.3601048],[120.1128816,27.3638686],[120.1167977,27.363173],[120.1187181,27.3590376],[120.1203488,27.3565981]]}},{"type":"Feature","properties":{"name":"文川溪","tier":3},"geometry":{"type":"LineString","coordinates":[[116.766602,25.7242631],[116.7704924,25.7251445],[116.7746552,25.7225251],[116.7774649,25.7248333],[116.7794605,25.7280761],[116.7758675,25.7286289],[116.775244,25.7321354],[116.7775627,25.7353412],[116.7814453,25.7328264],[116.7845364,25.730615],[116.7845942,25.7342133],[116.784012,25.739639],[116.7861696,25.7432414],[116.7852278,25.7473436],[116.7862034,25.7515733],[116.7846644,25.7555848],[116.7821027,25.7581379],[116.7830738,25.7625195]]}},{"type":"Feature","properties":{"name":"文川溪","tier":3},"geometry":{"type":"LineString","coordinates":[[116.7830738,25.7625195],[116.7866939,25.7628935],[116.7896277,25.7653644],[116.7920918,25.7623706],[116.7938698,25.7658722],[116.7974902,25.7624059],[116.8026463,25.7629239],[116.802404,25.7666058],[116.8055731,25.7683744],[116.8043831,25.771676],[116.8028669,25.7771705],[116.7999164,25.7802163],[116.8013364,25.7834772],[116.8003807,25.7871488],[116.800522,25.7910162],[116.803298,25.7931728],[116.7989195,25.7935502],[116.8000947,25.7999088],[116.8027554,25.8025671],[116.7993763,25.8044625],[116.8016702,25.8057985]]}},{"type":"Feature","properties":{"name":"永富溪","tier":3},"geometry":{"type":"LineString","coordinates":[[117.4074554,25.1381363],[117.407788,25.1376118]]}},{"type":"Feature","properties":{"name":"永富溪","tier":3},"geometry":{"type":"LineString","coordinates":[[117.3540795,25.1063863],[117.3585695,25.1080768],[117.3621851,25.1101558],[117.3598301,25.1138134],[117.3572069,25.1169171],[117.3583656,25.1204774],[117.362448,25.1206328],[117.366085,25.123513],[117.3641485,25.1264854],[117.361418,25.1286952],[117.3642826,25.1314295],[117.3673671,25.1341443],[117.3709774,25.1331973],[117.3741478,25.131211],[117.3779941,25.1321483],[117.3814434,25.1332313],[117.3854077,25.1362763],[117.3891091,25.1382091],[117.392832,25.1357907],[117.3953372,25.1383743],[117.4021339,25.1362715],[117.4062109,25.1386414],[117.4074554,25.1381363]]}},{"type":"Feature","properties":{"name":"汀溪","tier":3},"geometry":{"type":"LineString","coordinates":[[118.1311778,24.7796113],[118.1333821,24.7759386],[118.1363991,24.7732915],[118.1361513,24.7666682],[118.1337434,24.764096],[118.1322314,24.760896],[118.1306241,24.7570291],[118.1246078,24.7574723],[118.1214724,24.7547653],[118.1207696,24.7541885]]}},{"type":"Feature","properties":{"name":"汀溪","tier":3},"geometry":{"type":"LineString","coordinates":[[118.1357413,24.7930957],[118.1376384,24.7899109],[118.1308363,24.7904292],[118.1296961,24.7867157],[118.1304599,24.7828682],[118.1311778,24.7796113]]}},{"type":"Feature","properties":{"name":"石窟河","tier":3},"geometry":{"type":"LineString","coordinates":[[116.078935,24.8558307],[116.0813709,24.8513061],[116.0828396,24.8478281],[116.0808072,24.8445165],[116.0836539,24.8416918],[116.0859194,24.8384168],[116.0842565,24.8367616]]}},{"type":"Feature","properties":{"name":"西溪","tier":2},"geometry":{"type":"LineString","coordinates":[[117.7813372,24.4798722],[117.7835655,24.4791615]]}},{"type":"Feature","properties":{"name":"木兰溪","tier":1},"geometry":{"type":"LineString","coordinates":[[119.1123586,25.427153],[119.1149422,25.4245552],[119.1170021,25.4188187],[119.1193504,25.4108823],[119.1247269,25.4042437],[119.1291165,25.4007666],[119.1319648,25.3943702],[119.1344397,25.3913786],[119.1374026,25.3894577],[119.1446182,25.3898671],[119.1496029,25.3921344],[119.1558077,25.395]]}},{"type":"Feature","properties":{"name":"大禾溪","tier":3},"geometry":{"type":"LineString","coordinates":[[116.1507676,25.3750406],[116.1529756,25.3778078],[116.1578464,25.3798677],[116.161977,25.3791891],[116.1615479,25.3827272],[116.165142,25.3794799],[116.162492,25.3750209],[116.1630392,25.3713372],[116.1649704,25.3743036],[116.1685109,25.3772504],[116.1717296,25.3755541],[116.1750233,25.3720643],[116.1777806,25.3690591],[116.1815357,25.367731],[116.1877584,25.366558],[116.1919534,25.3640859],[116.1926079,25.3602177],[116.1959124,25.3577648]]}},{"type":"Feature","properties":{"name":"大禾溪","tier":3},"geometry":{"type":"LineString","coordinates":[[116.1008763,25.4042925],[116.1010224,25.4002468],[116.1026921,25.3971069],[116.1061603,25.3963113],[116.1055809,25.3927058],[116.1079466,25.3900065],[116.1107576,25.387782],[116.1153978,25.3865171],[116.1176455,25.3836383],[116.1200434,25.3865026],[116.1235571,25.3876754],[116.1264539,25.3897399],[116.1289054,25.3864105],[116.1278111,25.3826399],[116.131196,25.3809194],[116.1342162,25.3783361],[116.1391675,25.3785397],[116.1422306,25.3756219],[116.1458141,25.3756316],[116.1494458,25.3769306],[116.1506528,25.3748852]]}},{"type":"Feature","properties":{"name":"湖前河","tier":3},"geometry":{"type":"LineString","coordinates":[[119.2878626,26.1276233],[119.2913142,26.1258828],[119.2937952,26.1235991]]}},{"type":"Feature","properties":{"name":"漳江河","tier":3},"geometry":{"type":"LineString","coordinates":[[119.6146239,25.8999028],[119.6110006,25.8995873],[119.6078364,25.8978714],[119.6043872,25.8968149],[119.6017651,25.8942712],[119.6001529,25.8909549],[119.5972765,25.8884773],[119.5984904,25.8851187],[119.6008146,25.8821618],[119.5991823,25.8778494],[119.5972635,25.8747019],[119.5952925,25.8706735],[119.5944179,25.8669386],[119.59075,25.8657288],[119.5867469,25.8653302]]}},{"type":"Feature","properties":{"name":"粗溪","tier":3},"geometry":{"type":"LineString","coordinates":[[118.7365421,25.6230487],[118.7363693,25.6277582],[118.7393915,25.6303245],[118.7370244,25.6342033]]}},{"type":"Feature","properties":{"name":"粗溪","tier":3},"geometry":{"type":"LineString","coordinates":[[118.7370244,25.6342033],[118.7360919,25.6354257]]}},{"type":"Feature","properties":{"name":"甘蔗河","tier":3},"geometry":{"type":"LineString","coordinates":[[119.1340424,26.1558721],[119.1378958,26.1550208],[119.1414547,26.1537738],[119.1430049,26.1505806],[119.145969,26.1477989],[119.1488747,26.1451324],[119.1519083,26.1424001],[119.1544128,26.1398441],[119.155678,26.1364949],[119.1562579,26.1329734],[119.1549881,26.1294525],[119.1540515,26.1288787]]}},{"type":"Feature","properties":{"name":"甘蔗河","tier":3},"geometry":{"type":"LineString","coordinates":[[119.1203188,26.1628203],[119.1235913,26.1599265],[119.1278405,26.1598083],[119.1314576,26.1597463],[119.1335399,26.1570034]]}},{"type":"Feature","properties":{"name":"甘蔗河","tier":3},"geometry":{"type":"LineString","coordinates":[[119.1336311,26.1567797],[119.1338693,26.1562062]]}},{"type":"Feature","properties":{"name":"甘蔗河","tier":3},"geometry":{"type":"LineString","coordinates":[[119.1339186,26.1561287],[119.134003,26.155958]]}},{"type":"Feature","properties":{"name":"九龙江（南港）","tier":3},"geometry":{"type":"LineString","coordinates":[[117.8458959,24.4308363],[117.8522566,24.4282235],[117.8588819,24.4228081],[117.8641322,24.4201485],[117.8715419,24.4166731],[117.8758746,24.4139977],[117.8790092,24.412062],[117.8830451,24.4105857],[117.8890514,24.4083886],[117.8932469,24.4071298],[117.8996944,24.4043242],[117.9065608,24.4001815],[117.9102515,24.3989309],[117.9136848,24.3983056]]}},{"type":"Feature","properties":{"name":"闽江","tier":1},"geometry":{"type":"LineString","coordinates":[[118.6931264,26.4124957],[118.6944101,26.4043654],[118.6855159,26.3920456],[118.6853621,26.3815222],[118.6774657,26.3618362],[118.6796973,26.3573757],[118.6855338,26.356299],[118.6944601,26.3607596],[118.7054465,26.3724486],[118.7138579,26.3735252],[118.7260458,26.3722949],[118.7358305,26.3639896],[118.7445853,26.3501461],[118.7478468,26.3378394],[118.7593481,26.3236851],[118.7693045,26.3179921],[118.7816641,26.3142992],[118.7957404,26.3110678],[118.8050101,26.307067],[118.8110712,26.3021217]]}},{"type":"Feature","properties":{"name":"闽江","tier":1},"geometry":{"type":"LineString","coordinates":[[118.8110712,26.3021217],[118.8115068,26.3018447]]}},{"type":"Feature","properties":{"name":"北渠","tier":3},"geometry":{"type":"LineString","coordinates":[[118.6620771,24.9474709],[118.6614619,24.9524612],[118.6636619,24.9558566],[118.6671174,24.9586605],[118.6704053,24.9607944],[118.6723235,24.9590957]]}},{"type":"Feature","properties":{"name":"西溪","tier":2},"geometry":{"type":"LineString","coordinates":[[119.3700278,27.3878012],[119.3710433,27.3841659],[119.369571,27.3801891],[119.3740986,27.378017],[119.3780253,27.3768356],[119.378433,27.3731063],[119.3778966,27.3695811],[119.3813513,27.3662654],[119.3851493,27.3649886],[119.3860076,27.3606055],[119.390621,27.3627399],[119.3944404,27.3626637],[119.398732,27.3656746],[119.4042399,27.3692762],[119.4078663,27.3696192],[119.4112566,27.3676374],[119.4154194,27.369886],[119.4184235,27.3674849],[119.4192818,27.3638071],[119.4240454,27.3651601],[119.4281867,27.3657889],[119.4302361,27.3653563]]}},{"type":"Feature","properties":{"name":"北溪","tier":3},"geometry":{"type":"LineString","coordinates":[[117.3443595,27.6182366],[117.3454134,27.614841],[117.3436655,27.6114043],[117.3407271,27.60817],[117.3425358,27.5986092],[117.3423047,27.5934339],[117.3423137,27.5894737],[117.3405379,27.5858761],[117.3431721,27.5814685],[117.343932,27.5797721]]}},{"type":"Feature","properties":{"name":"麦浦河","tier":3},"geometry":{"type":"LineString","coordinates":[[119.1123611,26.1328954],[119.1156776,26.1306621],[119.1194375,26.130192],[119.1226539,26.1285579],[119.127865,26.1237763],[119.1314005,26.1233867],[119.1350698,26.1237336],[119.1387986,26.1252956],[119.1451784,26.1300942]]}},{"type":"Feature","properties":{"name":"象山溪","tier":3},"geometry":{"type":"LineString","coordinates":[[117.150276,24.9558151],[117.1513604,24.9523823],[117.1539855,24.9496894],[117.1511386,24.9474731],[117.1538867,24.9451904],[117.1565056,24.9425253],[117.1590878,24.9397683],[117.1555261,24.9398074],[117.1566868,24.9370619]]}},{"type":"Feature","properties":{"name":"象山溪","tier":3},"geometry":{"type":"LineString","coordinates":[[117.1655522,24.9169426],[117.1676632,24.9137335],[117.1704635,24.9112447],[117.1729027,24.9086482],[117.1757795,24.9059977],[117.1764929,24.9021394],[117.1795292,24.9000118],[117.1817478,24.9036584],[117.1842208,24.9064385],[117.1877745,24.9063266],[117.1914855,24.9052513],[117.194613,24.9072122],[117.1962023,24.9105159],[117.1993732,24.9121604],[117.2026347,24.9108662],[117.2056793,24.9087814],[117.2089999,24.9075796],[117.2120566,24.9055034],[117.2144009,24.9027446],[117.2172065,24.9006349],[117.2204036,24.8989514],[117.2237495,24.9005522],[117.2273076,24.9010491]]}},{"type":"Feature","properties":{"name":"小溪","tier":3},"geometry":{"type":"LineString","coordinates":[[117.0682096,24.9867727],[117.0657879,24.9896738],[117.0677844,24.9926777],[117.0659234,24.9957497],[117.0670696,24.9992682],[117.0645123,25.0016778],[117.0678029,25.0029476],[117.0711982,25.0038913],[117.0679816,25.0052819],[117.0683821,25.0091486],[117.0686964,25.0129965],[117.0693187,25.0166272],[117.0671004,25.0193556],[117.0639023,25.0211368],[117.0628367,25.0246188],[117.0614317,25.0279795],[117.0613116,25.0281401]]}},{"type":"Feature","properties":{"name":"小溪","tier":3},"geometry":{"type":"LineString","coordinates":[[117.0838042,24.971841],[117.0836969,24.9755663],[117.0832517,24.9791381],[117.083831,24.9826043],[117.0803066,24.9837388],[117.0794047,24.9871257],[117.075799,24.9871598],[117.0733207,24.9896483],[117.0716738,24.9864056],[117.0682096,24.9867727]]}},{"type":"Feature","properties":{"name":"小溪","tier":3},"geometry":{"type":"LineString","coordinates":[[117.1042667,24.9578399],[117.1016529,24.9551696],[117.0980183,24.95486],[117.0959212,24.9577281],[117.094789,24.9613309],[117.0916047,24.9628984],[117.0887938,24.9651558],[117.0889076,24.9687423],[117.0853307,24.9696061],[117.0817827,24.9689503],[117.0838042,24.971841]]}},{"type":"Feature","properties":{"name":"翠江","tier":3},"geometry":{"type":"LineString","coordinates":[[116.6660929,26.2578585],[116.6647028,26.254351],[116.6657949,26.2503234],[116.6702268,26.249069],[116.6694008,26.2416906],[116.6732287,26.2377441],[116.6765274,26.2360986],[116.6830099,26.2373793],[116.6874224,26.237775],[116.6923137,26.2385486],[116.6945651,26.2352973],[116.6911172,26.2316581],[116.6919887,26.2277976],[116.6985916,26.226772],[116.7038425,26.2262162],[116.7060821,26.2195589],[116.7086805,26.2143912]]}},{"type":"Feature","properties":{"name":"崇阳溪","tier":2},"geometry":{"type":"LineString","coordinates":[[118.1462402,27.2637754],[118.1505456,27.2616572],[118.1539789,27.2602597],[118.1577462,27.2617389],[118.1618285,27.2603683],[118.1655334,27.2588212],[118.1703399,27.2565322],[118.1705116,27.2516488],[118.1717132,27.2444761],[118.1723999,27.2371502],[118.1754898,27.2328765],[118.179953,27.2318081],[118.1823562,27.228908],[118.1811546,27.2253972],[118.1847595,27.2203599],[118.1888794,27.2174595],[118.1947159,27.219444],[118.2010673,27.2211231],[118.2067322,27.2177648],[118.2086204,27.2099792],[118.2153152,27.2041777],[118.2218384,27.2035671],[118.2266449,27.2050938],[118.2307814,27.2043002],[118.234713,27.1985287],[118.2343696,27.1951697]]}},{"type":"Feature","properties":{"name":"崇阳溪","tier":2},"geometry":{"type":"LineString","coordinates":[[118.1459412,27.2639079],[118.1462402,27.2637754]]}},{"type":"Feature","properties":{"name":"磨溪","tier":3},"geometry":{"type":"LineString","coordinates":[[119.4091124,26.0428837],[119.409483,26.0393091],[119.4099211,26.0355756],[119.4087719,26.0327228]]}},{"type":"Feature","properties":{"name":"磨溪","tier":3},"geometry":{"type":"LineString","coordinates":[[119.4087719,26.0327228],[119.4086945,26.0321964]]}},{"type":"Feature","properties":{"name":"池湖溪","tier":3},"geometry":{"type":"LineString","coordinates":[[117.37661,26.5087236],[117.3794639,26.5125927],[117.3793673,26.5165001],[117.3834014,26.5199465],[117.3864591,26.5223273],[117.3883259,26.5257159],[117.3867488,26.5290661],[117.3898601,26.5316578],[117.3921232,26.5347889],[117.3953365,26.5362815],[117.3934179,26.5394459],[117.3955583,26.542359],[117.3954939,26.5461166],[117.3975539,26.5495093],[117.3946447,26.5515311],[117.3916839,26.553436],[117.3915625,26.5570118],[117.3881067,26.5579058],[117.3889006,26.56159],[117.3926179,26.5630854],[117.3943832,26.566143],[117.3928794,26.5694928],[117.3911982,26.572617],[117.3897879,26.5761338],[117.3909647,26.5795251],[117.3927393,26.5828829],[117.3904977,26.5856058],[117.3918001,26.5892583],[117.3938279,26.5939497],[117.3957054,26.5971444],[117.392961,26.6008263],[117.3958235,26.6033608],[117.399291,26.6025722],[117.3989777,26.6061907],[117.3966195,26.6093831],[117.4003081,26.6099605],[117.4040761,26.610045],[117.4019067,26.6135001],[117.4024539,26.6180275],[117.4047627,26.6142847],[117.4087109,26.6163854],[117.4124961,26.6181713],[117.4143951,26.6212119],[117.4102773,26.6238859],[117.410361,26.6275996],[117.413378,26.6303311],[117.4163048,26.6276476],[117.4185809,26.6246149],[117.4211542,26.6249813]]}},{"type":"Feature","properties":{"name":"同青河","tier":3},"geometry":{"type":"LineString","coordinates":[[117.5802087,27.3440564],[117.5770975,27.3421154],[117.5738378,27.3388554],[117.573174,27.3347008],[117.5742779,27.3301352],[117.5737633,27.3260001],[117.5705856,27.3233228],[117.5695564,27.3199301],[117.5739643,27.3196783],[117.5769125,27.3201125]]}},{"type":"Feature","properties":{"name":"同青河","tier":3},"geometry":{"type":"LineString","coordinates":[[117.5769125,27.3201125],[117.5770237,27.3201115]]}},{"type":"Feature","properties":{"name":"洋下河","tier":3},"geometry":{"type":"LineString","coordinates":[[119.3395617,26.1336637],[119.3361006,26.1330273],[119.3325241,26.1321669],[119.3289438,26.1305703]]}},{"type":"Feature","properties":{"name":"穆阳溪","tier":2},"geometry":{"type":"LineString","coordinates":[[119.3438269,27.1795475],[119.3439267,27.179423]]}},{"type":"Feature","properties":{"name":"穆阳溪","tier":2},"geometry":{"type":"LineString","coordinates":[[119.3439267,27.179423],[119.3443188,27.1790124]]}},{"type":"Feature","properties":{"name":"金丰溪","tier":3},"geometry":{"type":"LineString","coordinates":[[116.7813686,24.5316512],[116.7789067,24.5349967],[116.7800917,24.538658],[116.7764857,24.5373292],[116.7729716,24.5346249],[116.7676392,24.5330823],[116.767486,24.528826],[116.7674145,24.5250528],[116.76578,24.5217442],[116.7643295,24.5257405],[116.7654838,24.5297832],[116.7643078,24.5302126]]}},{"type":"Feature","properties":{"name":"象溪","tier":3},"geometry":{"type":"LineString","coordinates":[[117.3104526,24.5188135],[117.3118341,24.5221162],[117.3149933,24.5237137],[117.3147353,24.5243435]]}},{"type":"Feature","properties":{"name":"霍童溪","tier":2},"geometry":{"type":"LineString","coordinates":[[119.3281345,26.8938267],[119.3285611,26.8927788]]}},{"type":"Feature","properties":{"name":"霍童溪","tier":2},"geometry":{"type":"LineString","coordinates":[[119.3023023,26.908094],[119.303584,26.9046651],[119.3089514,26.9019403],[119.3109313,26.8978783],[119.3144445,26.8939898],[119.3187361,26.8939898],[119.3247442,26.8965923],[119.3280058,26.8941428],[119.3281345,26.8938267]]}},{"type":"Feature","properties":{"name":"南溪","tier":3},"geometry":{"type":"LineString","coordinates":[[117.6491309,24.330552],[117.6496695,24.3321341]]}},{"type":"Feature","properties":{"name":"漳江","tier":2},"geometry":{"type":"LineString","coordinates":[[117.2930561,24.123499],[117.2958815,24.1198673],[117.2923012,24.115275],[117.2912809,24.1096154],[117.2881675,24.1056964],[117.2850448,24.1013457],[117.2850004,24.0954483],[117.2856144,24.0891801],[117.2845044,24.084316],[117.2918305,24.07479],[117.2904985,24.0667835],[117.2803282,24.0614262]]}},{"type":"Feature","properties":{"name":"闽江","tier":1},"geometry":{"type":"LineString","coordinates":[[119.5245636,26.0769966],[119.5418129,26.1023805],[119.5525789,26.1182209],[119.5662689,26.12874],[119.5865678,26.1329782],[119.6001291,26.1345964],[119.6164723,26.1346181],[119.6322243,26.1313819],[119.6404969,26.1282698],[119.6418563,26.1277584]]}},{"type":"Feature","properties":{"name":"闽江","tier":1},"geometry":{"type":"LineString","coordinates":[[119.5245636,26.0769966],[119.536465,26.0785772],[119.547137,26.0746574],[119.552473,26.069185],[119.5576845,26.0593818],[119.5691472,26.054077],[119.5784833,26.0531056],[119.5961666,26.0564386],[119.6218294,26.0531058],[119.6505972,26.0449427],[119.6890908,26.049333]]}},{"type":"Feature","properties":{"name":"闽江","tier":1},"geometry":{"type":"LineString","coordinates":[[119.6001291,26.1345964],[119.615215,26.1276575],[119.6285751,26.1185698],[119.6388612,26.1120172]]}},{"type":"Feature","properties":{"name":"闽江","tier":1},"geometry":{"type":"LineString","coordinates":[[119.6418563,26.1277584],[119.653699,26.1346041],[119.6602385,26.1438189],[119.6726534,26.1521711]]}},{"type":"Feature","properties":{"name":"闽江","tier":1},"geometry":{"type":"LineString","coordinates":[[119.6418563,26.1277584],[119.6505158,26.1243034],[119.6686135,26.1121067]]}},{"type":"Feature","properties":{"name":"晋安河","tier":3},"geometry":{"type":"LineString","coordinates":[[119.3179233,26.0725814],[119.3182075,26.0681021],[119.3187283,26.0641477],[119.3187389,26.063822]]}},{"type":"Feature","properties":{"name":"晋安河","tier":3},"geometry":{"type":"LineString","coordinates":[[119.3179106,26.0727699],[119.3179233,26.0725814]]}},{"type":"Feature","properties":{"name":"龙江","tier":3},"geometry":{"type":"LineString","coordinates":[[119.3712516,25.7194577],[119.3750657,25.7176909]]}},{"type":"Feature","properties":{"name":"龙江","tier":3},"geometry":{"type":"LineString","coordinates":[[119.3750657,25.7176909],[119.3751592,25.7176453]]}},{"type":"Feature","properties":{"name":"龙山溪","tier":3},"geometry":{"type":"LineString","coordinates":[[117.2965409,24.7958569],[117.2969229,24.7918075],[117.3006012,24.7914354]]}},{"type":"Feature","properties":{"name":"小蓝溪","tier":3},"geometry":{"type":"LineString","coordinates":[[118.0414326,25.0217395],[118.0453689,25.0202262]]}},{"type":"Feature","properties":{"name":"延寿溪","tier":2},"geometry":{"type":"LineString","coordinates":[[119.0379805,25.4541511],[119.0385027,25.4537359]]}},{"type":"Feature","properties":{"name":"延寿溪","tier":2},"geometry":{"type":"LineString","coordinates":[[119.0352337,25.4556898],[119.0379805,25.4541511]]}}]}